Pathway,EPS,Gene_Support,Stage_Coverage,Pathway_Coverage,Edge_Reliability,Weakest_Link,n_pw_genes,n_scored,n_supported,has_PCOS,has_Transition,has_Cancer,top_genes
Reactome: Calcitonin-like Ligand Receptors R-HSA-419812,0.8155287341956168,1.0,0.6666666666666666,1.0,0.8702094895998576,0.6241008480448931,10,10,10,False,True,True,"RAMP1, CALCRL, RAMP2, RAMP3, ADM"
Reactome: Transcriptional Regulation Of Testis Differentiation R-HSA-9690406,0.7949422532454659,1.0,0.6666666666666666,1.0,1.0,0.39137793289399514,13,13,13,False,True,True,"FOXL2, WT1, ZFPM2, WNT4, PTGDS"
Reactome: Dermatan Sulfate Biosynthesis R-HSA-2022923,0.7639995090711753,1.0,0.6666666666666666,1.0,0.6784804734659861,0.5581837385565571,11,11,11,False,True,True,"DCN, UST, DSEL, BGN, NCAN"
Reactome: Scavenging By Class A Receptors R-HSA-3000480,0.7586894618793825,1.0,0.6666666666666666,1.0,0.7246313839066513,0.4854825921569272,19,19,19,False,True,True,"COL3A1, MASP1, MSR1, COL4A2, MARCO"
Reactome: Response To Metal Ions R-HSA-5660526,0.7514271684183198,0.8571428571428571,0.3333333333333333,1.0,0.7333263182820755,1.0,14,14,12,False,False,True,"MT1F, MT1H, MT1X, MT1E, MT1M"
Reactome: Collagen Chain Trimerization R-HSA-8948216,0.7446899649955449,1.0,0.6666666666666666,1.0,0.722734592785298,0.4173818988590926,44,44,44,False,True,True,"COL3A1, COL14A1, COL6A2, COL15A1, COL4A6"
Reactome: Metallothioneins Bind Metals R-HSA-5661231,0.7432033881518754,0.8181818181818182,0.3333333333333333,1.0,0.7539786224463203,0.9771898334645714,11,11,9,False,False,True,"MT1F, MT1H, MT1X, MT1E, MT1M"
Reactome: NCAM1 Interactions R-HSA-419037,0.726149892361264,1.0,0.6666666666666666,1.0,0.6279133757593414,0.419502752713645,37,37,37,False,True,True,"COL6A2, GFRA2, CACNA1D, COL6A1, COL4A5"
Reactome: Keratan Sulfate Degradation R-HSA-2022857,0.7180508055287378,1.0,0.6666666666666666,1.0,0.7577515457207046,0.24916914858965067,12,12,12,False,True,True,"OGN, OMD, PRELP, LUM, FMOD"
Reactome: Assembly Of Collagen Fibrils And Other Multimeric Structures R-HSA-2022090,0.7063125585250384,1.0,0.6666666666666666,1.0,0.6800617230191363,0.26816773627272184,57,57,57,False,True,True,"COL3A1, COL6A2, COL15A1, COL5A1, COL6A1"
Reactome: Chondroitin Sulfate Biosynthesis R-HSA-2022870,0.69484201149812,1.0,0.6666666666666666,1.0,0.5340907856787735,0.35678593847849277,20,20,20,False,True,True,"DCN, CSGALNACT1, CHSY3, CHST13, BGN"
Reactome: RAC2 GTPase Cycle R-HSA-9013404,0.6932183615607402,1.0,1.0,0.9770114942528736,0.3463846077585302,0.13694857935551602,87,85,85,True,True,True,"MCAM, PIK3R1, CAV1, CYBB, DOCK3"
KEGG: Aldosterone-regulated sodium reabsorption,0.6850366992531762,1.0,0.6666666666666666,1.0,0.6116355002137089,0.23021466271883814,37,37,37,False,True,True,"IGF1, IRS1, ATP1A2, PIK3R1, ATP1B2"
KEGG: Taste transduction,0.6849595286129487,0.8837209302325582,1.0,1.0,0.38954353687018023,0.15153317596200497,86,86,76,True,True,True,"ADCY4, PKD2L1, CACNA1C, GABRA5, PLCB1"
Reactome: CDC42 GTPase Cycle R-HSA-9013148,0.6842507376186584,0.9863013698630136,1.0,0.9798657718120806,0.3413609528822476,0.10869203648897031,149,146,144,True,True,True,"ARHGEF15, CDC42EP5, ARHGAP20, PIK3R1, CAV1"
Reactome: Intracellular Signaling By Second Messengers R-HSA-9006925,0.6835228936883901,0.9901315789473685,1.0,0.9934640522875817,0.3484237435866093,0.08396110669228607,306,304,301,True,True,True,"IL33, SNAI2, ESR1, NRG2, AKT1"
Reactome: Collagen Formation R-HSA-1474290,0.6833085389191441,0.9885057471264368,0.6666666666666666,0.9666666666666667,0.6279867304135279,0.24171688372242253,90,87,86,False,True,True,"COL3A1, COL14A1, COL6A2, COL15A1, COL4A6"
Reactome: PIP3 Activates AKT Signaling R-HSA-1257604,0.6832006392741489,0.9887640449438202,1.0,0.996268656716418,0.34231302133717356,0.08772463755243776,268,267,264,True,True,True,"IL33, SNAI2, ESR1, NRG2, AKT1"
Reactome: MAPK Family Signaling Cascades R-HSA-5683057,0.6828842235746397,0.9841269841269841,1.0,0.9905660377358491,0.3478120814874308,0.08955752395689703,318,315,310,True,True,True,"MYC, NRG2, PDGFRB, SHC2, CDC42EP5"
Reactome: Collagen Biosynthesis And Modifying Enzymes R-HSA-1650814,0.6827398513610646,0.984375,0.6666666666666666,0.9552238805970149,0.6381314644581466,0.24144154856608235,67,64,63,False,True,True,"COL3A1, COL14A1, COL6A2, COL15A1, COL4A6"
Reactome: Beta-catenin Independent WNT Signaling R-HSA-3858494,0.6825727797428948,0.9858156028368794,1.0,0.9929577464788732,0.32667347767715876,0.10565650834128004,142,141,139,True,True,True,"MYC, WNT4, PRKG1, CAMK2A, WNT5B"
Reactome: RAC3 GTPase Cycle R-HSA-9013423,0.6825440552176611,0.978021978021978,1.0,0.978494623655914,0.3241566186866126,0.12667071163778046,93,91,89,True,True,True,"MCAM, PIK3R1, CAV1, CYBB, FERMT2"
KEGG: Hepatitis B,0.6819951674270356,0.9876543209876543,1.0,1.0,0.35656896642831143,0.06575254971921177,162,162,160,True,True,True,"MYC, AKT1, EGR3, BIRC5, SLC10A1"
Reactome: Signaling By Interleukins R-HSA-449147,0.6818546604264386,0.9821428571428571,1.0,0.9889624724061811,0.3442526901509629,0.0911559005337373,453,448,440,True,True,True,"NDN, MYC, IL33, AKT1, S1PR1"
Reactome: MAPK1/MAPK3 Signaling R-HSA-5684996,0.6808609885864476,0.9854545454545455,1.0,0.9927797833935018,0.33089776453996916,0.093367795392597,277,275,271,True,True,True,"NRG2, PDGFRB, SHC2, FYN, GFRA2"
Reactome: Presynaptic Depolarization And Calcium Channel Opening R-HSA-112308,0.6801931285475368,0.9166666666666666,0.6666666666666666,1.0,0.509395671847721,0.39156997088996287,12,12,11,False,True,True,"CACNA2D1, CACNB3, CACNB2, CACNA2D3, CACNA1E"
Reactome: RAF/MAP Kinase Cascade R-HSA-5673001,0.6801260990474786,0.9851301115241635,1.0,0.992619926199262,0.33047691159411774,0.0905585274696657,271,269,265,True,True,True,"NRG2, PDGFRB, SHC2, FYN, GFRA2"
Reactome: Cell Recruitment (Pro-Inflammatory Response) R-HSA-9664424,0.6798098360965145,1.0,0.6666666666666666,1.0,0.5032235209382661,0.31249232621097267,25,25,25,False,True,True,"C3AR1, CASP1, P2RX7, ENTPD1, CTSG"
Reactome: Depolymerisation Of Nuclear Lamina R-HSA-4419969,0.6762918126771913,1.0,1.0,1.0,0.2715414911754004,0.10991757221055622,15,15,15,True,True,True,"PRKCA, LMNB1, CCNB1, PRKCB, LPIN3"
Reactome: Inflammasomes R-HSA-622312,0.6762853109928039,1.0,0.6666666666666666,1.0,0.4651303918915316,0.33296282973915414,21,21,21,False,True,True,"CASP1, P2RX7, BCL2, NLRP3, TXNIP"
Reactome: Antigen processing-Cross Presentation R-HSA-1236975,0.6757993923788359,0.9902912621359223,1.0,0.9903846153846154,0.30325181054287526,0.09266542767691986,104,103,102,True,True,True,"VAMP8, LY96, S100A1, CTSL, CYBB"
Reactome: Synthesis Of DNA R-HSA-69239,0.6752669484267133,0.9830508474576272,1.0,0.9915966386554622,0.27020809693856856,0.12937831874577427,119,118,116,True,True,True,"CDC45, RFC4, PRIM1, UBE2C, PSMB2"
Reactome: RHOJ GTPase Cycle R-HSA-9013409,0.674935750137937,1.0,1.0,0.9814814814814815,0.3088942910617161,0.07967334851685799,54,53,53,True,True,True,"PIK3R1, CAV1, RHOJ, CDC42BPA, SYDE1"
Reactome: Mitotic G1 Phase And G1/S Transition R-HSA-453279,0.6748632685770833,1.0,1.0,0.9931972789115646,0.3034945281333356,0.07592385556840796,147,146,146,True,True,True,"MYC, ABL1, AKT1, CDC45, MYBL2"
KEGG: Spinocerebellar ataxia,0.674587641014314,0.9857142857142858,1.0,0.9790209790209791,0.30456515593074657,0.09839302916080324,143,140,138,True,True,True,"AKT1, ATXN1, AKT3, GRIN2D, GRIN2A"
Reactome: Transcriptional Regulation By RUNX2 R-HSA-8878166,0.6741095795265074,0.9829059829059829,1.0,0.9831932773109243,0.33119954313265537,0.06904741361070606,119,117,115,True,True,True,"TWIST2, ESR1, ABL1, GLI2, AKT1"
Reactome: MAPK6/MAPK4 Signaling R-HSA-5687128,0.6738140560886505,0.9772727272727273,1.0,0.9777777777777777,0.3142336184446277,0.09423060139256478,90,88,86,True,True,True,"MYC, CDC42EP5, DNAJB1, PRKCA, RNASE1"
Reactome: Diseases Of Signal Transduction By Growth Factor Receptors And Second Messengers R-HSA-5663202,0.6733134642937995,0.9855769230769231,1.0,0.9811320754716981,0.303742734602753,0.09139860718554796,424,416,410,True,True,True,"MYC, HEYL, FAM131B, ESR1, NRG2"
Reactome: Metabolism Of Amine-Derived Hormones R-HSA-209776,0.6729390626997082,1.0,0.6666666666666666,1.0,0.5318311626228087,0.24953081754239842,18,18,18,False,True,True,"DIO3, IYD, TSHB, CHGA, DDC"
KEGG: Salmonella infection,0.6725272074842158,0.9879518072289156,1.0,1.0,0.2941017975032878,0.08058243268887559,249,249,246,True,True,True,"MYC, AKT1, MYL9, AKT3, FLNC"
Reactome: Nuclear Events Mediated By NFE2L2 R-HSA-9759194,0.6724930117060357,1.0,1.0,0.9871794871794872,0.2853781084747192,0.0867023346708442,78,77,77,True,True,True,"MYC, CDKN2A, PCDHB16, TALDO1, PSMB2"
Reactome: Crosslinking Of Collagen Fibrils R-HSA-2243919,0.6721163265964344,1.0,0.6666666666666666,1.0,0.5685367215956952,0.20871157805314286,10,10,10,False,True,True,"PCOLCE, TLL1, BMP1, LOXL4, LOX"
Reactome: Diseases Associated With Glycosaminoglycan Metabolism R-HSA-3560782,0.6718018516829947,1.0,0.6666666666666666,1.0,0.537567662472446,0.2381082626091937,40,40,40,False,True,True,"OGN, DCN, OMD, SDC1, PRELP"
Reactome: RHOF GTPase Cycle R-HSA-9035034,0.6715357580461548,0.9761904761904762,1.0,1.0,0.3134685108258745,0.06801980321442351,42,42,41,True,True,True,"MCAM, PIK3R1, CAV1, SYDE1, FAM169A"
Reactome: Metabolism Of Steroids R-HSA-8957322,0.6711351055366755,0.98,1.0,0.9803921568627451,0.3201981476168789,0.0701832624194396,153,150,147,True,True,True,"CYP19A1, CYP11A1, PTGIS, CYP17A1, SLC10A1"
Reactome: PCP/CE Pathway R-HSA-4086400,0.6709745072312434,0.9770114942528736,1.0,0.9886363636363636,0.2780895779216394,0.10829419125443096,88,87,85,True,True,True,"WNT4, WNT5B, PRICKLE1, FZD4, PRKCA"
Reactome: RHO GTPase Cycle R-HSA-9012999,0.6705367934068642,0.986046511627907,1.0,0.9750566893424036,0.30240156504629506,0.08294337335331575,441,430,424,True,True,True,"ARHGEF15, CDC42EP5, MCAM, ARHGAP23, ARHGAP20"
Reactome: TNFR2 Non-Canonical NF-kB Pathway R-HSA-5668541,0.6699449948211316,0.98989898989899,1.0,0.99,0.2728469287820263,0.09447905542464188,100,99,98,True,True,True,"TNF, CD70, EDA2R, TNFRSF4, PSMB2"
Reactome: Cross-presentation Of Soluble Exogenous Antigens (Endosomes) R-HSA-1236978,0.6695940702311171,0.9787234042553191,1.0,0.9791666666666666,0.25360353096611793,0.13126841593414862,48,47,46,True,True,True,"MRC1, PSMB2, FCGR1A, MRC2, CD207"
Reactome: Hedgehog On State R-HSA-5632684,0.6695346982022826,0.9879518072289156,1.0,0.9764705882352941,0.30548284988147434,0.07188589272455266,85,83,82,True,True,True,"GAS1, GLI2, GLI1, PTCH1, GLI3"
Reactome: Disorders Of Transmembrane Transporters R-HSA-5619115,0.6693899660272091,0.976878612716763,1.0,0.9829545454545454,0.2871241368224159,0.09573117150595792,176,173,169,True,True,True,"AVPR1A, SLC40A1, SLC5A1, SLCO1B1, AVPR2"
Reactome: G1/S Transition R-HSA-69206,0.6691079880030885,1.0,1.0,0.9922480620155039,0.27640159278847054,0.07495230071534416,129,128,128,True,True,True,"MYC, AKT1, CDC45, AKT3, RRM2"
Reactome: MHC Class II Antigen Presentation R-HSA-2132295,0.6688278970643065,0.9615384615384616,1.0,1.0,0.2953259251383967,0.08727509864467421,104,104,100,True,True,True,"CTSD, PRICKLE1, CTSL, KIF26A, CTSB"
Reactome: KEAP1-NFE2L2 Pathway R-HSA-9755511,0.6683044801486148,0.9897959183673469,1.0,0.98,0.2866595278717952,0.08006695450393102,100,98,97,True,True,True,"MYC, AKT1, CDKN2A, PCDHB16, AKT3"
Reactome: Mitotic Prometaphase R-HSA-68877,0.667378892488322,0.994413407821229,1.0,0.9623655913978495,0.2824547414350123,0.08825211963698155,186,179,178,True,True,True,"BIRC5, SPC25, BUB1, SKA1, CEP41"
Reactome: Fc Epsilon Receptor (FCERI) Signaling R-HSA-2454202,0.6671024858829596,0.9922480620155039,1.0,0.9923076923076923,0.2728526939615317,0.07618090420699336,130,129,128,True,True,True,"FYN, MS4A2, PIK3R1, MAPK10, RASGRP2"
Reactome: Separation Of Sister Chromatids R-HSA-2467813,0.6670829562599416,0.9877300613496932,1.0,0.9588235294117647,0.2844298249957875,0.09413724789540401,170,163,161,True,True,True,"BIRC5, SPC25, BUB1, SKA1, ESPL1"
Reactome: Defective B3GALT6 Causes EDSP2 And SEMDJL1 R-HSA-4420332,0.666989852547331,1.0,0.6666666666666666,1.0,0.4916089406149012,0.2600069887884206,20,20,20,False,True,True,"DCN, SDC1, SDC4, GPC6, BGN"
Reactome: S Phase R-HSA-69242,0.6669224168245436,0.9874213836477987,1.0,0.9875776397515528,0.28033578788495134,0.07617168277630383,161,159,157,True,True,True,"MYC, AKT1, CDC45, RFC4, AKT3"
Reactome: ER-Phagosome Pathway R-HSA-1236974,0.66626517817182,0.9886363636363636,1.0,0.9887640449438202,0.25792659992936684,0.09318989358550435,89,88,87,True,True,True,"VAMP8, LY96, S100A1, S100A9, CD36"
Reactome: Signaling By Hedgehog R-HSA-5358351,0.6662096386260642,0.9849624060150376,1.0,0.9851851851851852,0.2882083819350984,0.0689885162912964,135,133,131,True,True,True,"GAS1, GLI2, ADCY4, GLI1, PTCH1"
Reactome: Signaling By WNT R-HSA-195721,0.6661774890618319,0.9885496183206107,1.0,0.891156462585034,0.3429699216052535,0.08100055844452002,294,262,259,True,True,True,"SFRP1, MYC, RSPO1, RSPO3, AKT1"
Reactome: PTEN Regulation R-HSA-6807070,0.6656345906561947,0.9855072463768116,1.0,0.9928057553956835,0.2597853934586342,0.08827599689876534,139,138,136,True,True,True,"SNAI2, AKT1, PTEN, AKT3, PPARG"
Reactome: Regulation Of PTEN Stability And Activity R-HSA-8948751,0.6655358977300471,0.9848484848484849,1.0,0.9850746268656716,0.2599186592759701,0.0941063743765262,67,66,65,True,True,True,"AKT1, PTEN, AKT3, NEDD4, PSMB2"
Reactome: G1/S DNA Damage Checkpoints R-HSA-69615,0.6649829278271551,0.9848484848484849,1.0,0.9850746268656716,0.2429659928836056,0.10829419125443096,67,66,65,True,True,True,"CDKN2A, PSMB2, CCNE2, PSMA8, PSMB3"
Reactome: Interleukin-1 Family Signaling R-HSA-446652,0.6648825085159157,0.9933333333333333,1.0,0.9868421052631579,0.2647131484246966,0.07623448187417979,152,150,149,True,True,True,"IL33, S100B, CASP1, NFKBIA, USP18"
Reactome: Cellular Response To Chemical Stress R-HSA-9711123,0.6647771626814577,0.9832402234636871,1.0,0.9835164835164835,0.27045772793872264,0.08255049936751661,182,179,176,True,True,True,"MYC, AKT1, CDKN2A, PCDHB16, AKT3"
Reactome: Interaction Between L1 And Ankyrins R-HSA-445095,0.6645022814762179,1.0,0.6666666666666666,1.0,0.5172930848598682,0.2218849891878877,29,29,29,False,True,True,"SCN2B, SCN7A, SCN4B, NFASC, ANK2"
Reactome: Mitotic Anaphase R-HSA-68882,0.6643722685491333,0.990990990990991,1.0,0.9568965517241379,0.26906757089749533,0.0941303670640772,232,222,220,True,True,True,"BIRC5, SPC25, BUB1, SKA1, ESPL1"
Reactome: Mitotic Metaphase And Anaphase R-HSA-2555396,0.6641295345508593,0.9910313901345291,1.0,0.9570815450643777,0.2676678759260801,0.09413724789540401,233,223,221,True,True,True,"BIRC5, SPC25, BUB1, SKA1, ESPL1"
Reactome: Hedgehog Off State R-HSA-5610787,0.6634056967199721,0.9896907216494846,1.0,0.9897959183673469,0.2645541054890168,0.07043671768584885,98,97,96,True,True,True,"GLI2, ADCY4, GLI1, PTCH1, ADCY1"
Reactome: Cell Cycle Checkpoints R-HSA-69620,0.6631327771435166,0.9877049180327869,1.0,0.9003690036900369,0.2963845543697143,0.1062976605475548,271,244,241,True,True,True,"CLSPN, CDC45, CDKN2A, BIRC5, RFC4"
Reactome: Signaling By NOTCH4 R-HSA-9013694,0.6626986464779321,1.0,1.0,0.9753086419753086,0.2418558504165709,0.09015590049160808,81,79,79,True,True,True,"AKT1, ACTA2, HEY2, PSMB2, DLL4"
Reactome: p53-Dependent G1 DNA Damage Response R-HSA-69563,0.6626254222475666,0.984375,1.0,0.9846153846153847,0.23299464687530114,0.10729592590099288,65,64,63,True,True,True,"CDKN2A, PSMB2, CCNE2, PSMA8, PSMB3"
Reactome: ABC-family Proteins Mediated Transport R-HSA-382556,0.6624697847900062,0.9801980198019802,1.0,0.9901960784313726,0.25648410778578995,0.08301973753873122,102,101,99,True,True,True,"ABCA8, ABCA9, ABCA6, ABCB1, EIF2S2"
Reactome: Golgi-to-ER Retrograde Transport R-HSA-8856688,0.6624212824506236,1.0,1.0,1.0,0.2597313252301916,0.05237508702292663,112,112,112,True,True,True,"KIF1A, KIF12, KIF21B, KIF26A, KIF18B"
Reactome: Interleukin-1 Signaling R-HSA-9020702,0.6623181999374669,0.9911504424778761,1.0,0.9912280701754386,0.25010795427313026,0.07691155030474907,114,113,112,True,True,True,"S100B, NFKBIA, USP18, MAP2K6, PSMB2"
Reactome: C-type Lectin Receptors (CLRs) R-HSA-5621481,0.6621576588650028,0.9784172661870504,1.0,0.9858156028368794,0.26659734198079216,0.07641198402951192,141,139,136,True,True,True,"FYN, CLEC7A, FCER1G, MUCL1, PPP3R1"
Reactome: Downstream Signaling Of Activated FGFR1 R-HSA-5654687,0.6619910579296584,1.0,0.6666666666666666,1.0,0.49714997362172253,0.22947198269323563,30,30,30,False,True,True,"PIK3R1, FGF1, FGF17, FLRT1, FGF13"
Reactome: Role Of GTSE1 In G2/M Progression After G2 Checkpoint R-HSA-8852276,0.6614606208448693,0.9827586206896551,1.0,0.9830508474576272,0.22796389133360198,0.10929245660786904,59,58,57,True,True,True,"CCNB2, PSMB2, PSMA8, PSMB3, PLK1"
Reactome: CD28 Dependent PI3K/Akt Signaling R-HSA-389357,0.6611939138222449,1.0,0.6666666666666666,1.0,0.5170618297025474,0.20557440607534355,23,23,23,False,True,True,"AKT1, FYN, AKT3, PIK3R1, CD86"
Reactome: Phase 0 - Rapid Depolarisation R-HSA-5576892,0.660936117223603,1.0,0.6666666666666666,1.0,0.5361052738896124,0.18524197889506905,32,32,32,False,True,True,"SCN2B, SCN7A, SCN4B, CAMK2A, CACNA1C"
Reactome: Defective B3GAT3 Causes JDSSDHD R-HSA-3560801,0.6609260085170536,1.0,0.6666666666666666,1.0,0.483188446642741,0.2381082626091937,20,20,20,False,True,True,"DCN, SDC1, SDC4, GPC6, BGN"
Reactome: Regulation Of Ornithine Decarboxylase (ODC) R-HSA-350562,0.6605701980525895,0.9795918367346939,1.0,0.98,0.23539527020313813,0.10286388332511562,50,49,48,True,True,True,"PSMB2, SLC25A21, PSMA8, OAZ3, NQO1"
KEGG: Prion disease,0.6604990711210794,0.9612403100775194,1.0,0.945054945054945,0.2975802387517445,0.08488359798492388,273,258,248,True,True,True,"C7, COX7A1, RYR3, FYN, CACNA1D"
Reactome: Nuclear Envelope Breakdown R-HSA-2980766,0.6603987469718355,1.0,1.0,0.9622641509433962,0.2343445913873728,0.09595103026425801,53,51,51,True,True,True,"CCNB2, PRKCA, NUP37, NUP155, NEK9"
Reactome: Activation Of APC/C And APC/C:Cdc20 Mediated Degradation Of Mitotic Proteins R-HSA-176814,0.6603629874108318,0.9733333333333334,1.0,0.9868421052631579,0.24120910348574015,0.09714092128771704,76,75,73,True,True,True,"NEK2, UBE2C, PTTG1, PSMB2, CDC20"
"Reactome: Defective B4GALT7 Causes EDS, Progeroid Type R-HSA-3560783",0.6603350007289187,1.0,0.6666666666666666,1.0,0.48023340770206663,0.2381082626091937,20,20,20,False,True,True,"DCN, SDC1, SDC4, GPC6, BGN"
KEGG: Proteasome,0.6601531610364895,0.9777777777777777,1.0,0.9782608695652174,0.2180122614512453,0.12128011377951109,46,45,44,True,True,True,"PSMB2, PSMA8, IFNG, PSMB3, PSMC4"
Reactome: AURKA Activation By TPX2 R-HSA-8854518,0.6600321799700332,1.0,1.0,0.9861111111111112,0.22204713432614276,0.0885304321906899,72,71,71,True,True,True,"CEP41, NEK2, TPX2, PRKCA, AURKA"
Reactome: Transcriptional Regulation By RUNX3 R-HSA-8878159,0.6593203933139011,1.0,1.0,0.968421052631579,0.22655248376741113,0.09373369332841051,95,92,92,True,True,True,"MYC, CDKN2A, YAP1, PSMB2, MAML3"
Reactome: APC/C:Cdc20 Mediated Degradation Of Mitotic Proteins R-HSA-176409,0.6590575246213906,0.972972972972973,1.0,0.9866666666666667,0.23631832125374208,0.0959963288802373,75,74,72,True,True,True,"NEK2, UBE2C, PTTG1, PSMB2, CDC20"
Reactome: Cyclin E Associated Events During G1/S Transition R-HSA-69202,0.6589879401651925,1.0,1.0,0.9878048780487805,0.24010254356192368,0.06398349872745324,82,81,81,True,True,True,"MYC, AKT1, AKT3, E2F1, CKS1B"
Reactome: APC/C:Cdh1 Mediated Degradation Of Cdc20 And APC/C:Cdh1 Targets In Late Mitosis/Early G1 R-HSA-174178,0.6588952506613678,0.9722222222222222,1.0,0.9863013698630136,0.23780049423063776,0.09472750945671901,73,72,70,True,True,True,"UBE2C, PTTG1, PSMB2, AURKB, AURKA"
Reactome: Elevation Of Cytosolic Ca2+ Levels R-HSA-139853,0.6588319642368408,1.0,0.6666666666666666,1.0,0.49948182143027126,0.21134466642059882,15,15,15,False,True,True,"P2RX1, TRPC6, P2RX7, ITPR1, P2RX2"
Reactome: APC/C-mediated Degradation Of Cell Cycle Proteins R-HSA-174143,0.6587666205199811,0.9767441860465116,1.0,0.9885057471264368,0.24418762026886853,0.08152198593969842,87,86,84,True,True,True,"NEK2, UBE2C, PTTG1, PSMB2, AURKB"
Reactome: Signaling By B Cell Receptor (BCR) R-HSA-983705,0.6586768692794838,0.9814814814814815,1.0,0.9908256880733946,0.23820116617201573,0.08058243268887559,109,108,106,True,True,True,"FYN, PIK3R1, TRPC1, PPP3R1, NFKBIA"
Reactome: Negative Regulation Of TCF-dependent Signaling By WNT Ligand Antagonists R-HSA-3772470,0.6585678173911849,1.0,0.6666666666666666,1.0,0.6207341994489228,0.08877155417366801,15,15,15,False,True,True,"SFRP1, WNT4, WNT9A, KREMEN2, WNT5A"
Reactome: FGFRL1 Modulation Of FGFR1 Signaling R-HSA-5658623,0.6583480316028103,1.0,0.3333333333333333,1.0,0.573407540070519,0.5516659512768654,13,13,13,False,False,True,"FGF17, FGF13, FGF10, FGF8, FGFRL1"
Reactome: Negative Regulation Of NOTCH4 Signaling R-HSA-9604323,0.6582124275690682,1.0,1.0,0.9811320754716981,0.21147938791315682,0.09373369332841051,53,52,52,True,True,True,"AKT1, PSMB2, NOTCH4, PSMB3, TACC3"
Reactome: Metabolism Of Polyamines R-HSA-351202,0.6580550757349249,0.9649122807017544,1.0,0.9827586206896551,0.23886402635295245,0.09943010610267648,58,57,55,True,True,True,"AGMAT, PSMB2, SLC25A21, PSMA8, OAZ3"
Reactome: Degradation Of AXIN R-HSA-4641257,0.6580087002346712,0.9811320754716981,1.0,0.9814814814814815,0.21600352136627293,0.10679679322427384,54,53,52,True,True,True,"PSMB2, AXIN2, TNKS, PSMA8, PSMB3"
Reactome: Cellular Response To Hypoxia R-HSA-1234174,0.6574350280556923,0.9857142857142858,1.0,0.958904109589041,0.22827429663979937,0.10400847573259535,73,70,69,True,True,True,"CA9, CITED2, PSMB2, VEGFA, EPX"
Reactome: Anchoring Of Basal Body To Plasma Membrane R-HSA-5620912,0.656950219200416,1.0,1.0,0.979381443298969,0.20944185505527718,0.09077315847257553,97,95,95,True,True,True,"CEP41, NEK2, PRKCA, KIF24, AHI1"
Reactome: Orc1 Removal From Chromatin R-HSA-68949,0.6568857993100476,0.9852941176470589,1.0,0.9855072463768116,0.2082851532029352,0.10171929091763593,69,68,67,True,True,True,"PSMB2, CDC6, PSMA8, PSMB3, MCM4"
Reactome: Switching Of Origins To A Post-Replicative State R-HSA-69052,0.6568494012744968,0.9775280898876404,1.0,0.9888888888888889,0.22069742140957363,0.09435482840860332,90,89,87,True,True,True,"UBE2C, PSMB2, CDC6, ANAPC11, ANAPC4"
Reactome: Neddylation R-HSA-8951664,0.6567828003058755,0.9828326180257511,1.0,0.9831223628691983,0.23165961094448467,0.08208000040724309,237,233,229,True,True,True,"CCNF, BIRC5, ZBTB16, FBXL22, FBXL7"
Reactome: Phospholipase C-mediated Cascade; FGFR3 R-HSA-5654227,0.6566624654201659,1.0,0.3333333333333333,1.0,0.6321438150361959,0.48450184539796715,13,13,13,False,False,True,"FGF1, FGF16, FGF17, FGF13, PLCG1"
Reactome: Cyclin A:Cdk2-associated Events At S Phase Entry R-HSA-69656,0.6565688636393955,1.0,1.0,0.9880952380952381,0.23321418412858394,0.05855870549696515,84,83,83,True,True,True,"MYC, AKT1, AKT3, E2F1, CKS1B"
Reactome: Stabilization Of P53 R-HSA-69541,0.6565349857857306,0.9818181818181818,1.0,0.9821428571428571,0.21596409055813146,0.09828551369519675,56,55,54,True,True,True,"CDKN2A, PSMB2, PSMA8, PSMB3, PSMC4"
Reactome: Signaling By SCF-KIT R-HSA-1433557,0.6564626021312202,1.0,0.6666666666666666,1.0,0.47648410373097017,0.22249557359179734,42,42,42,False,True,True,"FYN, GRAP, PIK3R1, GRB7, GRB10"
Reactome: Degradation Of GLI2 By Proteasome R-HSA-5610783,0.6564506740609122,0.9827586206896551,1.0,0.9830508474576272,0.22550427935084114,0.0867023346708442,59,58,57,True,True,True,"GLI2, PRKCA, PSMB2, PRKACB, PRKACG"
Reactome: Asymmetric Localization Of PCP Proteins R-HSA-4608870,0.6563194381886512,0.9672131147540983,1.0,0.9838709677419355,0.2250369834752098,0.10144386690749638,62,61,59,True,True,True,"PRICKLE1, FZD4, PSMB2, WNT5A, FZD2"
KEGG: Pathways of neurodegeneration,0.6561683611105109,0.9671052631578947,1.0,0.96,0.2779176805710949,0.06581886182356476,475,456,441,True,True,True,"NEFM, WNT4, COX7A1, RYR3, WNT9A"
Reactome: APC:Cdc20 Mediated Degradation Of Cell Cycle Proteins Before Cycle Checkpoint Satisfied R-HSA-179419,0.656150336808348,0.9722222222222222,1.0,0.9863013698630136,0.22407592496553874,0.09472750945671901,73,72,70,True,True,True,"NEK2, UBE2C, PSMB2, CDC20, ANAPC11"
Reactome: Regulation Of PLK1 Activity At G2/M Transition R-HSA-2565942,0.6558264366243726,1.0,1.0,0.9885057471264368,0.21379617859128014,0.073956694185755,87,86,86,True,True,True,"PPP1R12B, CEP41, NEK2, CCNB2, PRKCA"
Reactome: Plasma Lipoprotein Assembly R-HSA-8963898,0.6558095776339465,1.0,0.6666666666666666,1.0,0.5146895038466345,0.1810250509897646,16,16,16,False,True,True,"APOC1, PRKCA, BMP1, PRKACB, APOB"
Reactome: Activation Of AP-1 Family Of Transcription Factors R-HSA-450341,0.6556547205510429,1.0,0.6666666666666666,1.0,0.4305219412246698,0.2644183281972113,10,10,10,False,True,True,"MAPK10, MAPK11, GDNF, JUN, FOS"
Reactome: GLI3 Is Processed To GLI3R By Proteasome R-HSA-5610785,0.6552785556631157,0.9827586206896551,1.0,0.9830508474576272,0.21964368736185855,0.0867023346708442,59,58,57,True,True,True,"GLI3, PRKCA, PSMB2, PRKACB, PRKACG"
Reactome: Nuclear Envelope (NE) Reassembly R-HSA-2995410,0.6551462138818608,1.0,1.0,0.96,0.2174817741405949,0.08824929526870944,75,72,72,True,True,True,"CCNB2, UBE2I, NUP37, NUP155, TUBA8"
Reactome: Class I MHC Mediated Antigen Processing And Presentation R-HSA-983169,0.6550781175051389,0.9838709677419355,1.0,0.9841269841269841,0.23296110067371814,0.07046328101480331,378,372,366,True,True,True,"CCNF, VAMP8, ZBTB16, FBXL22, FBXL7"
Reactome: TCF Dependent Signaling In Response To WNT R-HSA-201681,0.6548899666384866,0.9820359281437125,1.0,0.8434343434343434,0.3245350406501665,0.08530310682279736,198,167,164,True,True,True,"SFRP1, MYC, RSPO1, RSPO3, AKT1"
Reactome: Degradation Of Extracellular Matrix R-HSA-1474228,0.654762796751023,0.9908256880733946,0.6666666666666666,1.0,0.5146751142149992,0.1849798481333878,109,109,108,False,True,True,"NID1, DCN, COL14A1, COL15A1, MMP12"
Reactome: APC/C:Cdc20 Mediated Degradation Of Securin R-HSA-174154,0.6546276670616807,0.9696969696969697,1.0,0.9850746268656716,0.21634988176698333,0.09828551369519675,67,66,64,True,True,True,"UBE2C, PTTG1, PSMB2, CDC20, ANAPC11"
Reactome: Ubiquitin Mediated Degradation Of Phosphorylated Cdc25A R-HSA-69601,0.6545771408235137,0.98,1.0,0.9803921568627451,0.20358311073791427,0.10400847573259535,51,50,49,True,True,True,"PSMB2, PSMA8, PSMB3, CHEK1, PSMC4"
Reactome: Degradation Of Beta-Catenin By Destruction Complex R-HSA-195253,0.6545346624291408,0.9878048780487805,1.0,0.9761904761904762,0.2263839397455142,0.07634163720855261,84,82,81,True,True,True,"MYC, PSMB2, TLE4, AXIN2, PROC"
Reactome: Loss Of Nlp From Mitotic Centrosomes R-HSA-380259,0.6544574197005656,1.0,1.0,0.9855072463768116,0.1955915453468864,0.0875651183733329,69,68,68,True,True,True,"CEP41, NEK2, PRKCA, CEP72, PLK1"
KEGG: Type II diabetes mellitus,0.6543964900127927,0.9782608695652174,0.6666666666666666,1.0,0.5326406349523795,0.17774761221303342,46,46,45,False,True,True,"IRS1, HK3, CACNA1D, TNF, PIK3R1"
Reactome: Autodegradation Of E3 Ubiquitin Ligase COP1 R-HSA-349425,0.6542556637043943,0.98,1.0,0.9803921568627451,0.20197572514231732,0.10400847573259535,51,50,49,True,True,True,"PSMB2, PSMA8, PSMB3, PSMC4, CARD16"
"Reactome: Adrenaline,noradrenaline Inhibits Insulin Secretion R-HSA-400042",0.6541012201799755,1.0,0.6666666666666666,1.0,0.5009376785377346,0.1862350890288097,28,28,28,False,True,True,"ADRA2C, CACNA1D, CACNA1C, GNG7, GNAI1"
Reactome: Transcriptional Regulation By RUNX1 R-HSA-8878171,0.6538974695593566,0.9885057471264368,1.0,0.8529411764705882,0.30410244011129445,0.08717327820611015,204,174,172,True,True,True,"RSPO3, ESR1, ABL1, LDB2, MYL9"
Reactome: Cdc20:Phospho-APC/C Mediated Degradation Of Cyclin A R-HSA-174184,0.6537113564380252,0.971830985915493,1.0,0.9861111111111112,0.2125391805006194,0.09460328244068045,72,71,69,True,True,True,"UBE2C, PSMB2, CDC20, ANAPC11, ANAPC4"
KEGG: Melanoma,0.6535063519049215,1.0,0.6666666666666666,1.0,0.5169233633447975,0.1672750628464762,72,72,72,False,True,True,"IGF1, AKT1, PDGFRB, PTEN, CDKN2A"
Reactome: SCF(Skp2)-mediated Degradation Of P27/P21 R-HSA-187577,0.6533966811601839,1.0,1.0,0.9830508474576272,0.19126615262647295,0.08842911758122617,59,58,58,True,True,True,"CKS1B, PSMB2, CCNE2, PSMB3, PSMC4"
Reactome: Intra-Golgi And Retrograde Golgi-to-ER Traffic R-HSA-6811442,0.6533800354813525,0.9833333333333333,1.0,0.994475138121547,0.24371477157429225,0.04399571890797629,181,180,177,True,True,True,"KIF1A, RAB30, KIF12, KIF21B, MAN1C1"
Reactome: CDK-mediated Phosphorylation And Removal Of Cdc6 R-HSA-69017,0.6533747180109893,0.971830985915493,1.0,0.9861111111111112,0.21085598836543995,0.09460328244068045,72,71,69,True,True,True,"UBE2C, PSMB2, CDC6, ANAPC11, ANAPC4"
KEGG: Amoebiasis,0.653320194184657,1.0,0.6666666666666666,1.0,0.5217131529858925,0.16155448460405875,102,102,102,False,True,True,"COL3A1, COL4A6, COL4A5, TNF, PIK3R1"
Reactome: COPI-independent Golgi-to-ER Retrograde Traffic R-HSA-6811436,0.6533145008901214,1.0,1.0,1.0,0.19726799819888588,0.06930450625172127,34,34,34,True,True,True,"BICD1, DYNC1I1, CAPZA3, DCTN2, DCTN6"
Reactome: Keratan Sulfate Biosynthesis R-HSA-2022854,0.6532631065395291,1.0,0.6666666666666666,0.9642857142857143,0.5693689575698118,0.1403989560802151,28,27,27,False,True,True,"OGN, OMD, CHST1, PRELP, B3GNT3"
Reactome: Chemokine Receptors Bind Chemokines R-HSA-380108,0.6531422920334794,0.9642857142857143,0.6666666666666666,1.0,0.4628526620102956,0.25523975053805403,56,56,54,False,True,True,"CCL21, CXCL12, CCL2, CCL20, CXCL5"
Reactome: Interleukin-2 Signaling R-HSA-9020558,0.6530320797090798,1.0,0.6666666666666666,1.0,0.399915967416819,0.28191109779524687,12,12,12,False,True,True,"IL2RB, IL2RA, PTK2B, IL2, STAT5B"
Reactome: Programmed Cell Death R-HSA-5357801,0.6529736662656012,0.9898477157360406,1.0,0.9471153846153846,0.2624865875049263,0.052197489625499964,208,197,195,True,True,True,"CLSPN, AKT1, CDKN2A, TJP1, AKT3"
KEGG: Alzheimer disease,0.6528842463442798,0.9630681818181818,1.0,0.9539295392953929,0.2736664112154965,0.062239484216175825,369,352,339,True,True,True,"AKT1, WNT4, COX7A1, RYR3, IRS1"
Reactome: FGFR3 Mutant Receptor Activation R-HSA-2033514,0.6527439973265615,1.0,0.3333333333333333,1.0,0.6238208366957947,0.47323248327034606,12,12,12,False,False,True,"FGF1, FGF16, FGF17, FGF13, FGF8"
Reactome: Regulation Of RUNX2 Expression And Activity R-HSA-8939902,0.6526707723290309,0.9859154929577465,1.0,0.9861111111111112,0.2256475106008888,0.062207524753186284,72,71,70,True,True,True,"ESR1, TWIST1, PSMB2, DLX6, DLX5"
Reactome: FBXL7 Down-Regulates AURKA During Mitotic Entry And In Early Mitosis R-HSA-8854050,0.6525632011171589,0.9811320754716981,1.0,0.9814814814814815,0.2018391256745748,0.09373369332841051,54,53,52,True,True,True,"FBXL7, PSMB2, AURKA, PSMA8, PSMB3"
Reactome: Degradation Of GLI1 By Proteasome R-HSA-5610780,0.6525465875906732,0.9827586206896551,1.0,0.9830508474576272,0.218127231713198,0.07455894995729208,59,58,57,True,True,True,"GLI1, PRKCA, PSMB2, PRKACB, PRKACG"
Reactome: Regulation Of RUNX3 Expression And Activity R-HSA-8941858,0.6524509907895495,1.0,1.0,0.9814814814814815,0.18228592249218728,0.09385792034444908,54,53,53,True,True,True,"CDKN2A, PSMB2, PSMB3, RUNX3, PSMC4"
Reactome: TCR Signaling R-HSA-202403,0.6522575779925528,0.956140350877193,1.0,0.9827586206896551,0.24162438144624185,0.0764541921220875,116,114,109,True,True,True,"PTEN, PIK3R1, EVL, CD247, NFKBIA"
Reactome: ABC Transporter Disorders R-HSA-5619084,0.6522429527840753,0.9736842105263158,1.0,0.987012987012987,0.21085076962648988,0.08642004350782997,77,76,74,True,True,True,"PSMB2, RNF5, ABCC2, PSMA8, PSMB3"
Reactome: Signaling By NOTCH R-HSA-157118,0.6518781820670797,1.0,1.0,0.8472906403940886,0.2971367677354211,0.07678616230441139,203,172,172,True,True,True,"MYC, HEYL, AKT1, ACTA2, E2F1"
Reactome: Binding And Uptake Of Ligands By Scavenger Receptors R-HSA-2173782,0.6518503664712144,0.975,0.6666666666666666,0.975609756097561,0.5904946622499432,0.12871651969962464,41,40,39,False,True,True,"COL3A1, MASP1, STAB2, MSR1, CD163"
Reactome: Host Interactions Of HIV Factors R-HSA-162909,0.651559051135454,0.992,1.0,0.9615384615384616,0.21789018328249113,0.07675122624093249,130,125,124,True,True,True,"FYN, HMGA1, CD247, RNASE1, PSMB2"
Reactome: Phospholipase C-mediated Cascade; FGFR2 R-HSA-5654221,0.6515292181801948,1.0,0.3333333333333333,1.0,0.6349656721430765,0.45601375209123135,18,18,18,False,False,True,"FGF1, FGF16, FGF17, FGF13, FGF7"
Reactome: ADORA2B Mediated Anti-Inflammatory Cytokine Production R-HSA-9660821,0.6513648944703715,0.9846153846153847,0.6666666666666666,0.9923664122137404,0.5059141374933964,0.18868680774943802,131,130,128,False,True,True,"PTH1R, RAMP1, CALCRL, ADCY4, RAMP2"
Reactome: Extracellular Matrix Organization R-HSA-1474244,0.6512798598369457,0.9930555555555556,0.6666666666666666,0.9896907216494846,0.5356338325812339,0.15210853647749212,291,288,286,False,True,True,"NID1, LTBP4, ASPN, DCN, COL3A1"
Reactome: Hedgehog Ligand Biogenesis R-HSA-5358346,0.6511879015704644,0.9682539682539683,1.0,0.984375,0.20455255312559592,0.09485173647275758,64,63,61,True,True,True,"PSMB2, SCUBE2, IHH, NOTUM, PSMA8"
Reactome: Tryptophan Catabolism R-HSA-71240,0.6510970738245138,1.0,0.3333333333333333,0.8571428571428571,0.6530460259113373,0.542915533687422,14,12,12,False,False,True,"HAAO, AADAT, IDO1, TDO2, SLC3A2"
Reactome: Dectin-1 Mediated Noncanonical NF-kB Signaling R-HSA-5607761,0.6508189038598355,0.9833333333333333,1.0,0.9836065573770492,0.1920137898045097,0.09104247812854749,61,60,59,True,True,True,"PSMB2, CCL22, RELB, PSMA8, PSMB3"
Reactome: Autodegradation Of Cdh1 By Cdh1:APC/C R-HSA-174084,0.6504463246039537,0.9838709677419355,1.0,0.9841269841269841,0.18665595087022327,0.09360946631237195,63,62,61,True,True,True,"UBE2C, PSMB2, ANAPC11, ANAPC4, PSMB3"
Reactome: Activation Of NF-kappaB In B Cells R-HSA-1169091,0.650435057154787,0.9846153846153847,1.0,0.9848484848484849,0.1942985298532002,0.08462500766898635,66,65,64,True,True,True,"NFKBIA, PSMB2, NFKBIE, PSMA8, PSMB3"
Reactome: Degradation Of DVL R-HSA-4641258,0.6504153300335012,0.9814814814814815,1.0,0.9818181818181818,0.1877317632409451,0.09649976908144228,55,54,53,True,True,True,"DACT1, PSMB2, PSMA8, PSMB3, PSMC4"
Reactome: G2/M Checkpoints R-HSA-69481,0.6503996355807588,0.9841269841269841,1.0,0.8513513513513513,0.2675843364101149,0.11177334385318162,148,126,124,True,True,True,"CLSPN, CDC45, RFC4, CCNB2, EXO1"
Reactome: NLRP3 Inflammasome R-HSA-844456,0.6503678251076495,1.0,0.6666666666666666,1.0,0.4215969741279665,0.24690881807694728,16,16,16,False,True,True,"CASP1, P2RX7, NLRP3, TXNIP, HMOX1"
Reactome: Mitotic G2-G2/M Phases R-HSA-453274,0.65030018172645,0.978021978021978,1.0,0.9891304347826086,0.21616326035792624,0.0654678441653893,184,182,178,True,True,True,"MYBL2, PPP1R12B, FBXL7, E2F1, CEP41"
Reactome: NCAM Signaling For Neurite Out-Growth R-HSA-375165,0.6502899451952655,1.0,0.6666666666666666,1.0,0.4872738064087768,0.18084258623421742,57,57,57,False,True,True,"COL6A2, FYN, GFRA2, CACNA1D, COL6A1"
Reactome: Regulation Of Activated PAK-2p34 By Proteasome Mediated Degradation R-HSA-211733,0.6502028489973415,0.9791666666666666,1.0,0.9795918367346939,0.18543440985138465,0.10171929091763593,49,48,47,True,True,True,"PSMB2, PSMA8, PSMB3, PSMC4, PSMD8"
Reactome: CLEC7A (Dectin-1) Signaling R-HSA-5607764,0.65004277606731,0.9795918367346939,1.0,0.98989898989899,0.20212405230499297,0.07607374887262056,99,98,96,True,True,True,"CLEC7A, PPP3R1, NFKBIA, PSMB2, IL1B"
Reactome: Activated Point Mutants Of FGFR2 R-HSA-2033519,0.6499907831887863,1.0,0.3333333333333333,1.0,0.6292566202031982,0.45403062907406677,17,17,17,False,False,True,"FGF1, FGF16, FGF17, FGF13, FGF7"
Reactome: Apoptosis R-HSA-109581,0.6499478617976723,0.9880952380952381,1.0,0.9438202247191011,0.25844313035614713,0.045335771997650424,178,168,166,True,True,True,"CLSPN, AKT1, CDKN2A, TJP1, AKT3"
Reactome: Oxygen-dependent Proline Hydroxylation Of Hypoxia-inducible Factor Alpha R-HSA-1234176,0.6499118149699585,0.9836065573770492,1.0,0.953125,0.19595569933266813,0.10515306814007508,64,61,60,True,True,True,"PSMB2, PSMA8, EGLN3, PSMB3, EPAS1"
Reactome: Regulation Of Apoptosis R-HSA-169911,0.6498675870269925,0.9803921568627451,1.0,0.9807692307692307,0.17821578705521973,0.10515306814007508,52,51,50,True,True,True,"PSMB2, PSMA8, PSMB3, PSMC4, PSMD8"
Reactome: Vpu Mediated Degradation Of CD4 R-HSA-180534,0.6493682061657013,0.98,1.0,0.9803921568627451,0.18694363074076764,0.09460328244068045,51,50,49,True,True,True,"PSMB2, PSMA8, PSMB3, PSMC4, PSMD8"
Reactome: Signaling By Type 1 Insulin-like Growth Factor 1 Receptor (IGF1R) R-HSA-2404192,0.6493558071326052,1.0,0.6666666666666666,1.0,0.5222680102574461,0.14117769207224634,53,53,53,False,True,True,"IGF1, FLT3LG, IRS1, PIK3R1, FGF1"
Reactome: G2/M Transition R-HSA-69275,0.6492450476362008,0.9777777777777777,1.0,0.989010989010989,0.21146095639960102,0.06522826224538335,182,180,176,True,True,True,"MYBL2, PPP1R12B, FBXL7, CEP41, NEK2"
Reactome: Killing Mechanisms R-HSA-9664420,0.6490332399367061,1.0,0.6666666666666666,1.0,0.3609990203273264,0.3008338460228705,11,11,11,False,True,True,"RNASE1, WNT5A, JUN, NOXO1, NOXA1"
Reactome: FCERI Mediated NF-kB Activation R-HSA-2871837,0.6489123472707198,0.987012987012987,1.0,0.9871794871794872,0.19226443676008256,0.07489969719591402,78,77,76,True,True,True,"RASGRP2, NFKBIA, PSMB2, RASGRP4, PDPK1"
Reactome: Metabolism Of Amino Acids And Derivatives R-HSA-71291,0.6488923783903346,0.9596541786743515,1.0,0.9532967032967034,0.24547934197429724,0.07435584383049676,364,347,333,True,True,True,"CDO1, RIMKLA, DIO3, HAAO, CKMT2"
Reactome: G Alpha (S) Signaling Events R-HSA-418555,0.6488487514124759,0.9866666666666667,0.6666666666666666,0.9803921568627451,0.5146244513707976,0.17432518804452285,153,150,148,False,True,True,"PTH1R, RAMP1, PDE10A, CALCRL, ADCY4"
Reactome: IRS-related Events Triggered By IGF1R R-HSA-2428928,0.6488313549989421,1.0,0.6666666666666666,1.0,0.5210130802262203,0.13981036143515668,51,51,51,False,True,True,"IGF1, FLT3LG, IRS1, PIK3R1, FGF1"
Reactome: Regulation Of RAS By GAPs R-HSA-5658442,0.6485855276932833,0.984375,1.0,0.9846153846153847,0.1766749704283262,0.093416129576552,65,64,63,True,True,True,"PSMB2, PSMA8, PSMB3, RASAL1, PSMC4"
Reactome: Regulation Of APC/C Activators Between G1/S And Early Anaphase R-HSA-176408,0.6485301376877328,0.9746835443037974,1.0,0.9875,0.20594376231875372,0.07139838181611287,80,79,77,True,True,True,"UBE2C, PSMB2, CDC20, ANAPC11, ANAPC4"
Reactome: Defective CFTR Causes Cystic Fibrosis R-HSA-5678895,0.6484565129883832,0.9830508474576272,1.0,0.9833333333333333,0.18120343237386363,0.09052828511042539,60,59,58,True,True,True,"PSMB2, RNF5, PSMA8, PSMB3, CFTR"
Reactome: Antigen Processing: Ubiquitination And Proteasome Degradation R-HSA-983168,0.6484003541033148,0.9800664451827242,1.0,0.9804560260586319,0.20779853211395347,0.06879477367592182,307,301,295,True,True,True,"CCNF, ZBTB16, FBXL22, FBXL7, RNF144B"
Reactome: Downstream TCR Signaling R-HSA-202424,0.6481904893344054,0.946236559139785,1.0,0.9893617021276596,0.2265137067295037,0.07618090420699336,94,93,88,True,True,True,"PTEN, PIK3R1, CD247, NFKBIA, PIK3CA"
Reactome: TFAP2 (AP-2) Family Regulates Transcription Of Growth Factors And Their Receptors R-HSA-8866910,0.6481446312909513,1.0,0.3333333333333333,0.9230769230769231,0.6813669873307794,0.4503818101496182,13,12,12,False,False,True,"ESR1, CHGA, ERBB2, TFAP2A, KIT"
Reactome: Gamma-carboxylation Of Protein Precursors R-HSA-159740,0.6480033706636305,1.0,0.6666666666666666,1.0,0.5893069329381996,0.06737658704661914,10,10,10,False,True,True,"F7, PROS1, FAM110A, GAS6, PROC"
KEGG: ECM-receptor interaction,0.6478663059076509,0.9886363636363636,0.6666666666666666,1.0,0.5614976384843005,0.10586419408425707,88,88,87,False,True,True,"SPP1, COL6A2, COL4A6, ITGA8, VWF"
Reactome: NIK To Noncanonical NF-kB Signaling R-HSA-5676590,0.6478575808239057,0.9824561403508771,1.0,0.9827586206896551,0.18257080239859957,0.08719199585281082,58,57,56,True,True,True,"PSMB2, RELB, PSMA8, PSMB3, PSMC4"
Reactome: Recruitment Of NuMA To Mitotic Centrosomes R-HSA-380320,0.6478346163330997,0.9873417721518988,1.0,0.9875,0.18001588053839604,0.08119042897520382,80,79,78,True,True,True,"CEP41, NEK2, PRKCA, CEP72, PLK1"
Reactome: IGF1R Signaling Cascade R-HSA-2428924,0.6478163768894605,1.0,0.6666666666666666,1.0,0.5152545243602676,0.1404940267537015,52,52,52,False,True,True,"IGF1, FLT3LG, IRS1, PIK3R1, FGF1"
Reactome: Downstream Signaling Events Of B Cell Receptor (BCR) R-HSA-1168372,0.6477087656564249,0.9743589743589743,1.0,0.9873417721518988,0.19309609212035075,0.08058243268887559,79,78,76,True,True,True,"PPP3R1, NFKBIA, PSMB2, NFKBIE, PSMA8"
Reactome: Chondroitin Sulfate/Dermatan Sulfate Metabolism R-HSA-1793185,0.6476813271524018,1.0,0.6666666666666666,1.0,0.45220863891354757,0.20286466351512739,50,50,50,False,True,True,"DCN, UST, SDC1, XYLT1, CSGALNACT1"
Reactome: Elastic Fibre Formation R-HSA-1566948,0.647190966055227,1.0,0.6666666666666666,1.0,0.5671993982849804,0.08542209865782101,39,39,39,False,True,True,"LTBP4, MFAP4, ITGA8, EFEMP1, ITGB3"
Reactome: CS/DS Degradation R-HSA-2024101,0.6471276989618058,1.0,0.6666666666666666,1.0,0.4375253271150314,0.2147798343606637,14,14,14,False,True,True,"DCN, HYAL3, BGN, NCAN, CSPG5"
Reactome: Hh Mutants Abrogate Ligand Secretion R-HSA-5387390,0.6470753462098197,0.9649122807017544,1.0,0.9827586206896551,0.18396537872742563,0.09943010610267648,58,57,55,True,True,True,"PSMB2, IHH, PSMA8, PSMB3, PSMC4"
Reactome: Cilium Assembly R-HSA-5617833,0.6461119824051728,0.994413407821229,1.0,0.9623655913978495,0.19742296967197248,0.06694934098427482,186,179,178,True,True,True,"CEP41, DYNLRB2, RHO, NEK2, PRKCA"
Reactome: M Phase R-HSA-68886,0.6460764985126012,0.9910979228486647,1.0,0.8868421052631579,0.23953064358787396,0.08462234717909843,380,337,334,True,True,True,"BIRC5, SPC25, BUB1, SKA1, CEP41"
KEGG: Huntington disease,0.6460443254534851,0.9620689655172414,1.0,0.9477124183006536,0.23641842762234452,0.07094992040234895,306,290,279,True,True,True,"COX7A1, HAP1, GRIA2, CREB3L1, MAPK10"
Reactome: Signaling By BMP R-HSA-201451,0.6459997317443769,1.0,0.6666666666666666,1.0,0.45610244103887027,0.19056288434968044,27,27,27,False,True,True,"CHRDL1, ACVRL1, GREM2, BMPR1B, SMAD9"
Reactome: Gap Junction Trafficking R-HSA-190828,0.6459421168454744,0.96,0.6666666666666666,1.0,0.4567305135207083,0.22964673737333044,25,25,24,False,True,True,"GJC2, GJA4, GJB1, GJD2, GJB4"
Reactome: Transport To Golgi And Subsequent Modification R-HSA-948021,0.645786913978855,0.9938650306748467,1.0,0.9939024390243902,0.20922432271624697,0.030418387234888492,164,163,162,True,True,True,"MGAT4C, CTSZ, CHGA, ANK2, ANK3"
Reactome: HIV Infection R-HSA-162906,0.6456302438766648,0.9863636363636363,1.0,0.9606986899563319,0.20263024405599567,0.06863332149644302,229,220,217,True,True,True,"FYN, RNMT, TAF7L, HMGA1, CD247"
Reactome: Asparagine N-linked Glycosylation R-HSA-446203,0.6455815437447106,0.9856115107913669,1.0,0.9858156028368794,0.2194008881267767,0.03353361767774926,282,278,274,True,True,True,"ST6GAL2, MGAT4C, RENBP, CTSZ, CHGA"
Reactome: Growth Hormone Receptor Signaling R-HSA-982772,0.6454500218899959,1.0,0.6666666666666666,1.0,0.4579592652517653,0.1859575108648801,24,24,24,False,True,True,"IRS1, GHR, SOCS2, IRS2, PRLR"
Reactome: Ubiquitin-dependent Degradation Of Cyclin D R-HSA-75815,0.6454344890709679,0.98,1.0,0.9803921568627451,0.17180740443229708,0.0900709232754837,51,50,49,True,True,True,"PSMB2, PSMA8, PSMB3, PSMC4, PSMD8"
KEGG: Breast cancer,0.6454100168265166,0.9795918367346939,0.6666666666666666,1.0,0.4887014977081319,0.17542341635642358,147,147,144,False,True,True,"IGF1, PGR, MYC, HEYL, ESR1"
Reactome: Nuclear Signaling By ERBB4 R-HSA-1251985,0.6453978440205642,1.0,0.6666666666666666,1.0,0.4691924066744213,0.1744634800950664,32,32,32,False,True,True,"CXCL12, PGR, ESR1, NRG2, S100B"
KEGG: Cortisol synthesis and secretion,0.6453004766225012,1.0,0.6666666666666666,1.0,0.48415479821049057,0.159014251568682,65,65,65,False,True,True,"CYP11A1, ADCY4, CYP17A1, PDE8B, CACNA1D"
Reactome: P2Y Receptors R-HSA-417957,0.6451842617402135,0.9166666666666666,0.6666666666666666,1.0,0.560659728057037,0.16526158064403038,12,12,11,False,True,True,"P2RY14, P2RY12, LPAR4, P2RY1, GPR17"
KEGG: Amyotrophic lateral sclerosis,0.645006926928609,0.9653179190751445,1.0,0.9505494505494505,0.23369326029883725,0.0631113673569747,364,346,334,True,True,True,"NEFM, NRG2, COX7A1, GRIN2D, GRIN2A"
Reactome: Gap Junction Trafficking And Regulation R-HSA-157858,0.6449564293619324,0.9629629629629629,0.6666666666666666,1.0,0.46478907275101006,0.21369677776235566,27,27,26,False,True,True,"GJC2, GJA4, TJP1, GJB1, GJD2"
Reactome: SCF-beta-TrCP Mediated Degradation Of Emi1 R-HSA-174113,0.6448825851206046,0.9811320754716981,1.0,0.9814814814814815,0.17910131890127926,0.07806842011893456,54,53,52,True,True,True,"PSMB2, CDC20, PSMA8, PSMB3, PSMC4"
KEGG: Herpes simplex virus 1 infection,0.6446311155316221,0.9405737704918032,1.0,0.9799196787148594,0.24078108460549913,0.056860963524663646,498,488,459,True,True,True,"AKT1, ZNF282, AKT3, ITGB3, EIF2AK4"
Reactome: DNA Replication R-HSA-69306,0.6446302685147945,0.984,1.0,0.8064516129032258,0.26578791300939664,0.11852471988715685,155,125,123,True,True,True,"CDC45, RFC4, PRIM1, UBE2C, PSMB2"
KEGG: Insulin secretion,0.6445406265060076,0.9883720930232558,0.6666666666666666,1.0,0.4637733217090311,0.1872243844644179,86,86,85,False,True,True,"ADCY4, ATP1A2, CACNA1D, CAMK2A, ADCYAP1R1"
Reactome: Molecules Associated With Elastic Fibres R-HSA-2129379,0.6444904831642256,1.0,0.6666666666666666,1.0,0.5540371581590878,0.08508192432870627,28,28,28,False,True,True,"LTBP4, MFAP4, ITGA8, EFEMP1, ITGB3"
Reactome: Vif-mediated Degradation Of APOBEC3G R-HSA-180585,0.6441616358346074,0.98,1.0,0.9433962264150944,0.17925253362912075,0.10400847573259535,53,50,49,True,True,True,"PSMB2, PSMA8, PSMB3, PSMC4, PSMD8"
Reactome: GSK3B And BTRC:CUL1-mediated-degradation Of NFE2L2 R-HSA-9762114,0.6439776800529345,1.0,1.0,0.9803921568627451,0.1594884592571709,0.07510582336044266,51,50,50,True,True,True,"PSMB2, PSMB3, PSMC4, PSMD8, PSMB6"
KEGG: AGE-RAGE signaling pathway in diabetic complications,0.6438491686145773,1.0,0.6666666666666666,0.99,0.4803555269951075,0.16305698274444572,100,99,99,False,True,True,"COL3A1, AKT1, COL4A6, AKT3, COL4A5"
KEGG: GABAergic synapse,0.6436745846775113,0.9887640449438202,0.6666666666666666,1.0,0.46951592255737784,0.1767596225530247,89,89,88,False,True,True,"ADCY4, CACNA1D, CACNA1C, GNG7, HAP1"
Reactome: Cell Junction Organization R-HSA-446728,0.6434987858210882,1.0,0.6666666666666666,0.9186046511627907,0.5014483468074923,0.1937587605925224,86,79,79,False,True,True,"CLDN4, CDH11, CDH5, CDH13, CLDN14"
KEGG: Protein digestion and absorption,0.6433437400710588,0.9320388349514563,0.6666666666666666,1.0,0.4911680848249864,0.21017844724551754,103,103,96,False,True,True,"COL3A1, SLC16A10, COL14A1, COL6A2, COL15A1"
Reactome: Nucleotide-like (Purinergic) Receptors R-HSA-418038,0.64322056735653,0.9375,0.6666666666666666,1.0,0.5369143248811009,0.1583551785682158,16,16,15,False,True,True,"P2RY14, ADORA2B, P2RY12, LPAR4, P2RY1"
Reactome: Hh Mutants Are Degraded By ERAD R-HSA-5362768,0.6431036199085339,0.9629629629629629,1.0,0.9818181818181818,0.17019517133583298,0.0959963288802373,55,54,52,True,True,True,"PSMB2, PSMA8, PSMB3, PSMC4, PSMD8"
Reactome: Laminin Interactions R-HSA-3000157,0.6428255214761549,1.0,0.6666666666666666,1.0,0.5340982954779313,0.09669597856950966,22,22,22,False,True,True,"NID1, NID2, LAMA2, LAMA4, LAMB3"
KEGG: HIF-1 signaling pathway,0.6427257517134553,0.9813084112149533,0.6666666666666666,0.981651376146789,0.47762105110762465,0.18512743080127358,109,107,105,False,True,True,"IGF1, AKT1, ENO1, HK3, PGK1"
KEGG: Parkinson disease,0.6426335598658768,0.9568965517241379,1.0,0.9317269076305221,0.22962382593767142,0.0778522409446832,249,232,222,True,True,True,"COX7A1, RYR3, MAOB, SLC18A2, CAMK2A"
Reactome: Keratan Sulfate/Keratin Metabolism R-HSA-1638074,0.6423284242475561,1.0,0.6666666666666666,0.9696969696969697,0.5067389203244715,0.14429714030724786,33,32,32,False,True,True,"OGN, OMD, CHST1, PRELP, B3GNT3"
Reactome: Interleukin-10 Signaling R-HSA-6783783,0.6417575348359676,0.9555555555555556,0.6666666666666666,1.0,0.48879787556956616,0.18110090972138349,45,45,43,False,True,True,"TNF, CD86, CCL2, PTAFR, CCL20"
Reactome: Removal Of Aminoterminal Propeptides From Gamma-Carboxylated Proteins R-HSA-159782,0.6414822838119839,1.0,0.6666666666666666,1.0,0.5567014986799665,0.06737658704661914,10,10,10,False,True,True,"F7, PROS1, FAM110A, GAS6, PROC"
Reactome: Regulation Of mRNA Stability By Proteins That Bind AU-rich Elements R-HSA-450531,0.6414150323734612,0.9770114942528736,1.0,0.9886363636363636,0.17772437037655392,0.06086202451060546,88,87,85,True,True,True,"AKT1, ENPP2, PRKCA, PSMB2, MAPK11"
Reactome: AUF1 (hnRNP D0) Binds And Destabilizes mRNA R-HSA-450408,0.6409523237719404,0.9622641509433962,1.0,0.9814814814814815,0.16277689049282273,0.09360946631237195,54,53,51,True,True,True,"PSMB2, PSMA8, PSMB3, PSMC4, PSMD8"
Reactome: Signaling By PDGF R-HSA-186797,0.6409328979699632,1.0,0.6666666666666666,1.0,0.5002152976362115,0.121115858880271,52,52,52,False,True,True,"COL6A2, PDGFRB, COL6A1, PDGFRA, COL4A5"
Reactome: GAG Synthesis Requires Tetrasaccharide Linker Sequence R-HSA-1971475,0.6408868427964548,1.0,0.6666666666666666,1.0,0.4379656734661243,0.1831352071828165,26,26,26,False,True,True,"DCN, SDC1, XYLT1, SDC4, GPC6"
"Reactome: Gamma-carboxylation, Transport, And Amino-Terminal Cleavage Of Proteins R-HSA-159854",0.6408598260750864,1.0,0.6666666666666666,1.0,0.5456806457511284,0.07528515129097006,11,11,11,False,True,True,"F7, PROS1, FAM110A, GAS6, PROC"
KEGG: Osteoclast differentiation,0.640796775781408,1.0,0.6666666666666666,1.0,0.45297850005280954,0.1676720455208968,127,127,127,False,True,True,"AKT1, FYN, FOSB, AKT3, ITGB3"
Reactome: EPHA-mediated Growth Cone Collapse R-HSA-3928663,0.6407855904869885,1.0,0.6666666666666666,1.0,0.4843451248394393,0.13624949426216948,15,15,15,False,True,True,"MYH11, MYL9, FYN, MYH14, LYN"
Reactome: Centrosome Maturation R-HSA-380287,0.640745641717067,0.9625,1.0,0.9876543209876543,0.17067113569971162,0.0798163321448829,81,80,77,True,True,True,"CEP41, NEK2, PRKCA, CEP72, PLK1"
KEGG: Cocaine addiction,0.6405284421655445,1.0,0.6666666666666666,1.0,0.4592613319770428,0.16004754551734637,49,49,49,False,True,True,"MAOB, FOSB, SLC18A2, GRIN2D, GRIN2A"
Reactome: FGFR2c Ligand Binding And Activation R-HSA-190375,0.6402949785002253,1.0,0.3333333333333333,1.0,0.5887100888290512,0.4460981370054086,13,13,13,False,False,True,"FGF1, FGF16, FGF17, FGF13, FGF8"
Reactome: CD28 Co-Stimulation R-HSA-389356,0.6402029573207931,1.0,0.6666666666666666,1.0,0.4647700940862491,0.1529113591843829,34,34,34,False,True,True,"AKT1, FYN, AKT3, PIK3R1, CD86"
Reactome: FGFR2b Ligand Binding And Activation R-HSA-190377,0.6397814848700766,1.0,0.3333333333333333,1.0,0.6273101876549795,0.4049305700287364,10,10,10,False,False,True,"FGF1, FGF13, FGF7, FGF10, FGF22"
Reactome: Deubiquitination R-HSA-5688426,0.6396704337351068,0.974025974025974,1.0,0.8279569892473119,0.2549058115585428,0.09845264115553312,279,231,225,True,True,True,"MYC, CLSPN, IL33, ESR1, PTEN"
Reactome: Regulation Of IGF Transport And Uptake By IGFBPs R-HSA-381426,0.6394939621778596,0.9836065573770492,0.6666666666666666,0.991869918699187,0.45843271066376035,0.17819477049076485,123,122,120,False,True,True,"IGF1, PAPPA, IGFBP5, MXRA8, IGFBP4"
KEGG: Relaxin signaling pathway,0.6389688687856114,1.0,0.6666666666666666,0.9922480620155039,0.4680139885010906,0.14931097558200543,129,128,128,False,True,True,"COL3A1, AKT1, COL4A6, ADCY4, SHC2"
Reactome: Anti-inflammatory Response Favoring Leishmania Infection R-HSA-9662851,0.6387865729737423,0.9877300613496932,0.6666666666666666,0.9878787878787879,0.4956463041426329,0.13631407513396102,165,163,161,False,True,True,"PTH1R, RAMP1, CALCRL, ADCY4, RAMP2"
Reactome: Hormone Ligand-Binding Receptors R-HSA-375281,0.6386650226052398,1.0,0.3333333333333333,1.0,0.649167105520122,0.3774913408394105,12,12,12,False,False,True,"FSHB, TSHB, CHGA, GPHB5, LHCGR"
Reactome: RHO GTPases Activate CIT R-HSA-5625900,0.6384270117514989,1.0,0.6666666666666666,1.0,0.46816073188016744,0.1406409935439932,19,19,19,False,True,True,"MYH11, MYL9, PPP1R12B, KIF14, RNASE1"
Reactome: Organelle Biogenesis And Maintenance R-HSA-1852241,0.6382372871730942,0.9959839357429718,1.0,0.9054545454545454,0.20069218252004448,0.06541940851154567,275,249,248,True,True,True,"MEF2C, CEP41, DYNLRB2, PRKAG3, RHO"
Reactome: Kinesins R-HSA-983189,0.6382187727877857,1.0,0.6666666666666666,1.0,0.4380097091015723,0.16975082150402301,42,42,42,False,True,True,"KIF1A, KIF12, KIF21B, KIF26A, KIF18B"
Reactome: Ephrin Signaling R-HSA-3928664,0.6381717792384157,1.0,0.6666666666666666,1.0,0.4907045855125637,0.11682097734618135,18,18,18,False,True,True,"FYN, EPHB2, RNASE1, EPHB3, EFNB3"
Reactome: Smooth Muscle Contraction R-HSA-445355,0.6378194924437833,1.0,0.6666666666666666,0.9302325581395349,0.5555334322788504,0.10255627800208093,43,40,40,False,True,True,"MYH11, LMOD1, ACTG2, GUCY1A2, MYL9"
KEGG: Calcium signaling pathway,0.6377333257359867,0.9916317991631799,0.6666666666666666,0.9958333333333333,0.5030172079225573,0.11380928826086249,240,239,237,False,True,True,"EDNRA, PLN, PTGER3, PDGFRB, P2RX1"
Reactome: Transferrin Endocytosis And Recycling R-HSA-917977,0.6377330904749414,1.0,0.6666666666666666,1.0,0.4364047036526926,0.16892741538868106,31,31,31,False,True,True,"TFR2, ATP6V1B2, ATP6V0B, ATP6V1B1, ATP6AP1"
KEGG: Renin secretion,0.6376396896487315,0.9850746268656716,0.6666666666666666,0.9710144927536232,0.5090479739252861,0.13248164455414904,69,67,66,False,True,True,"EDNRA, GUCY1A2, CACNA1D, AGTR1, ADCYAP1R1"
KEGG: Dilated cardiomyopathy,0.6376006489251121,0.9895833333333334,0.6666666666666666,1.0,0.5179408015664927,0.09714577639240124,96,96,95,False,True,True,"IGF1, DES, PLN, ADCY4, ITGA8"
KEGG: Glioma,0.6375242474128351,0.9866666666666667,0.6666666666666666,1.0,0.4489200854126509,0.16870115165152474,75,75,74,False,True,True,"IGF1, AKT1, PDGFRB, PTEN, SHC2"
KEGG: Focal adhesion,0.6368866783928717,0.9949494949494949,0.6666666666666666,0.9850746268656716,0.49875796770508873,0.11858662582718746,201,198,197,False,True,True,"IGF1, SPP1, COL6A2, AKT1, PDGFRB"
Reactome: Myogenesis R-HSA-525793,0.6368821379723553,0.9655172413793104,0.6666666666666666,1.0,0.4607819199090911,0.17477819524004098,29,29,28,False,True,True,"ABL1, MYOD1, NEO1, MEF2C, MYOG"
Reactome: Cell-cell Junction Organization R-HSA-421270,0.636787111496476,1.0,0.6666666666666666,0.8852459016393442,0.5230155203409719,0.16365227757856626,61,54,54,False,True,True,"CLDN4, CDH11, CDH5, CDH13, CLDN14"
Reactome: SUMOylation Of Transcription Factors R-HSA-3232118,0.6361232636094273,0.9473684210526315,0.6666666666666666,1.0,0.5346374020897604,0.11527716157141098,19,19,18,False,True,True,"FOXL2, HIC1, CDKN2A, UBE2I, TFAP2A"
Reactome: ER To Golgi Anterograde Transport R-HSA-199977,0.6359013085628178,1.0,1.0,0.9924812030075187,0.15934983978587536,0.02579580077257428,133,132,132,True,True,True,"CTSZ, ANK2, ANK3, COL7A1, CNIH2"
KEGG: Morphine addiction,0.635613724005735,0.9887640449438202,0.6666666666666666,0.978021978021978,0.4754525488195801,0.14700220941545847,91,89,88,False,True,True,"PDE10A, ADCY4, PDE8B, GNG7, GABRQ"
Reactome: VEGFR2 Mediated Vascular Permeability R-HSA-5218920,0.6355940577672786,1.0,0.6666666666666666,1.0,0.44556493104254724,0.14907202446051226,27,27,27,False,True,True,"AKT1, CDH5, AKT3, CAV1, RNASE1"
Reactome: Cell Surface Interactions At Vascular Wall R-HSA-202733,0.6350010766006048,1.0,0.6666666666666666,0.9701492537313433,0.4742603269892404,0.1397997823819426,134,130,130,False,True,True,"JAM2, JAM3, FYN, ITGB3, PIK3R1"
Reactome: Glycosaminoglycan Metabolism R-HSA-1630316,0.6349245971642434,1.0,0.6666666666666666,0.9916666666666667,0.439177170452641,0.15836248203524325,120,119,119,False,True,True,"OGN, DCN, OMD, UST, HPSE2"
KEGG: Rheumatoid arthritis,0.6348842120700786,0.9247311827956989,0.6666666666666666,1.0,0.4760065101280155,0.19035003409334555,93,93,86,False,True,True,"CXCL12, TNF, TEK, ATP6V1B2, CD86"
Reactome: Diseases Of Glycosylation R-HSA-3781865,0.6348520521490018,0.9928571428571429,0.6666666666666666,0.9790209790209791,0.4532458186126429,0.16055823167615507,143,140,139,False,True,True,"OGN, DCN, ADAMTSL5, OMD, ADAMTS3"
Reactome: COPI-mediated Anterograde Transport R-HSA-6807878,0.6345535308817227,1.0,1.0,1.0,0.14863556361721925,0.024132090791394247,80,80,80,True,True,True,"ANK2, ANK3, COPZ2, DYNC1I1, INS"
KEGG: Prostate cancer,0.6342812166510108,1.0,0.6666666666666666,1.0,0.43461245332710935,0.15346029659461088,97,97,97,False,True,True,"IGF1, AR, AKT1, PDGFRB, PTEN"
Reactome: PI3K/AKT Signaling In Cancer R-HSA-2219528,0.63406512077681,0.9904761904761905,0.6666666666666666,1.0,0.47667012724740354,0.1198459528271222,105,105,104,False,True,True,"ESR1, NRG2, AKT1, PDGFRB, PTEN"
Reactome: Muscle Contraction R-HSA-397014,0.6340475123440579,0.9842931937172775,0.6666666666666666,0.9744897959183674,0.5192488227187112,0.10249486501219168,196,191,188,False,True,True,"DES, MYH11, LMOD1, FXYD1, PLN"
Reactome: G Alpha (Z) Signaling Events R-HSA-418597,0.6336413737643073,1.0,0.6666666666666666,1.0,0.3917928740494913,0.19308066143871133,47,47,47,False,True,True,"ADRA2C, ADCY4, GNG7, GNAI1, ADCY1"
KEGG: Viral protein interaction with cytokine and cytokine receptor,0.6335622384271393,0.9494949494949495,0.6666666666666666,0.99,0.4431849431601708,0.19929796614724316,100,99,94,False,True,True,"CCL21, CXCL12, CCL23, TNF, CCL2"
Reactome: Signaling By ROBO Receptors R-HSA-376176,0.633219035129244,0.9560975609756097,1.0,0.9808612440191388,0.18401155042922457,0.04034013122703198,209,205,196,True,True,True,"CXCL12, ABL1, LDB2, SLIT2, COL4A5"
Reactome: Negative Regulation Of Activity Of TFAP2 (AP-2) Family Transcription Factors R-HSA-8866904,0.6329661887846654,1.0,0.3333333333333333,1.0,0.5215519598880448,0.47661231736861553,10,10,10,False,False,True,"UBE2I, TFAP2A, KCTD15, TFAP2B, WWOX"
Reactome: DNA Replication Pre-Initiation R-HSA-69002,0.6325484601016994,0.9896907216494846,1.0,0.7637795275590551,0.2414236092585708,0.10879332393115,127,97,96,True,True,True,"CDC45, PRIM1, UBE2C, PSMB2, CDC6"
Reactome: Cell-Cell Communication R-HSA-1500931,0.6324781952738703,1.0,0.6666666666666666,0.925,0.4874781218808638,0.1478295211551539,120,111,111,False,True,True,"CLDN4, CDH11, CDH5, FYN, CDH13"
Reactome: Amine Ligand-Binding Receptors R-HSA-375280,0.6324675415689474,0.95,0.6666666666666666,1.0,0.447995546589967,0.1810088279214361,40,40,38,False,True,True,"ADRA2C, HTR7, ADRA1D, ADRA2A, DRD2"
KEGG: Malaria,0.6322164457673357,0.96,0.6666666666666666,1.0,0.4669525598701344,0.15079633563321046,50,50,48,False,True,True,"TNF, HGF, SDC1, CCL2, SELE"
Reactome: NOTCH3 Intracellular Domain Regulates Transcription R-HSA-9013508,0.6320084944731226,1.0,0.6666666666666666,0.96,0.42153635313900134,0.18517278589327751,25,24,24,False,True,True,"HEYL, HEY2, PBX1, MAML3, DLGAP5"
Reactome: Regulation Of Insulin Secretion R-HSA-422356,0.6319857590005731,0.987012987012987,0.6666666666666666,1.0,0.4369649302291072,0.15261754442743733,77,77,76,False,True,True,"ADRA2C, CACNA1D, SNAP25, CACNA1C, GNG7"
Reactome: FGFR2 Ligand Binding And Activation R-HSA-190241,0.6318299436848315,1.0,0.3333333333333333,1.0,0.5798996484214587,0.4125834033360321,20,20,20,False,False,True,"FGF1, FGF16, FGF17, FGF13, FGF7"
Reactome: Interleukin-4 And Interleukin-13 Signaling R-HSA-6785807,0.6317096581520013,1.0,0.6666666666666666,1.0,0.4240025716520773,0.15121238577459542,107,107,107,False,True,True,"NDN, MYC, AKT1, S1PR1, BIRC5"
"KEGG: Growth hormone synthesis, secretion and action",0.6316728548783693,0.9915966386554622,0.6666666666666666,1.0,0.4245815030138478,0.1588527993892032,119,119,118,False,True,True,"IGF1, AKT1, ADCY4, SHC2, IRS1"
KEGG: Neuroactive ligand-receptor interaction,0.6313330982480041,0.9823008849557522,0.6666666666666666,0.9941348973607038,0.48751882910759425,0.10791127082281317,341,339,333,False,True,True,"EDNRA, P2RY14, PTH1R, GRID1, PTGER3"
Reactome: Signaling By KIT In Disease R-HSA-9669938,0.63120795319148,1.0,0.6666666666666666,1.0,0.4181159707731041,0.15459046185096254,19,19,19,False,True,True,"FYN, PIK3R1, PIK3CA, KIT, PIK3R3"
Reactome: Class B/2 (Secretin Family Receptors) R-HSA-373080,0.6310688634783932,0.9772727272727273,0.6666666666666666,0.9565217391304348,0.5040297777521625,0.12331717468591666,92,88,86,False,True,True,"PTH1R, RAMP1, CALCRL, WNT4, RAMP2"
Reactome: Ub-specific Processing Proteases R-HSA-5689880,0.6309757877998232,0.9681528662420382,1.0,0.7810945273631841,0.25656586104516255,0.09433931618952739,201,157,152,True,True,True,"MYC, CLSPN, IL33, PTEN, NFKBIA"
KEGG: GnRH secretion,0.6306210007829878,1.0,0.6666666666666666,1.0,0.4835252147843216,0.0862464557972836,64,64,64,False,True,True,"SPP1, AKT1, TRPC4, HCN1, CACNA1D"
Reactome: Netrin-1 Signaling R-HSA-373752,0.6300155545653928,1.0,0.6666666666666666,0.9795918367346939,0.44881075093598777,0.1332398110066226,49,48,48,False,True,True,"TRPC6, FYN, SLIT2, TRPC4, TRPC1"
Reactome: Cardiac Conduction R-HSA-5576891,0.6299477496743955,0.9838709677419355,0.6666666666666666,0.9841269841269841,0.5059387852835977,0.08850042391787283,126,124,122,False,True,True,"FXYD1, PLN, KCNIP4, RYR3, SCN2B"
Reactome: RA Biosynthesis Pathway R-HSA-5365859,0.6297816966883028,0.8636363636363636,0.6666666666666666,1.0,0.4899713513629484,0.2119674351088684,22,22,19,False,True,True,"ALDH1A2, RDH10, CRABP1, ALDH1A1, ALDH1A3"
Reactome: Interleukin-7 Signaling R-HSA-1266695,0.6293708934367666,0.9565217391304348,0.6666666666666666,0.92,0.4359660499240514,0.23103334479601353,25,23,22,False,True,True,"IRS1, PIK3R1, SOCS2, IRS2, IL7"
KEGG: Amphetamine addiction,0.6289584560276793,0.9855072463768116,0.6666666666666666,1.0,0.42256896743543765,0.15338273299281416,69,69,68,False,True,True,"MAOB, FOSB, CACNA1D, SLC18A2, GRIN2D"
Reactome: Platelet Aggregation (Plug Formation) R-HSA-76009,0.6288650201840305,1.0,0.6666666666666666,1.0,0.4413642059205824,0.11962756166623643,36,36,36,False,True,True,"ADRA2C, AKT1, VWF, ITGB3, RASGRP2"
Reactome: Integrin Cell Surface Interactions R-HSA-216083,0.6285422500059828,1.0,0.6666666666666666,1.0,0.4749763410261035,0.08440157567047682,66,66,66,False,True,True,"JAM2, JAM3, ITGA8, ITGB3, COL4A2"
Reactome: Interleukin-15 Signaling R-HSA-8983432,0.6283395763191048,1.0,0.6666666666666666,1.0,0.35644191814182397,0.20192263012036626,14,14,14,False,True,True,"IL2RB, GRB2, SOS2, STAT5B, IL15RA"
KEGG: Hypertrophic cardiomyopathy,0.6281742172858594,0.9888888888888889,0.6666666666666666,1.0,0.4832267655492542,0.08542209865782101,90,90,89,False,True,True,"IGF1, DES, ITGA8, CACNA1D, CACNA2D1"
KEGG: Leukocyte transendothelial migration,0.6281660788717333,0.972972972972973,0.6666666666666666,0.9736842105263158,0.4551211769762578,0.1491397531813661,114,111,108,False,True,True,"CXCL12, JAM2, CLDN4, JAM3, MYL9"
KEGG: Nicotine addiction,0.6275628474642577,0.975,0.6666666666666666,1.0,0.4809506489673502,0.0985302550206045,40,40,39,False,True,True,"GRIN2D, GRIN2A, GRIA2, GABRQ, GABRA5"
Reactome: RUNX1 Regulates Transcription Of Genes Involved In Differentiation Of HSCs R-HSA-8939236,0.6274996072434812,0.9852941176470589,1.0,0.6938775510204082,0.2874409268964381,0.09435482840860332,98,68,67,True,True,True,"ABL1, LDB2, TAL1, YAP1, LMO2"
"Reactome: Interleukin-3, Interleukin-5 And GM-CSF Signaling R-HSA-512988",0.6274559596203318,1.0,0.6666666666666666,1.0,0.41601842111583,0.13792804365249556,44,44,44,False,True,True,"FYN, PIK3R1, IL3RA, IL2RB, PRKCA"
Reactome: Peptide Ligand-Binding Receptors R-HSA-375276,0.6273812798797869,0.96875,0.6666666666666666,0.9795918367346939,0.4747131354954396,0.12541605301914122,196,192,186,False,True,True,"EDNRA, CCL21, CXCL12, NPY5R, NMU"
Reactome: UCH Proteinases R-HSA-5689603,0.627278753260932,0.963855421686747,1.0,0.8736842105263158,0.17306009754968715,0.09421508917348882,95,83,80,True,True,True,"PSMB2, PSMA8, UCHL1, PSMB3, RUVBL1"
Reactome: Sodium/Calcium Exchangers R-HSA-425561,0.6272768847661552,1.0,0.6666666666666666,1.0,0.4621545314390687,0.09089655905837302,10,10,10,False,True,True,"SLC24A3, SLC8A2, SLC8A3, SLC8A1, SLC24A1"
Reactome: Signal Regulatory Protein Family Interactions R-HSA-391160,0.6272357640621775,1.0,0.6666666666666666,0.9230769230769231,0.46873600526238235,0.1418017894074799,13,12,12,False,True,True,"TYROBP, GRB2, SIRPG, PTK2B, SIRPA"
KEGG: cGMP-PKG signaling pathway,0.6271843593782817,0.9877300613496932,0.6666666666666666,0.9760479041916168,0.4829117480375602,0.09991072602710852,167,163,161,False,True,True,"EDNRA, PLN, NPR2, GUCY1A2, ADRA2C"
KEGG: Gastric cancer,0.6269006376231864,0.9798657718120806,0.6666666666666666,1.0,0.4450807690539826,0.1262233139165353,149,149,146,False,True,True,"MYC, AKT1, WNT4, SHC2, FGF2"
KEGG: Synaptic vesicle cycle,0.6268440144158952,0.9743589743589743,0.6666666666666666,1.0,0.3996891922040255,0.17683857218314286,78,78,76,False,True,True,"SLC1A7, SLC18A3, SLC18A2, SNAP25, CPLX1"
Reactome: Processing Of Capped Intron-Containing Pre-mRNA R-HSA-72203,0.6268352586165222,0.9789915966386554,1.0,0.9834710743801653,0.1252591081843535,0.04232228247447863,242,238,233,True,True,True,"EIF4A3, PRPF38A, CPSF1, ELAVL2, NUP37"
Reactome: Ion Homeostasis R-HSA-5578775,0.6263389761714481,1.0,0.6666666666666666,0.98,0.4878180727457702,0.07554347477813617,50,49,49,False,True,True,"FXYD1, PLN, RYR3, ATP1A2, DMPK"
Reactome: Glutathione Conjugation R-HSA-156590,0.6262247861046437,0.9428571428571428,0.6666666666666666,0.9722222222222222,0.38188485599631516,0.24388193166976072,36,35,33,False,True,True,"GSTM5, GGT5, GGT1, GSTM2, MGST2"
Reactome: Retrograde Neurotrophin Signaling R-HSA-177504,0.6261732790885786,1.0,0.6666666666666666,1.0,0.31788632473622896,0.22964673737333044,14,14,14,False,True,True,"DNM1, NGF, NTRK1, SH3GL2, AP2S1"
Reactome: Signaling By ERBB4 R-HSA-1236394,0.6260025894207936,1.0,0.6666666666666666,1.0,0.4385115737400449,0.1081680400305889,57,57,57,False,True,True,"CXCL12, PGR, ESR1, NRG2, ERBB3"
Reactome: mRNA Splicing - Major Pathway R-HSA-72163,0.6259476901115965,0.9832402234636871,1.0,0.988950276243094,0.12885795497352534,0.025927564938449485,181,179,176,True,True,True,"EIF4A3, PRPF38A, CPSF1, ELAVL2, RBM8A"
Reactome: Signaling By FLT3 Fusion Proteins R-HSA-9703465,0.6258922274484795,1.0,0.6666666666666666,1.0,0.34914859548231997,0.1969792084267443,18,18,18,False,True,True,"PIK3R1, PIK3CA, GRB2, NOX4, STAT5B"
Reactome: Adherens Junctions Interactions R-HSA-418990,0.625673534150527,1.0,0.6666666666666666,0.8275862068965517,0.5397208867002214,0.13462379554666618,29,24,24,False,True,True,"CDH11, CDH5, CDH13, CDH18, CADM3"
Reactome: Platelet Calcium Homeostasis R-HSA-418360,0.6256695658643894,1.0,0.6666666666666666,1.0,0.45693220079113767,0.08808229519747572,26,26,26,False,True,True,"P2RX1, TRPC6, SLC8A2, P2RX7, ATP2A1"
Reactome: GABA Receptor Activation R-HSA-977443,0.6256021599264392,0.9830508474576272,0.6666666666666666,1.0,0.44642285321610753,0.11520376562512827,59,59,58,False,True,True,"ADCY4, GNG7, GABRQ, GNAI1, ADCY1"
KEGG: Ovarian steroidogenesis,0.6252876107741661,0.96,0.6666666666666666,0.9803921568627451,0.5355579700049548,0.06225263288548334,51,50,48,False,True,True,"CYP19A1, IGF1, CYP11A1, ADCY4, FSHB"
Reactome: mRNA Splicing R-HSA-72172,0.625192117884702,0.983957219251337,1.0,0.9894179894179894,0.12415044667348957,0.025789431435191256,189,187,184,True,True,True,"EIF4A3, PRPF38A, CPSF1, ELAVL2, RBM8A"
Reactome: ECM Proteoglycans R-HSA-3000178,0.6251396052969971,1.0,0.6666666666666666,1.0,0.47176615407440387,0.07059853907724761,55,55,55,False,True,True,"ASPN, DCN, HAPLN1, ITGA8, ITGB3"
KEGG: Adrenergic signaling in cardiomyocytes,0.6250907160950354,0.9932885906040269,0.6666666666666666,0.9933333333333333,0.4506916148797318,0.10314004165808498,150,149,148,False,True,True,"PLN, AKT1, ADCY4, SCN7A, PPP2R2C"
Reactome: Post-translational Protein Phosphorylation R-HSA-8957275,0.6248360132347673,0.9809523809523809,0.6666666666666666,0.9905660377358491,0.42145297422198236,0.14551684936425335,106,105,103,False,True,True,"IGFBP5, MXRA8, IGFBP4, ENAM, SPARCL1"
Reactome: Leishmania Infection R-HSA-9658195,0.6243996675486807,0.9836065573770492,0.6666666666666666,0.9878542510121457,0.44638839384411844,0.1177793649297934,247,244,240,False,True,True,"PTH1R, RAMP1, ABL1, CALCRL, ADCY4"
Reactome: Heparan Sulfate/Heparin (HS-GAG) Metabolism R-HSA-1638091,0.6243475606950117,1.0,0.6666666666666666,1.0,0.37571506969644936,0.16268940044527538,53,53,53,False,True,True,"DCN, HPSE2, HS6ST2, SDC1, XYLT1"
KEGG: Cell adhesion molecules,0.62414988154834,0.9645390070921985,0.6666666666666666,0.9527027027027027,0.45427442784733757,0.1540756124418031,148,141,136,False,True,True,"NRXN2, JAM2, CLDN4, JAM3, VTCN1"
Reactome: Integration Of Energy Metabolism R-HSA-163685,0.6239895288609738,0.9904761904761905,0.6666666666666666,1.0,0.41788700864763584,0.12825111184770918,105,105,104,False,True,True,"ADRA2C, ADCY4, CYSLTR2, CACNA1D, SNAP25"
Reactome: Protein-protein Interactions At Synapses R-HSA-6794362,0.6237506402209116,0.9886363636363636,0.6666666666666666,1.0,0.4416214246650481,0.10516207946981337,88,88,87,False,True,True,"NRXN2, APBA1, PTPRD, NTRK3, GRIN2D"
KEGG: Prolactin signaling pathway,0.623573564138979,1.0,0.6666666666666666,1.0,0.45881990609916307,0.07571458126239804,70,70,70,False,True,True,"ESR1, AKT1, SHC2, CYP17A1, AKT3"
"Reactome: Transport Of Vitamins, Nucleosides, And Related Molecules R-HSA-425397",0.623251840227212,0.9767441860465116,0.6666666666666666,1.0,0.43301994020691503,0.1231617415493005,43,43,42,False,True,True,"APOD, SLC27A6, SLCO2B1, SLC28A2, SLCO1B1"
Reactome: GPVI-mediated Activation Cascade R-HSA-114604,0.6232016578137791,1.0,0.6666666666666666,1.0,0.43585578330692765,0.09681917242863425,32,32,32,False,True,True,"FYN, PIK3R1, FCER1G, RNASE1, PIK3CA"
Reactome: Class A/1 (Rhodopsin-like Receptors) R-HSA-373076,0.623153210080544,0.9589905362776026,0.6666666666666666,0.9694189602446484,0.47983228194734806,0.1165456786609496,327,317,304,False,True,True,"EDNRA, P2RY14, CCL21, CXCL12, PTGER3"
KEGG: Arrhythmogenic right ventricular cardiomyopathy,0.6227013182649216,0.987012987012987,0.6666666666666666,1.0,0.46416734332035087,0.07899292765793661,77,77,76,False,True,True,"DES, ITGA8, CACNA1D, CACNA2D1, SLC8A2"
Reactome: PI-3K cascade:FGFR2 R-HSA-5654695,0.6226339494141601,1.0,0.3333333333333333,1.0,0.5963242359965397,0.35017884440759356,23,23,23,False,False,True,"PIK3R1, FGF1, FGF16, FGF17, FGF13"
Reactome: VEGFA-VEGFR2 Pathway R-HSA-4420097,0.6224137837556063,1.0,0.6666666666666666,1.0,0.4185000995104686,0.110235485934229,93,93,93,False,True,True,"AKT1, SHC2, CDH5, FYN, AKT3"
Reactome: Semaphorin Interactions R-HSA-373755,0.622128041216768,1.0,0.6666666666666666,1.0,0.4340198034476487,0.0932870693028576,64,64,64,False,True,True,"MYH11, MYL9, FYN, SEMA6D, TREM2"
Reactome: Regulation Of Expression Of SLITs And ROBOs R-HSA-9010553,0.6219846451965197,0.9451219512195121,1.0,0.9820359281437125,0.14161457505191077,0.03665975360339112,167,164,155,True,True,True,"LDB2, SLIT2, COL4A5, RPL39L, ROBO2"
KEGG: African trypanosomiasis,0.6218802650631219,0.972972972972973,0.6666666666666666,1.0,0.4511702581043293,0.10192476090497406,37,37,36,False,True,True,"TNF, PLCB1, SELE, LAMA4, IDO1"
Reactome: RHO GTPases Activate PAKs R-HSA-5627123,0.6217593172717625,1.0,0.6666666666666666,1.0,0.4353245012224583,0.09013875180302078,21,21,21,False,True,True,"MYH11, MYL9, MYLK, PPP1R12B, RNASE1"
Reactome: Neuronal System R-HSA-112316,0.6216493530209952,0.9844155844155844,0.6666666666666666,0.9974093264248705,0.4333748050277034,0.10906604750970231,386,385,379,False,True,True,"NRXN2, SLC1A7, BCHE, APBA1, ADCY4"
Reactome: TRP Channels R-HSA-3295583,0.6216398428141623,0.96,0.6666666666666666,1.0,0.41910634077525566,0.14575953996222243,25,25,24,False,True,True,"TRPC6, TRPC4, TRPC1, TRPM2, TRPA1"
KEGG: Fc epsilon RI signaling pathway,0.6216171597797452,0.9701492537313433,0.6666666666666666,0.9852941176470589,0.44754204922681573,0.11809057437193961,68,67,65,False,True,True,"AKT1, FYN, MS4A2, AKT3, TNF"
KEGG: Axon guidance,0.6214054251138336,1.0,0.6666666666666666,0.989010989010989,0.43154458527766726,0.10039096519992532,182,180,180,False,True,True,"CXCL12, ABL1, MYL9, WNT4, TRPC6"
Reactome: Phospholipase C-mediated Cascade: FGFR1 R-HSA-5654219,0.6213802607090313,1.0,0.3333333333333333,1.0,0.5792598539997618,0.36097478287872803,16,16,16,False,False,True,"FGF1, FGF17, FGF13, FGF10, PLCG1"
Reactome: Collagen Degradation R-HSA-1442490,0.6208185311876184,1.0,0.3333333333333333,1.0,0.6340922521538658,0.30333373711755923,40,40,40,False,False,True,"COL14A1, COL15A1, MMP12, MMP28, CTSD"
Reactome: FLT3 Signaling R-HSA-9607240,0.620629693040808,1.0,0.6666666666666666,1.0,0.4391942806409557,0.08062085122975039,37,37,37,False,True,True,"AKT1, FYN, FLT3LG, AKT3, PIK3R1"
KEGG: Pertussis,0.6203560918898705,0.9342105263157895,0.6666666666666666,1.0,0.4163850114923065,0.16785158830792363,76,76,71,False,True,True,"TNF, LY96, C1QB, MAPK10, GNAI1"
KEGG: Chagas disease,0.6201471827388378,0.9705882352941176,0.6666666666666666,1.0,0.4445707100956101,0.10224363497112836,102,102,99,False,True,True,"AKT1, PPP2R2C, AKT3, TNF, PIK3R1"
Reactome: Neurotoxicity Of Clostridium Toxins R-HSA-168799,0.6200504199137831,1.0,0.3333333333333333,1.0,0.4701321880112267,0.46345324489102185,10,10,10,False,False,True,"SNAP25, SV2A, SYT1, SYT2, STX1A"
Reactome: Signaling By VEGF R-HSA-194138,0.6197754389151103,1.0,0.6666666666666666,0.9901960784313726,0.41288507039051336,0.11001173202817509,102,101,101,False,True,True,"AKT1, SHC2, CDH5, FYN, AKT3"
Reactome: EPH-ephrin Mediated Repulsion Of Cells R-HSA-3928665,0.6196457275676271,1.0,0.6666666666666666,1.0,0.39349941075468337,0.1213958937501188,49,49,49,False,True,True,"FYN, EPHB2, EPHA5, EPHA7, MMP9"
KEGG: Proteoglycans in cancer,0.6193819541340816,0.9754901960784313,0.6666666666666666,0.9951219512195122,0.45001100703447416,0.09173377080953501,205,204,199,False,True,True,"IGF1, TWIST2, DCN, MYC, ESR1"
KEGG: Progesterone-mediated oocyte maturation,0.6193600206146596,0.9468085106382979,0.6666666666666666,0.94,0.43135682420406873,0.18030143489759806,100,94,89,False,True,True,"IGF1, PGR, AKT1, ADCY4, CPEB1"
Reactome: DAP12 Signaling R-HSA-2424491,0.6191265645716403,0.9642857142857143,0.6666666666666666,1.0,0.43069778090826144,0.11731599433089243,28,28,27,False,True,True,"FYN, PIK3R1, TREM2, TYROBP, RNASE1"
Reactome: DAP12 Interactions R-HSA-2172127,0.6190692531457509,0.9534883720930233,0.6666666666666666,1.0,0.42470492608104604,0.1338196342213521,43,43,41,False,True,True,"FYN, PIK3R1, TREM2, KIR2DS2, TYROBP"
KEGG: Epithelial cell signaling in Helicobacter pylori infection,0.6190560585159265,1.0,0.6666666666666666,1.0,0.3977518327009352,0.11419512654536378,70,70,70,False,True,True,"JAM2, JAM3, TJP1, MAPK10, ATP6V1B2"
Reactome: Gap Junction Assembly R-HSA-190861,0.6188261801237401,0.9375,0.3333333333333333,1.0,0.5890623270881964,0.40090190686383825,16,16,15,False,False,True,"GJC2, GJA4, GJB1, GJD2, GJB4"
Reactome: FGFR1 Mutant Receptor Activation R-HSA-1839124,0.6187971635372069,1.0,0.6666666666666666,0.9666666666666667,0.41083380439763173,0.12481867995506962,30,29,29,False,True,True,"PIK3R1, FGF1, FGF17, FGF13, PIK3CA"
KEGG: Vascular smooth muscle contraction,0.6187815381087347,0.9767441860465116,0.6666666666666666,0.9699248120300752,0.47966957238026314,0.07671698976100948,133,129,126,False,True,True,"EDNRA, MYH11, RAMP1, ACTG2, NPR2"
KEGG: IL-17 signaling pathway,0.618540693804054,0.9893617021276596,0.6666666666666666,1.0,0.38081783469883235,0.13919059886044474,94,94,93,False,True,True,"FOSB, TNF, MAPK10, CCL2, TRAF5"
KEGG: ErbB signaling pathway,0.6184458358255313,1.0,0.6666666666666666,0.9764705882352941,0.4063417569958764,0.1202011476219756,85,83,83,False,True,True,"MYC, NRG2, ABL1, AKT1, SHC2"
Reactome: Canonical Retinoid Cycle In Rods (Twilight Vision) R-HSA-2453902,0.6179944005516964,0.9565217391304348,0.6666666666666666,1.0,0.48183688671803865,0.06828004357667489,23,23,22,False,True,True,"HSD17B6, RBP1, RBP4, RHO, RDH10"
Reactome: Signaling By Cytosolic FGFR1 Fusion Mutants R-HSA-1839117,0.6179873606846761,1.0,0.6666666666666666,0.9411764705882353,0.3731315312580758,0.17758958589079518,17,16,16,False,True,True,"PIK3R1, PIK3CA, GRB2, TRIM24, STAT5B"
Reactome: Activation Of SMO R-HSA-5635838,0.6179337395421205,1.0,0.6666666666666666,0.9444444444444444,0.49464208572618834,0.05335994531774738,18,17,17,False,True,True,"GAS1, PTCH1, BOC, EVC2, IHH"
Reactome: Assembly Of Pre-Replicative Complex R-HSA-68867,0.6178540787660916,0.9875,1.0,0.7272727272727273,0.21171256593523158,0.09460328244068045,110,80,79,True,True,True,"UBE2C, PSMB2, CDC6, ANAPC11, ANAPC4"
Reactome: Downstream Signal Transduction R-HSA-186763,0.61777833281958,1.0,0.6666666666666666,1.0,0.398905260097852,0.10665307066671396,28,28,28,False,True,True,"PDGFRB, PDGFRA, PIK3R1, GRB7, PIK3CA"
Reactome: Signaling By Receptor Tyrosine Kinases R-HSA-9006934,0.6174346406843921,0.9959432048681541,0.6666666666666666,0.9939516129032258,0.4048220431774559,0.10761091236559801,496,493,491,False,True,True,"IGF1, CXCL12, PGR, MYC, COL6A2"
Reactome: Signaling By Leptin R-HSA-2586552,0.6172699108603118,1.0,0.6666666666666666,1.0,0.363205859533069,0.13981036143515668,11,11,11,False,True,True,"IRS1, IRS2, LEP, STAT5B, JAK2"
KEGG: cAMP signaling pathway,0.6172421537632842,0.9813953488372092,0.6666666666666666,0.9953703703703703,0.43772169629569785,0.08723261257240217,216,215,211,False,True,True,"EDNRA, FXYD1, PLN, PTGER3, PDE10A"
Reactome: Defects Of Contact Activation System (CAS) And Kallikrein/Kinin System (KKS) R-HSA-9651496,0.6171789925291493,1.0,0.6666666666666666,1.0,0.39136951330535497,0.11119211600705786,15,15,15,False,True,True,"VWF, FAM110A, GP5, F12, F8"
Reactome: RHO GTPases Activate ROCKs R-HSA-5627117,0.6171112341694547,1.0,0.6666666666666666,1.0,0.42017492441907184,0.08204791309486821,19,19,19,False,True,True,"MYH11, MYL9, PPP1R12B, PKN1, MYH14"
Reactome: Interleukin-2 Family Signaling R-HSA-451927,0.6170962468886182,0.9772727272727273,0.6666666666666666,1.0,0.38297485329310266,0.14190032054392793,44,44,43,False,True,True,"PIK3R1, IL3RA, IL2RB, PIK3CA, IL2RA"
KEGG: JAK-STAT signaling pathway,0.6170894177194941,0.9691358024691358,0.6666666666666666,1.0,0.4052562140751147,0.1277217387198862,162,162,157,False,True,True,"MYC, FHL1, AKT1, PDGFRB, AOX1"
Reactome: SLC-mediated Transmembrane Transport R-HSA-425407,0.6169939415178576,0.983739837398374,0.6666666666666666,0.9959514170040485,0.3980814612531373,0.12285151285140684,247,246,242,False,True,True,"SLC24A3, SLC1A7, SLC16A10, APOD, SLC7A2"
KEGG: Chronic myeloid leukemia,0.6169608059674433,1.0,0.6666666666666666,1.0,0.3693822088600402,0.1320884876438428,76,76,76,False,True,True,"MYC, ABL1, AKT1, SHC2, CDKN2A"
KEGG: PPAR signaling pathway,0.616944599882472,1.0,0.6666666666666666,1.0,0.4171312541351399,0.08425841194388639,74,74,74,False,True,True,"CYP7A1, SORBS1, SLC27A6, APOA5, PLIN2"
Reactome: Response To Elevated Platelet Cytosolic Ca2+ R-HSA-76005,0.6168794963318632,0.9761904761904762,0.6666666666666666,0.9692307692307692,0.4195909901468557,0.12835960506557412,130,126,123,False,True,True,"ISLR, IGF1, MMRN1, ECM1, VWF"
KEGG: PI3K-Akt signaling pathway,0.6165222262396741,0.9829545454545454,0.6666666666666666,0.9943502824858758,0.4331664757942037,0.08739406475188098,354,352,346,False,True,True,"IGF1, SPP1, MYC, COL6A2, AKT1"
KEGG: Rap1 signaling pathway,0.6163900773865713,0.9806763285024155,0.6666666666666666,0.9857142857142858,0.4425542428918791,0.08610076791951439,210,207,203,False,True,True,"IGF1, AKT1, PDGFRB, ADCY4, FGF2"
KEGG: NF-kappa B signaling pathway,0.6161734159145783,0.9805825242718447,0.6666666666666666,0.9903846153846154,0.3809220784832127,0.14324068194603892,104,103,101,False,True,True,"CCL21, CXCL12, TNF, LY96, DDX58"
"Reactome: Platelet Activation, Signaling And Aggregation R-HSA-76002",0.615639772993255,0.988,0.6666666666666666,0.984251968503937,0.40160757991490253,0.11706897534008662,254,250,247,False,True,True,"ISLR, IGF1, MMRN1, ADRA2C, AKT1"
Reactome: Acetylcholine Neurotransmitter Release Cycle R-HSA-264642,0.6154991906429856,1.0,0.3333333333333333,0.9411764705882353,0.6132541738985994,0.34169275970848545,17,16,16,False,False,True,"SLC18A3, SNAP25, CPLX1, SH2D3C, PPFIA2"
Reactome: Platelet Homeostasis R-HSA-418346,0.6154810536879352,1.0,0.6666666666666666,0.963855421686747,0.4143394751095328,0.10684089373174907,83,80,80,False,True,True,"GUCY1A2, PDE10A, P2RX1, TRPC6, PRKG1"
Reactome: RUNX2 Regulates Osteoblast Differentiation R-HSA-8940973,0.6154728493055538,1.0,0.6666666666666666,0.9583333333333334,0.4649462337232031,0.06033467947123207,24,23,23,False,True,True,"ABL1, ZNF521, HEY2, GLI3, COL1A1"
Reactome: Platelet Degranulation R-HSA-114608,0.6154066328544714,0.9752066115702479,0.6666666666666666,0.968,0.4215978273750416,0.12089539199373449,125,121,118,False,True,True,"ISLR, IGF1, MMRN1, ECM1, VWF"
Reactome: Neurexins And Neuroligins R-HSA-6794361,0.6152889976991932,0.9824561403508771,0.6666666666666666,1.0,0.4444924116613378,0.0661631031504172,57,57,56,False,True,True,"NRXN2, APBA1, GRIN2D, GRIN2A, NLGN1"
KEGG: Cushing syndrome,0.6152450986165012,0.9870967741935484,0.6666666666666666,1.0,0.41864435499637437,0.0871510305592506,155,155,153,False,True,True,"CYP11A1, WNT4, ADCY4, CYP17A1, CDKN2A"
Reactome: Diseases Of Metabolism R-HSA-5668914,0.6151613484347865,0.9708333333333333,0.6666666666666666,0.97165991902834,0.3988776277199271,0.14401750851608378,247,240,233,False,True,True,"OGN, CYP19A1, CYP11A1, DCN, ADAMTSL5"
Reactome: O-linked Glycosylation R-HSA-5173105,0.6150404314864586,0.9902912621359223,0.6666666666666666,0.9626168224299065,0.4437062404399313,0.08590870470067596,107,103,102,False,True,True,"ADAMTSL5, ADAMTS3, GALNT14, ADAMTSL1, ADAMTS6"
Reactome: L1CAM Interactions R-HSA-373760,0.6148380033046927,1.0,0.6666666666666666,0.98989898989899,0.38616954109319485,0.11226289967269303,99,98,98,False,True,True,"SCN2B, SCN7A, SCN4B, NFASC, ITGB3"
Reactome: Peptide Hormone Metabolism R-HSA-2980736,0.6145789694901813,0.9761904761904762,0.6666666666666666,0.9438202247191011,0.40727662340827403,0.14822924597949733,89,84,82,False,True,True,"IGF1, BCHE, FSHB, MMP12, GATA4"
Reactome: G Alpha (Q) Signaling Events R-HSA-416476,0.6143793379431203,0.9712918660287081,0.6666666666666666,0.9858490566037735,0.4273191082826579,0.10056558961807203,212,209,203,False,True,True,"EDNRA, NMU, TRH, RGS5, TRPC6"
KEGG: Leishmaniasis,0.6143529873386762,0.948051948051948,0.6666666666666666,1.0,0.3953921224425869,0.14498753286551228,77,77,73,False,True,True,"TNF, FCGR2A, CYBB, FCGR2C, TGFB3"
Reactome: Transmission Across Chemical Synapses R-HSA-112315,0.6142902293134678,0.9836734693877551,0.6666666666666666,0.9959349593495935,0.40840335432962344,0.0990897700044316,246,245,241,False,True,True,"SLC1A7, BCHE, APBA1, ADCY4, CACNA2D1"
Reactome: GPCR Ligand Binding R-HSA-500792,0.6142460447081933,0.9504504504504504,0.6666666666666666,0.9694323144104804,0.45834692628371776,0.10202527766560461,458,444,422,False,True,True,"EDNRA, P2RY14, CCL21, PTH1R, CXCL12"
KEGG: Aldosterone synthesis and secretion,0.6141610600505638,0.9897959183673469,0.6666666666666666,1.0,0.4167978387896299,0.08087820976250883,98,98,97,False,True,True,"CYP11A1, ADCY4, ATP1A2, CACNA1D, CAMK2A"
Reactome: Gap Junction Degradation R-HSA-190873,0.614134849158547,1.0,0.6666666666666666,1.0,0.2680757604362531,0.2192651520231482,10,10,10,False,True,True,"DNM1, GJA1, DNM2, DAB2, CLTA"
Reactome: Signaling By Erythropoietin R-HSA-9006335,0.6139794392489758,1.0,0.6666666666666666,1.0,0.4024782219202275,0.08408564099131739,24,24,24,False,True,True,"PIK3R1, IRS2, PIK3CA, PLCG1, GRB2"
KEGG: Glycosaminoglycan biosynthesis,0.6138104437412698,1.0,0.6666666666666666,1.0,0.3474406386811662,0.1382782466918492,53,53,53,False,True,True,"UST, HS6ST2, CHST1, EXTL1, XYLT1"
Reactome: Mismatch Repair R-HSA-5358508,0.613757349148907,1.0,0.3333333333333333,1.0,0.4858375548039079,0.41628252427396023,15,15,15,False,False,True,"MSH2, EXO1, RPA3, LRIG1, POLR1A"
Reactome: Activation Of TFAP2 (AP-2) Family Of Transcription Factors R-HSA-8866907,0.6135290008328909,1.0,0.3333333333333333,1.0,0.4423976836853236,0.4585806538124634,12,12,12,False,False,True,"CITED2, TFAP2A, TFAP2B, CITED4, WWOX"
Reactome: IL-6-type Cytokine Receptor Ligand Interactions R-HSA-6788467,0.6134568242465145,0.9411764705882353,0.6666666666666666,1.0,0.3831956037162345,0.15957871359476986,17,17,16,False,True,True,"CTF1, LIFR, IL11RA, IL11, CNTF"
Reactome: Mismatch Repair (MMR) Directed By MSH2:MSH6 (MutSalpha) R-HSA-5358565,0.6133925400459688,1.0,0.3333333333333333,1.0,0.49907584410731604,0.4012201894558608,14,14,14,False,False,True,"MSH2, EXO1, RPA3, LRIG1, POLR1A"
KEGG: Dopaminergic synapse,0.6133778429173353,0.9772727272727273,0.6666666666666666,1.0,0.38503304179302345,0.12125011218759255,132,132,129,False,True,True,"AKT1, MAOB, PPP2R2C, CACNA1D, AKT3"
"Reactome: Plasma Lipoprotein Assembly, Remodeling, And Clearance R-HSA-174824",0.6131960548752525,1.0,0.6666666666666666,0.9859154929577465,0.3822926740226752,0.1109176473019439,71,70,70,False,True,True,"APOC1, CUBN, LMF1, APOA5, PRKCA"
Reactome: Signaling By NTRKs R-HSA-166520,0.613134653934382,0.9924242424242424,0.6666666666666666,1.0,0.37200716724095806,0.11790852667337645,132,132,131,False,True,True,"SHC2, FYN, EGR3, IRS1, NTRK3"
Reactome: Transport Of Inorganic Cations/Anions And Amino Acids/Oligopeptides R-HSA-425393,0.6126956970969661,0.9903846153846154,0.6666666666666666,1.0,0.3688485259868684,0.12091201078001321,104,104,103,False,True,True,"SLC24A3, SLC1A7, SLC16A10, SLC7A2, SLC8A2"
KEGG: Acute myeloid leukemia,0.6126386117691471,1.0,0.6666666666666666,1.0,0.3992388742826518,0.08062085122975039,67,67,67,False,True,True,"RUNX1T1, MYC, AKT1, ZBTB16, AKT3"
KEGG: Platelet activation,0.6125351039015167,0.9669421487603306,0.6666666666666666,0.9758064516129032,0.4580417470605398,0.07250345164370232,124,121,117,False,True,True,"COL3A1, GUCY1A2, AKT1, P2RX1, ADCY4"
KEGG: AMPK signaling pathway,0.6124311704044028,1.0,0.6666666666666666,0.9916666666666667,0.37692153741796985,0.10815098127071049,120,119,119,False,True,True,"IGF1, AKT1, PPP2R2C, IRS1, AKT3"
Reactome: Thyroxine Biosynthesis R-HSA-209968,0.6124143504505062,1.0,0.3333333333333333,1.0,0.6412490976700606,0.2541559879158032,10,10,10,False,False,True,"DIO3, IYD, TSHB, CHGA, DIO2"
KEGG: Wnt signaling pathway,0.612383423054338,0.9754601226993865,0.6666666666666666,0.9819277108433735,0.4413810016838877,0.07529687442255227,166,163,159,False,True,True,"SFRP4, SFRP1, PRICKLE2, MYC, RSPO1"
KEGG: Cytokine-cytokine receptor interaction,0.6122096728997053,0.9625850340136054,0.6666666666666666,0.9966101694915255,0.41783255218381626,0.09983981784912782,295,294,283,False,True,True,"CCL21, CXCL12, IL33, ACVRL1, CTF1"
KEGG: Endocrine and other factor-regulated calcium reabsorption,0.6120226039013325,1.0,0.6666666666666666,1.0,0.38583367347291386,0.09094601270041484,53,53,53,False,True,True,"PTH1R, ESR1, ATP1A2, SLC8A2, ATP1B2"
Reactome: Signaling By NTRK1 (TRKA) R-HSA-187037,0.6119078739983105,1.0,0.6666666666666666,1.0,0.3638252662364832,0.11238077042173551,114,114,114,False,True,True,"SHC2, EGR3, IRS1, FOSB, ADCYAP1R1"
Reactome: DSCAM Interactions R-HSA-376172,0.6117688606796722,1.0,0.6666666666666666,1.0,0.3869867400567944,0.08852423000823265,11,11,11,False,True,True,"RNASE1, MAPK11, MAPK13, PKN1, DSCAML1"
Reactome: Signaling By FGFR1 In Disease R-HSA-5655302,0.611222851885346,1.0,0.6666666666666666,0.9722222222222222,0.37499534316364713,0.11861891626308323,36,35,35,False,True,True,"PIK3R1, FGF1, FGF17, FGF13, PIK3CA"
Reactome: Serotonin Neurotransmitter Release Cycle R-HSA-181429,0.6112182502915077,1.0,0.3333333333333333,0.9444444444444444,0.5727020339354484,0.35838921752208974,18,17,17,False,False,True,"SLC18A2, SNAP25, CPLX1, PPFIA2, PPFIA4"
Reactome: Mismatch Repair (MMR) Directed By MSH2:MSH3 (MutSbeta) R-HSA-5358606,0.6111050358582049,1.0,0.3333333333333333,1.0,0.4876383231684964,0.4012201894558608,14,14,14,False,False,True,"MSH2, EXO1, RPA3, LRIG1, POLR1A"
"Reactome: Synthesis, Secretion, And Deacylation Of Ghrelin R-HSA-422085",0.6108971172265676,0.9473684210526315,0.6666666666666666,1.0,0.4808970128995257,0.04288681884734728,19,19,18,False,True,True,"IGF1, BCHE, KLF4, GH1, CRHR2"
KEGG: Chemokine signaling pathway,0.6107782964282041,0.9735449735449735,0.6666666666666666,0.984375,0.4066448222513075,0.10208710301140635,192,189,184,False,True,True,"CCL21, CXCL12, AKT1, ADCY4, SHC2"
KEGG: Gap junction,0.6105403084080578,1.0,0.6666666666666666,0.9772727272727273,0.3944777468927129,0.09193591635969729,88,86,86,False,True,True,"GUCY1A2, PDGFRB, ADCY4, PRKG1, TJP1"
Reactome: Signaling By FGFR1 R-HSA-5654736,0.6104139499366649,1.0,0.6666666666666666,0.9795918367346939,0.3738569739689698,0.11018556483000101,49,48,48,False,True,True,"PIK3R1, FGF1, FGF17, FLRT1, FGF13"
KEGG: Insulin resistance,0.610409572081507,1.0,0.6666666666666666,0.9722222222222222,0.40416294887332566,0.08538491153420957,108,105,105,False,True,True,"AKT1, PTEN, IRS1, AKT3, PYGM"
KEGG: Regulation of actin cytoskeleton,0.6102887025450322,0.9907407407407407,0.6666666666666666,0.9908256880733946,0.3688792610194532,0.11537091157658788,218,216,214,False,True,True,"CXCL12, MYH11, PDGFRB, MYL9, MYLK"
Reactome: Sema4D In Semaphorin Signaling R-HSA-400685,0.6101726521875741,1.0,0.6666666666666666,1.0,0.41084329058747615,0.05668663701706059,24,24,24,False,True,True,"MYH11, MYL9, RNMT, ERBB2, RNASE1"
KEGG: Thyroid hormone signaling pathway,0.6101603205009662,0.9917355371900827,0.6666666666666666,1.0,0.4211618953175769,0.05457083666383848,121,121,120,False,True,True,"MYC, PLN, SLC16A10, ESR1, AKT1"
KEGG: Signaling pathways regulating pluripotency of stem cells,0.6100232685946766,0.9647887323943662,0.6666666666666666,0.993006993006993,0.43158651494300326,0.07565251754743545,143,142,137,False,True,True,"IGF1, MYC, AKT1, WNT4, FGF2"
KEGG: FoxO signaling pathway,0.6096420281844663,0.9844961240310077,0.6666666666666666,0.9847328244274809,0.3955499968337175,0.09628106840366192,131,129,127,False,True,True,"IGF1, AKT1, S1PR1, PTEN, IRS1"
Reactome: Signaling By FGFR In Disease R-HSA-1226099,0.609197993502321,1.0,0.6666666666666666,0.9836065573770492,0.34858309526741854,0.1263686208780662,61,60,60,False,True,True,"PIK3R1, FGF1, FGF16, FGF17, FGF13"
KEGG: Thyroid hormone synthesis,0.6091338946884646,0.9866666666666667,0.6666666666666666,1.0,0.4058057088510549,0.06986376459126793,75,75,74,False,True,True,"ADCY4, ATP1A2, LRP2, IYD, TSHB"
Reactome: Ion Channel Transport R-HSA-983712,0.6090709101179563,0.9712643678160919,0.6666666666666666,0.9942857142857143,0.39153557146220425,0.10350699226386641,175,174,169,False,True,True,"FXYD1, PLN, TRPC6, RYR3, ATP1A2"
KEGG: Apelin signaling pathway,0.6089692323232421,0.9850746268656716,0.6666666666666666,0.9781021897810219,0.39943327747222923,0.09342828160920992,137,134,132,False,True,True,"SPP1, AKT1, ADCY4, MYLK, RYR3"
KEGG: MAPK signaling pathway,0.6088977744557792,0.9828178694158075,0.6666666666666666,0.9897959183673469,0.3880576054275994,0.09793312532664497,294,291,286,False,True,True,"IGF1, MYC, AKT1, PDGFRB, FLT3LG"
Reactome: Signaling By FLT3 ITD And TKD Mutants R-HSA-9703648,0.6088846916204443,1.0,0.6666666666666666,1.0,0.3569317762041248,0.10415834856476355,15,15,15,False,True,True,"PIK3R1, PIK3CA, GRB2, NOX4, STAT5B"
Reactome: Pyroptosis R-HSA-5620971,0.6087553118678593,1.0,0.6666666666666666,0.9230769230769231,0.3839725785854225,0.1341629551128479,26,24,24,False,True,True,"CASP5, CASP1, IL1B, IL18, IRF1"
KEGG: Colorectal cancer,0.6085208419639726,1.0,0.6666666666666666,1.0,0.3582270947466615,0.10104378173986794,86,86,86,False,True,True,"MYC, AKT1, BIRC5, AKT3, PIK3R1"
KEGG: Phospholipase D signaling pathway,0.6083887959325461,0.9861111111111112,0.6666666666666666,0.972972972972973,0.4079340084647763,0.08483579702377961,148,144,142,False,True,True,"AKT1, PDGFRB, ADCY4, SHC2, PTGFR"
Reactome: RUNX2 Regulates Bone Development R-HSA-8941326,0.6083030646383986,0.9666666666666667,0.6666666666666666,0.967741935483871,0.45227431026186393,0.06343456131722526,31,30,29,False,True,True,"ABL1, GLI2, ZNF521, HEY2, GLI3"
KEGG: Basal cell carcinoma,0.6079684986644871,0.9682539682539683,0.6666666666666666,1.0,0.44138562403243503,0.046869567702699136,63,63,61,False,True,True,"GLI2, WNT4, GLI1, PTCH1, WNT9A"
KEGG: Butanoate metabolism,0.6078994019325467,0.9285714285714286,0.6666666666666666,1.0,0.41154042114860107,0.11605182660937009,28,28,26,False,True,True,"HADH, ALDH5A1, GAD2, HMGCLL1, GAD1"
Reactome: Pre-NOTCH Processing In Golgi R-HSA-1912420,0.6077061449516372,1.0,0.6666666666666666,1.0,0.3193043139250795,0.13589307749977278,18,18,18,False,True,True,"ST3GAL4, NOTCH4, ATP2A1, NOTCH3, ST3GAL6"
Reactome: MAPK Targets/ Nuclear Events Mediated By MAP Kinases R-HSA-450282,0.6076447722997647,1.0,0.6666666666666666,1.0,0.3481317300360084,0.10675879812948137,30,30,30,False,True,True,"MAPK10, MEF2C, DUSP7, MAPK11, KCNH8"
Reactome: Metabolism Of Carbohydrates R-HSA-71387,0.6076166556563645,0.9856115107913669,0.6666666666666666,0.9754385964912281,0.3722592220254521,0.11530026476324899,285,278,274,False,True,True,"OGN, DCN, OMD, UST, ENO1"
Reactome: Bile Acid And Bile Salt Metabolism R-HSA-194068,0.6075433102529499,0.9777777777777777,0.6666666666666666,1.0,0.3682548825054076,0.10835055764823076,45,45,44,True,False,True,"PTGIS, SLC10A1, CYP7A1, OSBPL6, SLCO1B1"
KEGG: Fluid shear stress and atherosclerosis,0.6073255377565137,0.9637681159420289,0.6666666666666666,0.9928057553956835,0.4123413826614499,0.0825805402989939,139,138,133,False,True,True,"GSTM5, AKT1, CDH5, AKT3, ITGB3"
Reactome: Defective B3GALTL Causes PpS R-HSA-5083635,0.6073025350430981,1.0,0.3333333333333333,0.972972972972973,0.6081297334992868,0.2819865453198075,37,36,36,False,False,True,"ADAMTSL5, ADAMTS3, ADAMTSL1, ADAMTS6, ADAMTS4"
KEGG: Human papillomavirus infection,0.6072015040771888,0.9787234042553191,0.6666666666666666,0.9939577039274925,0.3975788177148387,0.08090368713683271,331,329,322,False,True,True,"SPP1, HEYL, COL6A2, AKT1, PDGFRB"
Reactome: RAC1 GTPase Cycle R-HSA-9013149,0.6069752057003607,0.9885057471264368,0.6666666666666666,0.9775280898876404,0.3628380505041646,0.11705283012213875,178,174,172,True,False,True,"ARHGEF15, MCAM, ARHGAP23, ARHGAP20, PIK3R1"
Reactome: Stimuli-sensing Channels R-HSA-2672351,0.6068487707860145,0.95,0.6666666666666666,1.0,0.39020808143039915,0.11070243916633962,100,100,95,False,True,True,"TRPC6, RYR3, TRPC4, TRPC1, ANO3"
Reactome: cGMP Effects R-HSA-418457,0.6067372988840324,1.0,0.3333333333333333,0.9333333333333333,0.6556126039593505,0.2614072237941446,15,14,14,False,False,True,"PDE10A, PRKG1, PDE5A, KCNMA1, PDE2A"
Reactome: Neurotransmitter Receptors And Postsynaptic Signal Transmission R-HSA-112314,0.6067348777113087,0.9835164835164835,0.6666666666666666,1.0,0.3723266110577782,0.0944979606489487,182,182,179,False,True,True,"APBA1, ADCY4, GRIN2D, GRIN2A, CAMK2A"
KEGG: Inflammatory mediator regulation of TRP channels,0.6065924326618891,0.9484536082474226,0.6666666666666666,0.9897959183673469,0.40814817608154885,0.10068010687163077,98,97,92,False,True,True,"IGF1, ADCY4, CAMK2A, PIK3R1, HTR2B"
KEGG: Yersinia infection,0.606531444286191,0.9925925925925926,0.6666666666666666,0.9854014598540146,0.35560384084878893,0.11207635976572906,137,135,134,False,True,True,"AKT1, AKT3, TNF, PIK3R1, WIPF3"
Reactome: O-glycosylation Of TSR Domain-Containing Proteins R-HSA-5173214,0.6065070685131859,1.0,0.3333333333333333,0.9736842105263158,0.5979751045262125,0.2876304134783136,38,37,37,False,False,True,"ADAMTSL5, ADAMTS3, ADAMTSL1, ADAMTS6, ADAMTS4"
KEGG: Synthesis and degradation of ketone bodies,0.6064988700382411,1.0,0.3333333333333333,1.0,0.4288854160356382,0.4369422674889006,10,10,10,False,False,True,"HMGCLL1, ACAT2, HMGCS2, BDH1, BDH2"
KEGG: Longevity regulating pathway,0.6064811240164556,0.9803921568627451,0.6666666666666666,1.0,0.3893432956759664,0.07933683421023376,102,102,100,False,True,True,"IGF1, AKT1, ADCY4, IRS1, CRYAB"
Reactome: G Alpha (I) Signaling Events R-HSA-418594,0.6064068440799167,0.9545454545454546,0.6666666666666666,0.9871794871794872,0.40064866825653833,0.10312214887964198,312,308,294,False,True,True,"P2RY14, CCL21, CXCL12, PTGER3, ADRA2C"
Reactome: FGFR3 Ligand Binding And Activation R-HSA-190239,0.6061163773218647,1.0,0.3333333333333333,1.0,0.5802293874119309,0.28368583253072643,13,13,13,False,False,True,"FGF1, FGF16, FGF17, FGF13, FGF8"
KEGG: Sphingolipid signaling pathway,0.6060037555166954,0.9831932773109243,0.6666666666666666,1.0,0.35396502352719533,0.10952714341202442,119,119,117,False,True,True,"AKT1, S1PR3, S1PR1, PTEN, FYN"
Reactome: Synthesis Of PC R-HSA-1483191,0.6059772900708666,1.0,0.6666666666666666,1.0,0.34118414053816287,0.1053689764828371,27,27,27,False,True,True,"BCHE, PHOSPHO1, SH2D3C, CHKA, ABHD3"
Reactome: FGFR1 Ligand Binding And Activation R-HSA-190242,0.6059289311635214,1.0,0.3333333333333333,0.9375,0.5690758739250117,0.34077711522592863,16,15,15,False,False,True,"FGF1, FGF17, FGF13, FGF10, FGF8"
Reactome: Iron Uptake And Transport R-HSA-917937,0.6058802558033207,0.9830508474576272,0.6666666666666666,1.0,0.38698989719869564,0.07602720102694728,59,59,58,False,True,True,"ABCG2, TFR2, SLC40A1, ATP6V1B2, ATP6V0B"
Reactome: STAT5 Activation Downstream Of FLT3 ITD Mutants R-HSA-9702518,0.6058693302195307,1.0,0.6666666666666666,1.0,0.3193601434526377,0.12665317431168235,10,10,10,False,True,True,"GRB2, NOX4, STAT5B, GAB2, BCL2L1"
KEGG: Estrogen signaling pathway,0.605676953649948,0.9635036496350365,0.6666666666666666,1.0,0.3959917166556016,0.08555606862576834,137,137,132,False,True,True,"PGR, ESR1, AKT1, ADCY4, SHC2"
"KEGG: Parathyroid hormone synthesis, secretion and action",0.6056749043768824,1.0,0.6666666666666666,1.0,0.35472711087137887,0.09031407767969943,106,106,106,False,True,True,"PTH1R, ADCY4, MMP16, CREB3L1, GNAI1"
Reactome: WNT Ligand Biogenesis And Trafficking R-HSA-3238698,0.605620744276361,0.9615384615384616,0.6666666666666666,1.0,0.4542499751711606,0.028981951338849888,26,26,25,False,True,True,"WNT4, WNT9A, WNT2, WNT5B, WNT2B"
KEGG: Human T-cell leukemia virus 1 infection,0.6053105869018551,0.9726027397260274,0.6666666666666666,1.0,0.3506546016357038,0.1199622598142111,219,219,213,False,True,True,"MYC, AKT1, PTEN, ADCY4, CDKN2A"
Reactome: PI3K Events In ERBB2 Signaling R-HSA-1963642,0.6052481238113653,1.0,0.3333333333333333,1.0,0.5848138957176695,0.2747600566724901,16,16,16,False,False,True,"NRG2, ERBB3, PIK3R1, ERBB2, PIK3CA"
Reactome: O-linked Glycosylation Of Mucins R-HSA-913709,0.6051030987354433,0.9830508474576272,0.6666666666666666,1.0,0.38172147494047715,0.07740983794577898,59,59,58,False,True,True,"GALNT14, GCNT1, B3GNT6, MUCL1, ST6GALNAC3"
KEGG: Toxoplasmosis,0.6049909927542153,0.9553571428571429,0.6666666666666666,1.0,0.3846185628943134,0.10164592468628725,112,112,107,False,True,True,"AKT1, AKT3, TNF, LY96, LAMA2"
KEGG: TGF-beta signaling pathway,0.6049861138083547,1.0,0.6666666666666666,0.9787234042553191,0.38448879401871683,0.07306588849823342,94,92,92,False,True,True,"DCN, MYC, GREM2, BMP8A, TNF"
Reactome: PI-3K cascade:FGFR3 R-HSA-5654710,0.6046570380926524,1.0,0.3333333333333333,1.0,0.5835524958230879,0.2730660279735072,18,18,18,False,False,True,"PIK3R1, FGF1, FGF16, FGF17, FGF13"
KEGG: Tuberculosis,0.6045865961847277,0.9555555555555556,0.6666666666666666,1.0,0.38639132708516055,0.09765276494958881,180,180,172,False,True,True,"AKT1, PLA2R1, AKT3, TNF, CAMK2A"
KEGG: Non-small cell lung cancer,0.6044624312141521,1.0,0.6666666666666666,1.0,0.3626147127238396,0.07636411001358773,72,72,72,False,True,True,"AKT1, CDKN2A, AKT3, PIK3R1, E2F1"
KEGG: Transcriptional misregulation in cancer,0.6042691897304553,0.9710982658959537,0.6666666666666666,0.9010416666666666,0.4192018870043095,0.12193121241868,192,173,168,False,True,True,"RUNX1T1, IGF1, WT1, MYC, HOXA11"
Reactome: Prolactin Receptor Signaling R-HSA-1170546,0.6040279697608041,1.0,0.6666666666666666,1.0,0.3350773885714927,0.10172912689919425,15,15,15,False,True,True,"GHR, PRLR, GH1, STAT5B, PRL"
Reactome: Mitotic Prophase R-HSA-68875,0.6036998462804506,1.0,1.0,0.7053571428571429,0.1952236843161886,0.04425768994320706,112,79,79,True,True,True,"RAB33B, CCNB2, PRKCA, NUP37, NUP155"
Reactome: Interleukin-6 Family Signaling R-HSA-6783589,0.603604281890534,0.9583333333333334,0.6666666666666666,1.0,0.33449274171360194,0.1418620010724013,24,24,23,False,True,True,"CTF1, LIFR, IL11RA, IL11, CNTF"
KEGG: Tight junction,0.6035565135758553,0.9878048780487805,0.6666666666666666,0.9704142011834319,0.3611552846308518,0.10767842097873706,169,164,162,False,True,True,"MYH11, JAM2, CLDN4, JAM3, MYL9"
KEGG: Ras signaling pathway,0.6035409047543135,0.9822222222222222,0.6666666666666666,0.9698275862068966,0.39400375316758973,0.08077452539324967,232,225,221,False,True,True,"IGF1, ABL1, AKT1, PDGFRB, SHC2"
KEGG: Th17 cell differentiation,0.6033640372397471,0.9626168224299065,0.6666666666666666,1.0,0.32176894268681244,0.14910108774868294,107,107,103,False,True,True,"MAPK10, IL22, IL2RB, PPP3R1, CD247"
KEGG: Vasopressin-regulated water reabsorption,0.6032428876933922,1.0,0.6666666666666666,1.0,0.3198714900634258,0.11300961507020148,44,44,44,True,False,True,"CREB3L1, AQP3, AVPR2, CREB3L2, PRKACB"
Reactome: Receptor-type Tyrosine-Protein Phosphatases R-HSA-388844,0.6028808093209013,1.0,0.3333333333333333,1.0,0.5764492827595918,0.2712880971782479,20,20,20,False,False,True,"PTPRD, NTRK3, IL1RAPL2, PPFIA2, SLITRK3"
KEGG: Spliceosome,0.6026852586548895,0.9136690647482014,1.0,0.9266666666666666,0.13047635524929577,0.024280873276950235,150,139,127,True,True,True,"EIF4A3, HSPA6, PRPF38A, HSPA2, SNRPD1"
Reactome: Transport Of Organic Anions R-HSA-879518,0.6026595267653421,1.0,0.3333333333333333,1.0,0.6720527254896043,0.17457824167043948,11,11,11,False,False,True,"SLCO2B1, SLCO1B1, SLCO1C1, SLC16A2, SLCO2A1"
Reactome: Sema4D Induced Cell Migration And Growth-Cone Collapse R-HSA-416572,0.6025352573140773,1.0,0.6666666666666666,1.0,0.38538083247918664,0.04396212075786612,20,20,20,False,True,True,"MYH11, MYL9, ERBB2, PLXNB1, MYH14"
KEGG: C-type lectin receptor signaling pathway,0.6023969214838427,0.9711538461538461,0.6666666666666666,1.0,0.3575867019049254,0.09991072602710852,104,104,101,False,True,True,"AKT1, EGR3, AKT3, TNF, PIK3R1"
Reactome: Synthesis Of Pyrophosphates In Cytosol R-HSA-1855167,0.6023743883480667,1.0,0.6666666666666666,1.0,0.38425742318989126,0.044281185217108124,10,10,10,False,True,True,"NUDT11, NUDT10, IP6K3, IP6K1, PPIP5K1"
KEGG: Adipocytokine signaling pathway,0.6023734737046763,1.0,0.6666666666666666,0.9855072463768116,0.36711073552299195,0.07229286488444749,69,68,68,False,True,True,"AKT1, IRS1, AKT3, TNF, MAPK10"
KEGG: Cardiac muscle contraction,0.601691285881717,0.9540229885057471,0.6666666666666666,1.0,0.37731253651026303,0.09378757105924192,87,87,83,False,True,True,"COX7A1, CASQ2, ATP1A2, CACNA1D, CACNA2D1"
KEGG: Th1 and Th2 cell differentiation,0.6016186080466317,0.9565217391304348,0.6666666666666666,1.0,0.32478770630246584,0.14345026146692452,92,92,88,False,True,True,"MAPK10, IL2RB, PPP3R1, CD247, NFKBIA"
KEGG: Type I diabetes mellitus,0.6015653076971091,0.9069767441860465,0.6666666666666666,1.0,0.3754546882427591,0.14206177272340675,43,43,39,False,True,True,"TNF, CD86, GAD2, CPE, PTPRN2"
Reactome: MyD88 Deficiency (TLR2/4) R-HSA-5602498,0.6013118392408209,1.0,0.3333333333333333,1.0,0.5637468713984415,0.27614565813899594,17,17,17,False,False,True,"LY96, S100A1, S100A9, CD36, TLR4"
KEGG: Hippo signaling pathway,0.6011063571822971,0.9811320754716981,0.6666666666666666,0.9754601226993865,0.3774051422528339,0.08206614282908017,163,159,156,False,True,True,"DCHS1, MYC, SNAI2, GLI2, WNT4"
Reactome: Visual Phototransduction R-HSA-2187338,0.6010404391621971,0.968421052631579,0.6666666666666666,0.9693877551020408,0.37754165637681764,0.09886533714272527,98,95,92,False,True,True,"LRP2, HSD17B6, SDC1, C1D, RBP1"
Reactome: Reversible Hydration Of Carbon Dioxide R-HSA-1475029,0.6008327469892177,0.9166666666666666,0.3333333333333333,1.0,0.6501881131524225,0.2706422884603326,12,12,11,False,False,True,"CA4, CA5B, CA9, CA3, CA2"
KEGG: Neurotrophin signaling pathway,0.6007651337767038,0.9830508474576272,0.6666666666666666,0.9915966386554622,0.3668759180779552,0.07686809102300697,119,118,116,False,True,True,"ABL1, AKT1, SHC2, IRS1, NTRK3"
"Reactome: GABA Synthesis, Release, Reuptake And Degradation R-HSA-888590",0.6006353039564419,1.0,0.3333333333333333,1.0,0.566569162954311,0.2699406901612318,19,19,19,False,False,True,"SNAP25, CPLX1, ALDH5A1, SLC6A11, GAD2"
KEGG: Hedgehog signaling pathway,0.6006337682128894,0.9807692307692307,0.6666666666666666,0.9285714285714286,0.44576813783061225,0.046869567702699136,56,52,51,False,True,True,"GAS1, GLI2, GLI1, PTCH1, LRP2"
Reactome: Opioid Signaling R-HSA-111885,0.6005425867512203,1.0,0.6666666666666666,0.9886363636363636,0.35200365812250534,0.07589866957298955,88,87,87,False,True,True,"ADCY4, CAMK2A, GNG7, GNAI1, ADCY1"
Reactome: EPH-Ephrin Signaling R-HSA-2682334,0.600521215601531,0.9777777777777777,0.6666666666666666,0.989010989010989,0.3382524747211167,0.11148425041718547,91,90,88,False,True,True,"MYH11, MYL9, FYN, EPHB2, EPHA5"
Reactome: Lysosome Vesicle Biogenesis R-HSA-432720,0.6003475048997975,0.9705882352941176,0.6666666666666666,1.0,0.30625102413600724,0.14156493173552967,34,34,33,False,True,True,"VAMP8, CTSZ, CLVS2, AP1S2, AP1M2"
KEGG: TNF signaling pathway,0.6002616744904071,1.0,0.6666666666666666,0.9910714285714286,0.35774472354734627,0.0669267441427844,112,111,111,False,True,True,"AKT1, AKT3, TNF, PIK3R1, CREB3L1"
Reactome: Role Of Nef In HIV-1 Replication And Disease Pathogenesis R-HSA-164952,0.6002228960764298,1.0,0.6666666666666666,1.0,0.31504912524644707,0.10273202180236811,27,27,27,False,True,True,"FYN, CD247, RNASE1, AP1S2, AP1M2"
KEGG: Choline metabolism in cancer,0.600122778896714,0.9787234042553191,0.6666666666666666,0.9591836734693877,0.3710847386745723,0.09808466311830386,98,94,92,False,True,True,"AKT1, PDGFRB, AKT3, PDGFRA, PIK3R1"
KEGG: T cell receptor signaling pathway,0.6000177992481462,1.0,0.6666666666666666,0.9711538461538461,0.35799993830751137,0.0803903399845015,104,101,101,False,True,True,"AKT1, FYN, AKT3, TNF, PIK3R1"
Reactome: Factors Involved In Megakaryocyte Development And Platelet Production R-HSA-983231,0.5999797598650297,0.9770992366412213,0.6666666666666666,0.9632352941176471,0.396022315127574,0.0710174436347849,136,131,128,False,True,True,"KIF1A, ZFPM2, ABL1, EHD2, GATA4"
Reactome: Antigen Activates B Cell Receptor Leading To Second Messenger Generation R-HSA-983695,0.5996731500691617,1.0,0.6666666666666666,1.0,0.34103888315733527,0.07399353385513957,31,31,31,False,True,True,"FYN, PIK3R1, TRPC1, ITPR1, PIK3AP1"
KEGG: Melanogenesis,0.5996676179902328,0.9702970297029703,0.6666666666666666,1.0,0.38396426215505836,0.060743464759802225,101,101,98,False,True,True,"WNT4, ADCY4, WNT9A, WNT2, CAMK2A"
Reactome: Metabolism Of Steroid Hormones R-HSA-196071,0.5996503536427118,1.0,0.6666666666666666,0.9428571428571428,0.39101510152287944,0.0667604762144888,35,33,33,False,True,True,"CYP19A1, CYP11A1, CYP17A1, CHGA, HSD3B2"
Reactome: Pyrimidine Catabolism R-HSA-73621,0.5996342169190582,1.0,0.3333333333333333,1.0,0.5009349269991165,0.33056949092950766,12,12,12,False,False,True,"UPP2, NT5C1A, UPB1, UPP1, SCO2"
KEGG: Oxytocin signaling pathway,0.599524959162704,0.9666666666666667,0.6666666666666666,0.974025974025974,0.38819098639464367,0.07891432889939587,154,150,145,False,True,True,"NPR2, GUCY1A2, MYL9, ADCY4, MYLK"
Reactome: Recycling Of Bile Acids And Salts R-HSA-159418,0.5993532393334817,1.0,0.6666666666666666,1.0,0.3225029958516078,0.09092986748246694,18,18,18,True,False,True,"SLC10A1, SLCO1B1, SLC27A5, SLCO1B3, NR1H4"
KEGG: Inflammatory bowel disease,0.5993205748146049,0.9384615384615385,0.6666666666666666,1.0,0.33768666624679755,0.13712133603135507,65,65,61,False,True,True,"TNF, IL22, TGFB3, FOXP3, IFNGR2"
Reactome: Signaling By Retinoic Acid R-HSA-5362517,0.5992890801960109,0.926829268292683,0.6666666666666666,1.0,0.39732734545450854,0.08895545389952951,41,41,38,False,True,True,"ALDH1A2, PDHA2, RDH10, CRABP1, ALDH1A1"
KEGG: Glycosaminoglycan degradation,0.5992593383843351,1.0,0.6666666666666666,1.0,0.2945049412207074,0.11845841736763443,19,19,19,False,True,True,"HPSE2, HYAL1, HYAL3, HPSE, HYAL2"
KEGG: Hepatocellular carcinoma,0.5992561020675096,0.9580838323353293,0.6666666666666666,0.9940476190476191,0.37699314695395586,0.08233448342921511,168,167,160,False,True,True,"MYC, GSTM5, AKT1, WNT4, PTEN"
Reactome: Costimulation By CD28 Family R-HSA-388841,0.599253370333891,0.9411764705882353,0.6666666666666666,1.0,0.34941645644359215,0.12234059130429487,68,68,64,False,True,True,"AKT1, FYN, AKT3, PIK3R1, CD86"
Reactome: LGI-ADAM Interactions R-HSA-5682910,0.5991454997488799,1.0,0.3333333333333333,1.0,0.4274646808421356,0.4015961512355971,14,14,14,False,False,True,"ADAM22, CACNG8, LGI2, ADAM23, ADAM11"
Reactome: RHO GTPases Activate WASPs And WAVEs R-HSA-5663213,0.5987855881243421,0.9428571428571428,0.6666666666666666,0.9722222222222222,0.32329220163210753,0.1652785961324599,36,35,33,False,True,True,"ABL1, WIPF3, WASL, RNASE1, WASF3"
Reactome: Neutrophil Degranulation R-HSA-6798695,0.5987412597989477,0.9779735682819384,0.6666666666666666,0.9700854700854701,0.3553986119436479,0.09943668287171616,468,454,444,False,True,True,"GLIPR1, PTPRB, P2RX1, VAMP8, CRISPLD2"
KEGG: Pancreatic cancer,0.5987290164227133,1.0,0.6666666666666666,1.0,0.3319661105196423,0.07834563826059016,76,76,76,False,True,True,"AKT1, CDKN2A, AKT3, PIK3R1, E2F1"
Reactome: Ion Transport By P-type ATPases R-HSA-936837,0.598596221402673,1.0,0.6666666666666666,0.9811320754716981,0.35132283370821904,0.07247588336803873,53,52,52,False,True,True,"FXYD1, PLN, ATP1A2, CAMK2A, ATP1B2"
KEGG: Intestinal immune network for IgA production,0.598558706615848,0.9166666666666666,0.6666666666666666,1.0,0.35174890908654965,0.14104462399269022,48,48,44,False,True,True,"CXCL12, CD86, MADCAM1, TNFSF13B, CCR9"
KEGG: Hematopoietic cell lineage,0.5983644345295506,0.9489795918367347,0.6666666666666666,0.98989898989899,0.39131549722403575,0.07576950782940652,99,98,93,False,True,True,"FLT3LG, CD34, ITGB3, TNF, IL3RA"
KEGG: Apoptosis,0.598237324863591,0.9928571428571429,0.6666666666666666,0.9859154929577465,0.34486184009766874,0.08069768831150004,142,140,139,False,True,True,"AKT1, BIRC5, AKT3, TNF, PIK3R1"
Reactome: Signal Attenuation R-HSA-74749,0.5982104230236539,1.0,0.3333333333333333,1.0,0.5988259238936506,0.22555952455795247,10,10,10,False,False,True,"IRS1, GRB10, IRS2, INSR, GRB2"
KEGG: mTOR signaling pathway,0.5981263913458275,0.9802631578947368,0.6666666666666666,0.987012987012987,0.3573022811463885,0.0794734440949389,154,152,149,False,True,True,"IGF1, AKT1, WNT4, PTEN, IRS1"
KEGG: Chemical carcinogenesis,0.5978895341264012,0.8908296943231441,0.6666666666666666,0.9581589958158996,0.375316198032741,0.17134919808086324,239,229,204,False,True,True,"PGR, MYC, AR, GSTM5, ESR1"
Reactome: eNOS Activation R-HSA-203615,0.5975426390948452,1.0,0.3333333333333333,1.0,0.5930668730608897,0.22797965574666942,11,11,11,False,False,True,"AKT1, CYGB, CAV1, TACR1, ZDHHC21"
KEGG: Insulin signaling pathway,0.5975194845510441,0.9852941176470589,0.6666666666666666,0.9927007299270073,0.35207884560968417,0.07236557871988863,137,136,134,False,True,True,"AKT1, SHC2, IRS1, HK3, AKT3"
Reactome: NRAGE Signals Death Thru JNK R-HSA-193648,0.597256958061302,1.0,0.6666666666666666,1.0,0.3182697888365395,0.08468166813663691,57,57,57,False,True,True,"ARHGEF15, NGFR, ECT2, RASGRF2, ARHGEF17"
KEGG: Glutathione metabolism,0.5970565486832964,0.9285714285714286,0.6666666666666666,0.9824561403508771,0.3570664091668853,0.12946946708167686,57,56,52,False,True,True,"GSTM5, GGT5, RRM2, GPX2, LAP3"
KEGG: Mucin type O-glycan biosynthesis,0.5970218027974854,0.9411764705882353,0.6666666666666666,0.9444444444444444,0.4057820542759871,0.09648382245653808,36,34,32,False,True,True,"GALNT14, GCNT1, B3GNT6, ST6GALNAC3, B3GNT3"
KEGG: Human cytomegalovirus infection,0.5967312077689787,0.9684684684684685,0.6666666666666666,0.9866666666666667,0.3613102228950912,0.08054401414800075,225,222,215,False,True,True,"CXCL12, MYC, PTGER3, AKT1, ADCY4"
Reactome: Activation Of BH3-only Proteins R-HSA-114452,0.5966395145826082,1.0,0.6666666666666666,1.0,0.34057899927508817,0.059285240304619805,30,30,30,False,True,True,"AKT1, AKT3, E2F1, PPP3R1, BCL2"
Reactome: Regulation Of TP53 Expression And Degradation R-HSA-6806003,0.5964338261887352,1.0,0.6666666666666666,1.0,0.3019009345155014,0.09693486309484069,37,37,37,False,True,True,"AKT1, CDKN2A, AKT3, PRDM1, SGK1"
Reactome: EML4 And NUDC In Mitotic Spindle Formation R-HSA-9648025,0.5964292456225305,1.0,0.6666666666666666,0.9484536082474226,0.3419880742513295,0.09548461434242339,97,92,92,False,True,True,"BIRC5, SPC25, BUB1, SKA1, NDC80"
Reactome: RAB Geranylgeranylation R-HSA-8873719,0.5961660217985852,0.967741935483871,0.6666666666666666,1.0,0.2993089880488469,0.13044585212687498,62,62,60,False,True,True,"RAB30, RAB23, RAB9B, RAB26, RAB33B"
Reactome: Resolution Of Abasic Sites (AP Sites) R-HSA-73933,0.5961566538438459,0.972972972972973,0.6666666666666666,0.9736842105263158,0.26355028353736043,0.18066352148082582,38,37,36,False,True,True,"RFC4, RPA3, LRIG1, POLR1A, POLD2"
Reactome: Processive Synthesis On Lagging Strand R-HSA-69183,0.596106480129672,1.0,0.3333333333333333,1.0,0.45354749860591137,0.36031823537578245,15,15,15,False,False,True,"PRIM1, RPA3, LRIG1, POLR1A, POLD2"
Reactome: RHOD GTPase Cycle R-HSA-9013405,0.5959938949456239,1.0,0.6666666666666666,0.9615384615384616,0.2849027445569653,0.14057955068397535,52,50,50,True,False,True,"MCAM, PIK3R1, CAV1, FILIP1, PLXNB1"
Reactome: Activation Of Matrix Metalloproteinases R-HSA-1592389,0.5959515985873134,0.9696969696969697,0.3333333333333333,1.0,0.5153828593228688,0.32801149725006223,33,33,32,False,False,True,"MMP16, MMP28, MMP11, PLG, MMP9"
KEGG: Pathogenic Escherichia coli infection,0.5958896433353547,0.9897435897435898,0.6666666666666666,0.9898477157360406,0.3369452444483592,0.07704026234946042,197,195,193,False,True,True,"MYH11, CLDN4, ABL1, FYN, TJP1"
Reactome: FCERI Mediated Ca+2 Mobilization R-HSA-2871809,0.5957716057693995,1.0,0.6666666666666666,1.0,0.30079740792094933,0.09472728759271473,29,29,29,False,True,True,"PPP3R1, PLCG1, ITPR1, GRB2, GRAP2"
Reactome: PI-3K cascade:FGFR1 R-HSA-5654689,0.595370936478577,1.0,0.3333333333333333,1.0,0.5502015711114868,0.2599864446147311,21,21,21,False,False,True,"PIK3R1, FGF1, FGF17, FGF13, PIK3CA"
Reactome: FCERI Mediated MAPK Activation R-HSA-2871796,0.5953581826065667,1.0,0.6666666666666666,1.0,0.3143466009408705,0.0791109787586291,29,29,29,False,True,True,"MAPK10, RNASE1, PLCG1, GRB2, GRAP2"
Reactome: RHOG GTPase Cycle R-HSA-9013408,0.5953388786828974,1.0,0.6666666666666666,0.972972972972973,0.2823335869332813,0.13129774341814235,74,72,72,True,False,True,"MCAM, PIK3R1, CAV1, DOCK3, ARHGDIG"
KEGG: Autophagy,0.5952359732812534,1.0,0.6666666666666666,0.9854014598540146,0.3328015022696045,0.07099393591281809,137,135,135,False,True,True,"AKT1, PTEN, VAMP8, IRS1, BNIP3"
Reactome: Signaling By Activated Point Mutants Of FGFR1 R-HSA-1839122,0.5951495286467289,1.0,0.3333333333333333,1.0,0.5490945319522463,0.2599864446147311,11,11,11,False,False,True,"FGF1, FGF17, FGF13, FGF8, FGF6"
"Reactome: Nucleotide-binding Domain, Leucine Rich Repeat Containing NLR Signaling Pathways R-HSA-168643",0.5951286317186767,0.9811320754716981,0.6666666666666666,1.0,0.3342661994836026,0.07691155030474907,53,53,52,False,True,True,"CASP1, P2RX7, MAP2K6, MAPK11, BCL2"
Reactome: Condensation Of Prometaphase Chromosomes R-HSA-2514853,0.5950422095438904,1.0,0.3333333333333333,1.0,0.48285713706503547,0.32568724398775,10,10,10,False,False,True,"RAB33B, CCNB2, NCAPG, NCAPH, CCNB1"
Reactome: RHOA GTPase Cycle R-HSA-8980692,0.5947196946371351,0.986013986013986,0.6666666666666666,0.9727891156462585,0.34324271013842855,0.0814166069652343,147,143,141,True,False,True,"ARHGEF15, MCAM, ARHGAP23, ARHGAP20, ANLN"
Reactome: Unattached Kinetochores Signal Amplification Via A MAD2 Inhibitory Signal R-HSA-141444,0.5946061246391338,1.0,0.6666666666666666,0.946236559139785,0.33784297987721507,0.09217689063028142,93,88,88,False,True,True,"BIRC5, SPC25, BUB1, SKA1, NDC80"
KEGG: Lipid and atherosclerosis,0.5944429418808681,0.9672897196261683,0.6666666666666666,0.9953488372093023,0.3556944007887617,0.06938562774909988,215,214,207,False,True,True,"AKT1, AKT3, TNF, CAMK2A, PIK3R1"
Reactome: Signaling By BRAF And RAF1 Fusions R-HSA-6802952,0.5940515994332082,1.0,0.6666666666666666,0.9838709677419355,0.3061379991720953,0.09288343885416056,62,61,61,False,True,True,"FAM131B, VWF, ITGB3, CAMK2A, VCL"
Reactome: Resolution Of Sister Chromatid Cohesion R-HSA-2500257,0.5938838029308694,1.0,0.6666666666666666,0.9433962264150944,0.3350547160359961,0.09348379547369648,106,100,100,False,True,True,"BIRC5, SPC25, BUB1, SKA1, NDC80"
KEGG: p53 signaling pathway,0.5937827306703453,1.0,0.6666666666666666,0.9726027397260274,0.3456967144449529,0.06043155077891935,73,71,71,False,True,True,"IGF1, PTEN, RPRM, CDKN2A, RRM2"
Reactome: Signaling By FGFR R-HSA-190236,0.593654345996942,1.0,0.6666666666666666,0.9883720930232558,0.3178820410385488,0.07577728584538602,86,85,85,False,True,True,"PIK3R1, FGF1, FGF16, FGF17, FLRT1"
Reactome: RHOQ GTPase Cycle R-HSA-9013406,0.5935765907082248,1.0,0.6666666666666666,1.0,0.3024842228078961,0.08206539739989405,59,59,59,False,True,True,"CAV1, CDC42BPA, DLC1, SYDE1, WASL"
Reactome: Regulation Of TP53 Degradation R-HSA-6804757,0.5934968833998469,1.0,0.6666666666666666,1.0,0.2898852328887493,0.09426585077715137,36,36,36,False,True,True,"AKT1, CDKN2A, AKT3, SGK1, PDPK1"
KEGG: Retrograde endocannabinoid signaling,0.5933963896370027,0.9659863945578231,0.6666666666666666,0.9932432432432432,0.34410682268429693,0.07862296517712748,148,147,142,False,True,True,"ADCY4, CACNA1D, CACNA1C, GNG7, GRIA2"
Reactome: Signaling By NOTCH3 R-HSA-9012852,0.593317281950241,1.0,0.6666666666666666,0.9795918367346939,0.31374467030848413,0.08481452855836728,49,48,48,False,True,True,"HEYL, HEY2, PBX1, DLL4, MAML3"
Reactome: Phospholipase C-mediated Cascade; FGFR4 R-HSA-5654228,0.5932024165758614,1.0,0.3333333333333333,1.0,0.5639758724710798,0.23536954374156044,15,15,15,False,False,True,"FGF1, FGF16, FGF17, FGF13, PLCG1"
Reactome: TP53 Regulates Transcription Of Genes Involved In G1 Cell Cycle Arrest R-HSA-6804116,0.5931370355459644,1.0,0.3333333333333333,1.0,0.43980106750979375,0.359217443553361,14,14,14,False,False,True,"E2F1, E2F8, CCNE2, PCBP4, E2F7"
Reactome: Inositol Phosphate Metabolism R-HSA-1483249,0.592722349607208,1.0,0.6666666666666666,1.0,0.3447589352173679,0.03551947948533865,48,48,48,False,True,True,"PTEN, MIOX, NUDT11, NUDT10, PLCB1"
KEGG: Toll-like receptor signaling pathway,0.5924953090041587,0.941747572815534,0.6666666666666666,0.9903846153846154,0.38617763358008256,0.058429543753382086,104,103,97,False,True,True,"SPP1, AKT1, AKT3, TNF, PIK3R1"
Reactome: MyD88:MAL(TIRAP) Cascade Initiated On Plasma Membrane R-HSA-166058,0.5924752609636819,1.0,0.6666666666666666,1.0,0.30268726491233144,0.07635570657274447,112,112,112,False,True,True,"LY96, S100A1, MAPK10, MEF2C, S100B"
Reactome: Oncogenic MAPK Signaling R-HSA-6802957,0.592463788318568,1.0,0.6666666666666666,0.9743589743589743,0.2928203947265078,0.10539598276376852,78,76,76,False,True,True,"FAM131B, VWF, ITGB3, CAMK2A, DUSP7"
Reactome: Abacavir ADME R-HSA-2161522,0.5924389680381886,1.0,0.3333333333333333,1.0,0.560959409911612,0.23456876361266407,10,10,10,False,False,True,"ABCG2, ABCB1, SLC22A3, ADAL, PCK1"
KEGG: Measles,0.592250143123207,0.9710144927536232,0.6666666666666666,0.9928057553956835,0.3477455321351084,0.06455304084720707,139,138,134,False,True,True,"AKT1, AKT3, EIF2AK4, PIK3R1, CCND2"
Reactome: SHC-mediated cascade:FGFR2 R-HSA-5654699,0.5921246407774189,1.0,0.3333333333333333,1.0,0.5347502397171938,0.2592062975032339,22,22,22,False,False,True,"FGF1, FGF16, FGF17, FGF13, FGF7"
KEGG: Epstein-Barr virus infection,0.5921101166861666,0.9701492537313433,0.6666666666666666,0.995049504950495,0.3329210068192275,0.07785986083405827,202,201,195,False,True,True,"MYC, AKT1, AKT3, TNF, PIK3R1"
KEGG: Long-term depression,0.5918770385552861,0.9473684210526315,0.6666666666666666,0.95,0.3799369825931821,0.0862464557972836,60,57,54,False,True,True,"IGF1, GUCY1A2, PRKG1, GRIA2, GNAI1"
Reactome: PI3K Events In ERBB4 Signaling R-HSA-1250342,0.5917275578620801,1.0,0.3333333333333333,1.0,0.6014723683328778,0.19049875431085625,10,10,10,False,False,True,"NRG2, PIK3R1, PIK3CA, EREG, NRG1"
Reactome: Signaling By FGFR3 In Disease R-HSA-5655332,0.5915232931774294,1.0,0.3333333333333333,1.0,0.5429580562688464,0.24799174295163362,21,21,21,False,False,True,"PIK3R1, FGF1, FGF16, FGF17, FGF13"
Reactome: Nitric Oxide Stimulates Guanylate Cyclase R-HSA-392154,0.5914359436608968,1.0,0.3333333333333333,0.8571428571428571,0.6418187851785487,0.25583712360212557,21,18,18,False,False,True,"GUCY1A2, PDE10A, PRKG1, PDE5A, KCNMA1"
Reactome: Interleukin-21 Signaling R-HSA-9020958,0.5914218707697474,1.0,0.6666666666666666,1.0,0.20560743037027282,0.16816859014513066,10,10,10,False,True,True,"STAT5B, STAT1, IL21R, JAK3, JAK1"
Reactome: Signaling By FGFR2 R-HSA-5654738,0.5913478678937817,1.0,0.6666666666666666,1.0,0.29993524735974636,0.07347075877582832,72,72,72,False,True,True,"PIK3R1, FGF1, FGF16, FGF17, FGF13"
Reactome: Role Of LAT2/NTAL/LAB On Calcium Mobilization R-HSA-2730905,0.5910318290766511,1.0,0.3333333333333333,1.0,0.5163183255285742,0.27217415318801447,14,14,14,False,False,True,"FYN, PIK3R1, PIK3CA, PDPK1, GRB2"
Reactome: Fcgamma Receptor (FCGR) Dependent Phagocytosis R-HSA-2029480,0.5910092448675207,0.9759036144578314,0.6666666666666666,0.9540229885057471,0.33038130914002006,0.09991072602710852,87,83,81,False,True,True,"ABL1, FYN, PIK3R1, WIPF3, FCGR2A"
Reactome: Removal Of Flap Intermediate R-HSA-69166,0.5908553538414781,1.0,0.3333333333333333,1.0,0.43885319482385404,0.3487569077168701,14,14,14,False,False,True,"PRIM1, RPA3, POLR1A, POLD2, FEN1"
KEGG: Fat digestion and absorption,0.5905768227551729,1.0,0.6666666666666666,0.9302325581395349,0.3411525162302302,0.08072384560764898,43,40,40,False,True,True,"PLA2G3, CEL, MOGAT2, CD36, APOB"
Reactome: HDR Thru Single Strand Annealing (SSA) R-HSA-5685938,0.5905393290849102,0.9722222222222222,0.6666666666666666,0.972972972972973,0.31622927925989425,0.10118208087937154,37,36,35,False,True,True,"ABL1, RFC4, EXO1, RRAD, RPA3"
KEGG: Purine metabolism,0.5904499135983342,0.975609756097561,0.6666666666666666,0.9534883720930233,0.35420893898580297,0.07398126050520634,129,123,120,False,True,True,"NPR2, GUCY1A2, PDE10A, ADCY4, PDE8B"
KEGG: Regulation of lipolysis in adipocytes,0.590405535496545,1.0,0.3333333333333333,0.9818181818181818,0.5733439722994375,0.22565340215298463,55,54,54,False,False,True,"PTGER3, AKT1, ADCY4, IRS1, PRKG1"
KEGG: Notch signaling pathway,0.5901335589645441,1.0,0.6666666666666666,0.9830508474576272,0.2836459297846979,0.09640039611146888,59,58,58,False,True,True,"HEYL, ATXN1, HEY2, DTX1, DLL4"
KEGG: Cell cycle,0.5899999583672345,0.9838709677419355,0.6666666666666666,1.0,0.32504404616133287,0.05775144459957108,124,124,122,False,True,True,"MYC, ABL1, CDC45, CDKN2A, E2F1"
KEGG: Taurine and hypotaurine metabolism,0.5899903491398087,1.0,0.3333333333333333,1.0,0.601118584926433,0.18216649410594365,11,11,11,False,False,True,"CDO1, GGT5, GAD2, GGT1, GAD1"
Reactome: Mitotic Spindle Checkpoint R-HSA-69618,0.5899204728303454,0.9904761904761905,0.6666666666666666,0.9545454545454546,0.32032066848966134,0.08956308094345132,110,105,104,False,True,True,"BIRC5, SPC25, BUB1, SKA1, UBE2C"
Reactome: FLT3 Signaling In Disease R-HSA-9682385,0.589483714350401,1.0,0.6666666666666666,1.0,0.2902576349369897,0.07382760348168217,27,27,27,False,True,True,"FLT3LG, PIK3R1, PIK3CA, GRB2, NOX4"
"Reactome: Cell Death Signaling Via NRAGE, NRIF And NADE R-HSA-204998",0.5892148776753717,1.0,0.6666666666666666,0.9864864864864865,0.2793871056104206,0.09348908456823943,74,73,73,False,True,True,"ARHGEF15, NGFR, ECT2, RASGRF2, ARHGEF17"
Reactome: Toll-like Receptor Cascades R-HSA-168898,0.5888749097986382,0.99375,0.6666666666666666,0.9876543209876543,0.3000962827970292,0.0764541921220875,162,160,159,False,True,True,"LY96, S100A1, MAPK10, MEF2C, CTSL"
Reactome: Toll Like Receptor 4 (TLR4) Cascade R-HSA-166016,0.588771423611326,0.9928571428571429,0.6666666666666666,1.0,0.29121244974406585,0.0764541921220875,140,140,139,False,True,True,"LY96, S100A1, MAPK10, MEF2C, S100B"
Reactome: NRIF Signals Cell Death From Nucleus R-HSA-205043,0.5886430267616197,1.0,0.6666666666666666,1.0,0.2517608120797083,0.1081209883950568,16,16,16,False,True,True,"NGFR, NGF, TRAF6, SQSTM1, PSEN2"
Reactome: Clathrin-mediated Endocytosis R-HSA-8856828,0.5879531657085677,0.9927536231884058,0.6666666666666666,0.971830985915493,0.2831100785052379,0.10169555407924208,142,138,137,False,True,True,"AMPH, VAMP8, LRP2, SLC18A3, AGTR1"
Reactome: TP53 Regulates Transcription Of Additional Cell Death Genes With Uncertain Roles In P53-Dependent Apoptosis R-HSA-6803205,0.5877200514861468,1.0,0.3333333333333333,1.0,0.45822580599508334,0.3137077847689839,14,14,14,False,False,True,"BIRC5, NDRG1, TP63, TP53BP2, PPP1R13B"
Reactome: Other Semaphorin Interactions R-HSA-416700,0.5876293106019935,1.0,0.3333333333333333,1.0,0.5130768924584262,0.2584029938848746,19,19,19,False,False,True,"SEMA6D, TREM2, TYROBP, SEMA5A, ITGA1"
Reactome: Signaling By TGFB Family Members R-HSA-9006936,0.5875908156797076,0.9831932773109243,0.6666666666666666,1.0,0.30909078125751127,0.062336686496769336,119,119,117,False,True,True,"LTBP4, MYC, ITGA8, CHRDL1, ACVRL1"
Reactome: Interleukin-17 Signaling R-HSA-448424,0.5875072451149563,1.0,0.6666666666666666,1.0,0.2790178205282357,0.0751850717132126,69,69,69,False,True,True,"MAPK10, MEF2C, DUSP7, MAP2K6, MAPK11"
Reactome: Signaling By NOTCH1 R-HSA-1980143,0.587238738561366,1.0,0.6666666666666666,0.9864864864864865,0.292523565554433,0.07047192905419872,74,73,73,False,True,True,"MYC, HEYL, HEY2, DTX1, NBEA"
KEGG: Base excision repair,0.5867944632359536,0.9696969696969697,0.6666666666666666,1.0,0.2283450090162837,0.15259700413318122,33,33,32,False,True,True,"NEIL3, POLD2, FEN1, NTHL1, LIG1"
KEGG: Bile secretion,0.5867770563074639,0.8953488372093024,0.6666666666666666,0.9555555555555556,0.39697527062229915,0.09156117370571801,90,86,77,True,False,True,"ADCY4, ABCG2, ATP1A2, SLC10A1, CYP7A1"
Reactome: Aspartate And Asparagine Metabolism R-HSA-8963693,0.5867650520008093,1.0,0.3333333333333333,1.0,0.4894413529904706,0.2777172403469091,11,11,11,False,False,True,"ASPG, FOLH1, NAALAD2, GOLT1A, GADL1"
Reactome: Regulation Of Actin Dynamics For Phagocytic Cup Formation R-HSA-2029482,0.5867441235713966,0.9666666666666667,0.6666666666666666,0.967741935483871,0.30792475499662664,0.0999894112474531,62,60,58,False,True,True,"ABL1, WIPF3, FCGR2A, CD247, WASL"
Reactome: FCGR3A-mediated Phagocytosis R-HSA-9664422,0.5866296684193925,0.9655172413793104,0.6666666666666666,0.9666666666666667,0.31673574967752655,0.0925620177067921,60,58,56,False,True,True,"ABL1, FYN, WIPF3, CD247, WASL"
KEGG: GnRH signaling pathway,0.5865611663781826,0.967391304347826,0.6666666666666666,0.989247311827957,0.32704703520684775,0.06309867513193801,93,92,89,False,True,True,"ADCY4, FSHB, CACNA1D, CAMK2A, CACNA1C"
KEGG: Lysosome,0.5865466668429915,0.9921875,0.6666666666666666,1.0,0.3031103731141395,0.05410212776748494,128,128,127,False,True,True,"PLA2G15, CTSZ, CTSD, NEU1, CTSL"
Reactome: FGFR4 Ligand Binding And Activation R-HSA-190322,0.5863656660819575,1.0,0.3333333333333333,1.0,0.5519727522817989,0.2131889114613216,14,14,14,False,False,True,"FGF1, FGF16, FGF17, FGF13, FGF8"
Reactome: RHO GTPases Activate Formins R-HSA-5663220,0.5862462948856498,0.9823008849557522,0.6666666666666666,0.9495798319327731,0.3158096585112547,0.08760272367832873,119,113,111,False,True,True,"BIRC5, SPC25, BUB1, SKA1, NDC80"
KEGG: Oocyte meiosis,0.5858954449704161,0.9508196721311475,0.6666666666666666,0.9457364341085271,0.34449645545784546,0.09152543834835886,129,122,116,False,True,True,"IGF1, PGR, AR, ADCY4, CPEB1"
KEGG: Human immunodeficiency virus 1 infection,0.5857823642407538,0.9754901960784313,0.6666666666666666,0.9622641509433962,0.31847193892843406,0.07991823965602315,212,204,199,False,True,True,"AKT1, AKT3, TNF, BST2, PIK3R1"
KEGG: Kaposi sarcoma-associated herpesvirus infection,0.5857682049588411,0.9791666666666666,0.6666666666666666,0.9948186528497409,0.30491460481668803,0.06531243034021218,193,192,188,False,True,True,"MYC, AKT1, FGF2, AKT3, PIK3R1"
Reactome: JNK (c-Jun Kinases) Phosphorylation And Activation Mediated By Activated Human TAK1 R-HSA-450321,0.5852027301760266,1.0,0.6666666666666666,1.0,0.27279971410509707,0.06988060344170266,18,18,18,False,True,True,"MAPK10, IRAK1, RIPK2, NOD2, TRAF6"
KEGG: Legionellosis,0.5851482886092328,0.9649122807017544,0.6666666666666666,1.0,0.3260536908751022,0.051442138135974216,57,57,55,False,True,True,"BNIP3, TNF, CD14, CASP1, NFKBIA"
Reactome: IRAK4 Deficiency (TLR2/4) R-HSA-5603041,0.5851114265217434,1.0,0.3333333333333333,1.0,0.5288208357529931,0.23006963018905685,18,18,18,False,False,True,"LY96, S100A1, S100A9, CD36, TLR4"
Reactome: Unwinding Of DNA R-HSA-176974,0.585003515193613,1.0,0.3333333333333333,1.0,0.455194870436417,0.3031560388649813,11,11,11,False,False,True,"CDC45, MCM4, GINS2, MCM5, MCM3"
Reactome: Regulation Of PTEN Gene Transcription R-HSA-8943724,0.584864831344811,0.9836065573770492,0.6666666666666666,1.0,0.27368220966635737,0.08370205634731569,61,61,60,False,True,True,"SNAI2, PTEN, PPARG, CBX2, CBX8"
Reactome: Signaling By Nuclear Receptors R-HSA-9006931,0.5848445829911915,0.9826086956521739,0.6666666666666666,0.8846153846153846,0.36334892783290257,0.08147041967600904,260,230,226,False,True,True,"ALDH1A2, CXCL12, PGR, GREB1, MYC"
Reactome: Toll Like Receptor 7/8 (TLR7/8) Cascade R-HSA-168181,0.5847963125878753,0.9902912621359223,0.6666666666666666,1.0,0.2744975292662465,0.0758594382038749,103,103,102,False,True,True,"LY96, MAPK10, MEF2C, S100B, TLR8"
Reactome: Miscellaneous Transport And Binding Events R-HSA-5223345,0.5845838075827867,1.0,0.6666666666666666,0.9565217391304348,0.2697663414063659,0.1024280588264076,23,22,22,False,True,True,"NIPAL2, AZGP1, ADD1, NIPAL4, LRRC8A"
Reactome: DARPP-32 Events R-HSA-180024,0.5844455654509392,1.0,0.6666666666666666,1.0,0.28135483433993,0.057539659581431896,24,24,24,False,True,True,"PPP3R1, PRKCA, PRKACB, PRKACG, PPP1R1B"
Reactome: MAP Kinase Activation R-HSA-450294,0.5843892933584162,1.0,0.6666666666666666,1.0,0.2627536952548728,0.0758594382038749,62,62,62,False,True,True,"MAPK10, MEF2C, DUSP7, MAP2K6, MAPK11"
Reactome: NOTCH1 Intracellular Domain Regulates Transcription R-HSA-2122947,0.5843359806087977,1.0,0.6666666666666666,0.9791666666666666,0.2861132186757102,0.06785835103494471,48,47,47,False,True,True,"MYC, HEYL, HEY2, NBEA, TBL1X"
Reactome: P75 NTR Receptor-Mediated Signaling R-HSA-193704,0.5843207858300123,0.9893617021276596,0.6666666666666666,0.9894736842105263,0.27803432043353205,0.07876931009764224,95,94,93,False,True,True,"ARHGEF15, NGFR, ECT2, RASGRF2, NFKBIA"
Reactome: Recycling Pathway Of L1 R-HSA-437239,0.5843123750691457,1.0,0.6666666666666666,0.9642857142857143,0.2546332322923112,0.11038102400579851,28,27,27,False,True,True,"DNM1, EZR, RPS6KA5, KIF4A, L1CAM"
KEGG: Nitrogen metabolism,0.5841983921926982,0.9411764705882353,0.3333333333333333,1.0,0.5722944623620975,0.24085436134649182,17,17,16,False,False,True,"CA4, CA5B, CA9, CA3, CA2"
KEGG: Drug metabolism,0.583923423615787,0.9019607843137255,0.6666666666666666,0.9444444444444444,0.35037972618382945,0.12560994091471334,108,102,92,False,True,True,"ADH1B, GSTM5, FMO1, AOX1, MAOB"
Reactome: COPI-dependent Golgi-to-ER Retrograde Traffic R-HSA-6811434,0.5837520413867268,1.0,0.6666666666666666,1.0,0.2869589293207607,0.04846794427953938,78,78,78,False,True,True,"KIF1A, KIF12, KIF21B, KIF26A, KIF18B"
Reactome: Pyruvate Metabolism And Citric Acid (TCA) Cycle R-HSA-71406,0.5835630837174373,1.0,0.6666666666666666,0.9814814814814815,0.28759249062590303,0.06077848351683842,54,53,53,False,True,True,"PCDHB16, PDHA2, SLC16A8, SDHB, PDK2"
Reactome: Interleukin-20 Family Signaling R-HSA-8854691,0.5835410881679111,0.9615384615384616,0.6666666666666666,1.0,0.2437956590500369,0.12903798691772403,26,26,25,False,True,True,"IL22, IL19, IL24, STAT5B, IFNL2"
Reactome: Metabolism Of Nitric Oxide: NOS3 Activation And Regulation R-HSA-202131,0.5833931751996013,1.0,0.3333333333333333,1.0,0.5868821588399056,0.1634170504914344,15,15,15,False,False,True,"AKT1, CYGB, CAV1, NOSTRIN, TACR1"
Reactome: MyD88 Dependent Cascade Initiated On Endosome R-HSA-975155,0.5832352225673825,0.9901960784313726,0.6666666666666666,1.0,0.2668408405355177,0.07580586053668847,102,102,101,False,True,True,"LY96, MAPK10, MEF2C, S100B, DUSP7"
Reactome: Creation Of C4 And C2 Activators R-HSA-166786,0.5831824657628588,1.0,0.3333333333333333,1.0,0.6584726628602272,0.09077299928739999,14,14,14,False,False,True,"MASP1, FCN3, C1QB, C1QC, C1QA"
Reactome: RHOC GTPase Cycle R-HSA-9013106,0.5828509500335719,1.0,0.6666666666666666,0.9452054794520548,0.3003819714638414,0.07163533578164363,73,69,69,True,False,True,"MCAM, ANLN, PIK3R1, CAV1, DLC1"
Reactome: FGFR1c Ligand Binding And Activation R-HSA-190373,0.5826495286467287,1.0,0.3333333333333333,0.9166666666666666,0.5490945319522463,0.2599864446147311,12,11,11,False,False,True,"FGF1, FGF17, FGF13, FGF8, FGF6"
Reactome: Toll Like Receptor 3 (TLR3) Cascade R-HSA-168164,0.5824689354749658,1.0,0.6666666666666666,1.0,0.2530983281704339,0.0759130158710613,103,103,103,False,True,True,"MAPK10, MEF2C, S100B, DUSP7, NFKBIA"
Reactome: MyD88-independent TLR4 Cascade R-HSA-166166,0.5823368651625097,0.9906542056074766,0.6666666666666666,1.0,0.2612848028422266,0.07641198402951192,107,107,106,False,True,True,"LY96, MAPK10, MEF2C, S100B, DUSP7"
Reactome: MyD88 Cascade Initiated On Plasma Membrane R-HSA-975871,0.5822586913626738,1.0,0.6666666666666666,1.0,0.25338333064307955,0.07457679283695641,96,96,96,False,True,True,"MAPK10, MEF2C, S100B, DUSP7, NFKBIA"
Reactome: DNA Strand Elongation R-HSA-69190,0.582240011445547,1.0,0.3333333333333333,1.0,0.44142790649983527,0.3031054840612333,31,31,31,False,False,True,"CDC45, RFC4, PRIM1, RPA3, LRIG1"
KEGG: Adherens junction,0.5821579890390687,0.9545454545454546,0.6666666666666666,0.9295774647887324,0.35911538442522406,0.06661267429978267,71,66,63,False,True,True,"SNAI2, PTPRB, FYN, TJP1, SORBS1"
Reactome: Apoptotic Cleavage Of Cellular Proteins R-HSA-111465,0.5821260646014681,1.0,0.6666666666666666,0.9736842105263158,0.31995830128067265,0.027075530498596782,38,37,37,False,True,True,"CLSPN, TJP1, SATB1, CASP6, DSG3"
Reactome: RHO GTPase Effectors R-HSA-195258,0.5819588962439239,0.9871244635193133,0.6666666666666666,0.8661710037174721,0.33254942049821257,0.10715901108065633,269,233,230,False,True,True,"MYH11, ABL1, MYL9, MYLK, PPP1R12B"
Reactome: TRAF6 Mediated Induction Of NFkB And MAP Kinases Upon TLR7/8 Or 9 Activation R-HSA-975138,0.5819490727178221,0.9900990099009901,0.6666666666666666,1.0,0.26075297335804504,0.07556004699674206,101,101,100,False,True,True,"LY96, MAPK10, MEF2C, S100B, DUSP7"
Reactome: Regulation Of Gene Expression In Beta Cells R-HSA-210745,0.581277682720225,1.0,0.3333333333333333,1.0,0.5832557113030412,0.156466035631417,20,20,20,False,False,True,"AKT1, AKT3, FOXA2, FOXA3, HNF4G"
Reactome: Regulation Of Lipid Metabolism By PPARalpha R-HSA-400206,0.5810924348712742,0.9914529914529915,0.6666666666666666,0.9915254237288136,0.2951782931746472,0.04185348859878873,118,117,116,False,True,True,"GLIPR1, PCDHB16, CYP7A1, ANKRD1, APOA5"
Reactome: Synthesis Of PA R-HSA-1483166,0.5810643343642272,1.0,0.6666666666666666,0.8717948717948718,0.3134481994173725,0.10469398522427621,39,34,34,False,True,True,"PLA2R1, DDHD1, LIPI, ALPP, LIPH"
Reactome: Synthesis Of Active Ubiquitin: Roles Of E1 And E2 Enzymes R-HSA-8866652,0.5809848951319717,1.0,0.6666666666666666,1.0,0.2143987013489019,0.10719244097762289,30,30,30,False,True,True,"UBE2C, UBE2T, UBE2Z, UBE2W, UBE2S"
Reactome: Striated Muscle Contraction R-HSA-390522,0.58078921657578,0.9696969696969697,0.3333333333333333,1.0,0.5121892186841619,0.25539322783110185,33,33,32,False,False,True,"DES, TNNT1, TNNT3, MYL4, TPM2"
Reactome: trans-Golgi Network Vesicle Budding R-HSA-199992,0.5807379943971517,0.9859154929577465,0.6666666666666666,1.0,0.25478928206366724,0.0796518636310111,71,71,70,False,True,True,"VAMP8, CTSZ, TPD52, HOMER2, FTH1"
KEGG: Bacterial invasion of epithelial cells,0.5806818988621324,0.9855072463768116,0.6666666666666666,0.8961038961038961,0.30675716092681227,0.10573383159578306,77,69,68,False,True,True,"SHC2, PIK3R1, CAV1, WASL, PIK3CA"
Reactome: Toll Like Receptor 9 (TLR9) Cascade R-HSA-168138,0.5805993757049893,0.9904761904761905,0.6666666666666666,0.9905660377358491,0.26217766065647286,0.07408516575706359,106,105,104,False,True,True,"LY96, MAPK10, MEF2C, S100B, DUSP7"
KEGG: Maturity onset diabetes of the young,0.5805074864341071,1.0,0.3333333333333333,1.0,0.5694483109917677,0.1664224545121009,26,26,26,False,False,True,"NR5A2, HNF1B, MNX1, FOXA2, FOXA3"
Reactome: Early SARS-CoV-2 Infection Events R-HSA-9772572,0.580456753319123,1.0,0.6666666666666666,0.972972972972973,0.25886568742158683,0.08035501611096496,37,36,36,False,True,True,"SDC1, CTSL, NRP1, SDC4, GPC6"
Reactome: ERBB2 Activates PTK6 Signaling R-HSA-8847993,0.5803297193546526,1.0,0.3333333333333333,1.0,0.5095773621195104,0.22540456798708589,13,13,13,False,False,True,"NRG2, ERBB3, ERBB2, EREG, NRG1"
Reactome: HSP90 Chaperone Cycle For Steroid Hormone Receptors (SHR) In Presence Of Ligand R-HSA-3371497,0.5802755593384668,0.9736842105263158,0.6666666666666666,1.0,0.28783113514696984,0.05652911768571458,38,38,37,True,False,True,"PGR, DNAJB1, HSPA2, DYNC1I1, NR3C1"
Reactome: Downstream Signaling Of Activated FGFR2 R-HSA-5654696,0.579980420189562,1.0,0.3333333333333333,1.0,0.5129662258182001,0.22026920846294332,29,29,29,False,False,True,"PIK3R1, FGF1, FGF16, FGF17, FGF13"
KEGG: NOD-like receptor signaling pathway,0.5799662600302005,0.9488636363636364,0.6666666666666666,0.9723756906077348,0.3249452302756743,0.06340733222255719,181,176,167,False,True,True,"TNF, CASP5, MAPK10, CCL2, CYBB"
Reactome: Cyclin D Associated Events In G1 R-HSA-69231,0.5797963377626885,1.0,0.6666666666666666,1.0,0.26940012149329223,0.04624823398681625,47,47,47,False,True,True,"ABL1, CDKN2A, E2F1, CCND2, E2F2"
Reactome: Death Receptor Signaling R-HSA-73887,0.5797498558211133,0.9927007299270073,0.6666666666666666,0.9856115107913669,0.2577188985686533,0.07578768418304747,139,137,136,False,True,True,"ARHGEF15, CLIP3, TNF, NGFR, CFLAR"
Reactome: PPARA Activates Gene Expression R-HSA-1989781,0.579708523083786,0.991304347826087,0.6666666666666666,0.9913793103448276,0.2891671962360419,0.04120325526484659,116,115,114,False,True,True,"GLIPR1, PCDHB16, CYP7A1, ANKRD1, APOA5"
Reactome: Regulation Of TLR By Endogenous Ligand R-HSA-5686938,0.5796808637645415,1.0,0.3333333333333333,0.9444444444444444,0.5494168620851236,0.22398745673758363,18,17,17,False,False,True,"LY96, S100A1, S100A9, CD36, TLR4"
Reactome: Regulation Of TP53 Activity R-HSA-5633007,0.5791061344290535,0.9935064935064936,0.6666666666666666,0.9808917197452229,0.264324153128289,0.06869790236823453,157,154,153,False,True,True,"AKT1, CDKN2A, RFC4, AKT3, POU4F1"
Reactome: Diseases Of DNA Repair R-HSA-9675135,0.5788537933553817,0.9591836734693877,0.6666666666666666,0.9607843137254902,0.29521864730545916,0.08594507737461039,51,49,47,False,True,True,"RFC4, MSH2, EXO1, NEIL3, RRAD"
KEGG: Viral myocarditis,0.5787267396829414,0.9166666666666666,0.6666666666666666,1.0,0.32609608664911416,0.06753761176559267,60,60,55,False,True,True,"ABL1, FYN, CAV1, RAC3, LAMA2"
Reactome: Biological Oxidations R-HSA-211859,0.5787032589650897,0.9271844660194175,0.6666666666666666,0.944954128440367,0.32736452943103944,0.09691836971138267,218,206,191,False,True,True,"CYP19A1, CYP11A1, ADH1B, GSTM5, PTGIS"
KEGG: Glycerolipid metabolism,0.5786856406273981,1.0,0.6666666666666666,0.8688524590163934,0.30382353679963314,0.10463198874172916,61,53,53,False,True,True,"CEL, MOGAT2, PNPLA3, DGKB, DGKE"
KEGG: Homologous recombination,0.5786838526827371,1.0,0.6666666666666666,0.9024390243902439,0.25593767312797316,0.12731898865969568,41,37,37,False,True,True,"RAD54L, RPA3, BLM, RAD51, POLD2"
Reactome: Transcriptional Regulation Of White Adipocyte Differentiation R-HSA-381340,0.5786453762718948,1.0,0.6666666666666666,1.0,0.2757464120663717,0.03414713595976875,84,84,84,False,True,True,"NR2F2, KLF5, TNF, EBF1, PPARG"
Reactome: Nef Mediated Downregulation Of MHC Class I Complex Cell Surface Expression R-HSA-164940,0.5786291619005869,1.0,0.6666666666666666,1.0,0.21933467478967458,0.0904778013799263,10,10,10,False,True,True,"AP1S2, AP1M2, AP1S3, AP1S1, AP1G1"
Reactome: Glycerophospholipid Biosynthesis R-HSA-1483206,0.5785774557940049,0.9739130434782609,0.6666666666666666,0.905511811023622,0.2938498787543906,0.11265716513632276,127,115,112,False,True,True,"BCHE, PLA2R1, PLA2G15, PLA2G3, PHOSPHO1"
Reactome: Dissolution Of Fibrin Clot R-HSA-75205,0.5785155336318741,1.0,0.3333333333333333,1.0,0.47056593326175017,0.2553450682309537,13,13,13,False,False,True,"PLG, SERPINF2, PLAT, PLAUR, S100A10"
Reactome: Constitutive Signaling By NOTCH1 HD+PEST Domain Mutants R-HSA-2894862,0.5784488947597198,1.0,0.6666666666666666,0.9827586206896551,0.2539838239130796,0.06785835103494471,58,57,57,False,True,True,"MYC, HEYL, HEY2, TBL1X, DLL4"
Reactome: RUNX1 And FOXP3 Control Development Of Regulatory T Lymphocytes (Tregs) R-HSA-8877330,0.578362579520331,1.0,0.3333333333333333,1.0,0.4335724830751688,0.29157374785981965,10,10,10,False,False,True,"FOXP3, CTLA4, IL2RA, IL2, IFNG"
Reactome: HDL Remodeling R-HSA-8964058,0.5782886228681868,1.0,0.3333333333333333,1.0,0.3829127674434459,0.34186368023082164,10,10,10,False,False,True,"APOE, APOC3, PLTP, ABCG1, APOC2"
Reactome: Common Pathway Of Fibrin Clot Formation R-HSA-140875,0.5775275698125424,1.0,0.3333333333333333,1.0,0.4749503513062312,0.24602083108981382,22,22,22,False,False,True,"PROS1, SERPIND1, FAM110A, F13A1, PROC"
KEGG: Inositol phosphate metabolism,0.577506023590683,0.9726027397260274,0.6666666666666666,1.0,0.27051668539721996,0.061077359496834606,73,73,71,False,True,True,"PTEN, MIOX, PLCB1, PIK3CA, ITPKB"
Reactome: Constitutive Signaling By AKT1 E17K In Cancer R-HSA-5674400,0.5771704366753819,1.0,0.6666666666666666,1.0,0.26283390432768394,0.039684945715892005,26,26,26,False,True,True,"AKT1, AKT3, PDPK1, FOXO1, MLST8"
Reactome: ESR-mediated Signaling R-HSA-8939211,0.5771235829025789,0.9937106918238994,0.6666666666666666,0.8457446808510638,0.3445831892255802,0.07968218949178399,188,159,158,False,True,True,"CXCL12, PGR, GREB1, MYC, ESR1"
KEGG: Diabetic cardiomyopathy,0.5770358589791732,0.9521276595744681,0.6666666666666666,0.9261083743842364,0.3201700444635452,0.08496697673634179,203,188,179,False,True,True,"COL3A1, PLN, AKT1, PTEN, COX7A1"
Reactome: SHC-mediated cascade:FGFR1 R-HSA-5654688,0.5769375957490303,1.0,0.3333333333333333,1.0,0.48016404195995366,0.23785727011853075,20,20,20,False,False,True,"FGF1, FGF17, FGF13, FGF10, FGF8"
Reactome: Signaling By PDGFRA Extracellular Domain Mutants R-HSA-9673770,0.5768421599018801,1.0,0.3333333333333333,1.0,0.4883950545084557,0.22914907833427794,11,11,11,False,False,True,"PDGFRA, PIK3R1, PIK3CA, GRB2, PIK3CB"
KEGG: Influenza A,0.5767520760352,0.9302325581395349,0.6666666666666666,1.0,0.3102254066571173,0.05996908204601435,172,172,160,False,True,True,"IL33, AKT1, AKT3, TPSB2, TNF"
Reactome: Phospholipid Metabolism R-HSA-1483257,0.5767003878159143,0.9743589743589743,0.6666666666666666,0.9375,0.2810894930996725,0.09159513828759043,208,195,190,False,True,True,"BCHE, PLA2R1, PTEN, PLA2G15, PIK3R1"
Reactome: Golgi Associated Vesicle Biogenesis R-HSA-432722,0.5766956349548762,0.9818181818181818,0.6666666666666666,1.0,0.2458723553231478,0.07245430429971787,55,55,54,False,True,True,"VAMP8, TPD52, HOMER2, FTH1, AP1S2"
Reactome: Potential Therapeutics For SARS R-HSA-9679191,0.57666069179399,0.9791666666666666,0.6666666666666666,0.9896907216494846,0.25197479422398406,0.07656062350885266,97,96,94,False,True,True,"FXYD1, S1PR1, ATP1A2, ATP1B2, SAP30"
"Reactome: Gamma Carboxylation, Hypusine Formation And Arylsulfatase Activation R-HSA-163841",0.5765726972938325,1.0,0.6666666666666666,0.9761904761904762,0.2924304054871962,0.0249568905057763,42,41,41,False,True,True,"F7, PROS1, FAM110A, ARSI, GAS6"
Reactome: SUMO E3 Ligases SUMOylate Target Proteins R-HSA-3108232,0.5763187691005521,0.9815950920245399,0.6666666666666666,0.9702380952380952,0.2930446800228724,0.04594216869344382,168,163,160,False,True,True,"FOXL2, PGR, HIC1, ESR1, CDKN2A"
Reactome: RAB GEFs Exchange GTP For GDP On RABs R-HSA-8876198,0.5762021186471197,0.9770114942528736,0.6666666666666666,0.9775280898876404,0.2557600640897079,0.08175963414395292,89,87,85,False,True,True,"DENND2A, AKT1, AKT3, RAB9B, RAB32"
KEGG: Graft-versus-host disease,0.5760686101940611,0.8809523809523809,0.6666666666666666,1.0,0.3239967396963177,0.09206059698827333,42,42,37,False,True,True,"TNF, CD86, IL1B, KIR3DL1, KIR2DL3"
Reactome: Biosynthesis Of DHA-derived SPMs R-HSA-9018677,0.5760140541092056,0.9375,0.3333333333333333,0.9411764705882353,0.3896862412688929,0.43033500966929195,17,16,15,False,False,True,"HPGD, ALOX5, CYP2C8, CYP2C9, CYP2E1"
Reactome: SUMOylation R-HSA-2990846,0.5758549427306738,0.9822485207100592,0.6666666666666666,0.9712643678160919,0.2897928529590981,0.04545173078880975,174,169,166,False,True,True,"FOXL2, PGR, HIC1, ESR1, CDKN2A"
KEGG: Endocytosis,0.5755912260833961,0.9833333333333333,0.6666666666666666,0.9523809523809523,0.26430574012154656,0.08269800934305344,252,240,236,False,True,True,"IQSEC3, AMPH, EHD2, PSD, PDGFRA"
Reactome: Intrinsic Pathway For Apoptosis R-HSA-109606,0.5755370490563576,1.0,0.6666666666666666,0.9636363636363636,0.280763213166653,0.040861426054528804,55,53,53,False,True,True,"AKT1, CDKN2A, AKT3, E2F1, PPP3R1"
Reactome: Signaling By ALK Fusions And Activated Point Mutants R-HSA-9725370,0.5754807326874004,0.9811320754716981,0.6666666666666666,0.9636363636363636,0.29911262494326907,0.041098356961428655,55,53,52,False,True,True,"IRS1, PIK3R1, BCL11A, PIK3CA, VCL"
Reactome: SHC-mediated cascade:FGFR3 R-HSA-5654704,0.5754475480180418,1.0,0.3333333333333333,1.0,0.5031172218043197,0.2074538516192222,17,17,17,False,False,True,"FGF1, FGF16, FGF17, FGF13, FGF8"
KEGG: RIG-I-like receptor signaling pathway,0.5754337861539411,0.9705882352941176,0.6666666666666666,0.9714285714285714,0.29536616600175625,0.049309767569069546,70,68,66,False,True,True,"TNF, MAPK10, DDX58, IFNA7, IFNW1"
"Reactome: Defective EXT1 Causes Exostoses 1, TRPS2 And CHDS R-HSA-3656253",0.575367192505756,1.0,0.3333333333333333,1.0,0.4284654366818387,0.2817038591802745,13,13,13,False,False,True,"SDC1, SDC4, GPC6, GPC4, GPC2"
Reactome: Nef-mediated Downmodulation Of Cell Surface Receptors By Recruitment To Clathrin Adapters R-HSA-164938,0.574507155278041,1.0,0.6666666666666666,1.0,0.1981272686128733,0.09107517444399787,20,20,20,False,True,True,"AP1S2, AP1M2, ATP6V1H, AP2S1, AP1S3"
KEGG: Metabolism of xenobiotics by cytochrome P450,0.5744306537079223,0.8571428571428571,0.6666666666666666,0.9210526315789473,0.3638247391293855,0.12706286524982507,76,70,60,False,True,True,"ADH1B, GSTM5, CYP1B1, CYP2A13, SULT2A1"
Reactome: Role Of Second Messengers In Netrin-1 Signaling R-HSA-418890,0.5741334668399433,1.0,0.3333333333333333,1.0,0.5354728262211093,0.16852784131194,10,10,10,False,False,True,"TRPC6, TRPC4, TRPC1, PLCG1, TRPC5"
Reactome: PI Metabolism R-HSA-1483255,0.5740720441618434,0.9753086419753086,0.6666666666666666,0.9878048780487805,0.25927058049282314,0.061594006471166786,82,81,79,False,True,True,"PTEN, PIK3R1, PNPLA7, PIK3CA, ENPP6"
Reactome: Tie2 Signaling R-HSA-210993,0.5740001913429726,1.0,0.3333333333333333,1.0,0.49861509970315365,0.20471919034504285,17,17,17,False,False,True,"PIK3R1, GRB7, TEK, PIK3CA, ANGPT1"
Reactome: Signaling By TGF-beta Receptor Complex R-HSA-170834,0.5736290076189866,0.978021978021978,0.6666666666666666,1.0,0.2451634298325594,0.06162629690706257,91,91,89,False,True,True,"LTBP4, MYC, ITGA8, ITGB3, TGFB3"
KEGG: Peroxisome,0.5736121528562477,0.9878048780487805,0.6666666666666666,1.0,0.2201843319928445,0.07673822090627937,82,82,81,False,True,True,"PEX11G, HMGCLL1, PRDX1, NOS2, AGXT"
KEGG: Cytosolic DNA-sensing pathway,0.5733148394870807,0.95,0.6666666666666666,0.9523809523809523,0.3011072775929376,0.06784787222341813,63,60,57,False,True,True,"IL33, DDX58, IFNA7, CASP1, NFKBIA"
Reactome: Downregulation Of ERBB2:ERBB3 Signaling R-HSA-1358803,0.5729481601817222,1.0,0.3333333333333333,1.0,0.5578529163645961,0.14022121787734831,13,13,13,False,False,True,"NRG2, AKT1, ERBB3, AKT3, ERBB2"
Reactome: Erythrocytes Take Up Carbon Dioxide And Release Oxygen R-HSA-1237044,0.5728772615850386,0.9,0.3333333333333333,0.9090909090909091,0.5280627738809301,0.33783868555941426,11,10,9,False,False,True,"CA4, CA2, CYB5R4, CA1, CYB5RL"
Reactome: Regulation Of TP53 Activity Thru Acetylation R-HSA-6804758,0.5725513171465021,1.0,0.6666666666666666,0.9655172413793104,0.2683990149699606,0.036886306394733566,29,28,28,False,True,True,"AKT1, AKT3, MAP2K6, MTA2, CHD4"
Reactome: Rab Regulation Of Trafficking R-HSA-9007101,0.572507326231266,0.9830508474576272,0.6666666666666666,0.9672131147540983,0.23744508553233687,0.08329752876745922,122,118,116,False,True,True,"DENND2A, AKT1, AKT3, RAB9B, RAB33B"
Reactome: Sealing Of Nuclear Envelope (NE) By ESCRT-III R-HSA-9668328,0.5724055564358074,1.0,0.6666666666666666,0.9354838709677419,0.2231322548961155,0.10394929072378113,31,29,29,False,True,True,"TUBA8, TUBAL3, CHMP4C, TUBB6, TUBB4A"
Reactome: Transcriptional Regulation By TP53 R-HSA-3700989,0.5722652601332683,0.9912790697674418,0.6666666666666666,0.9717514124293786,0.24795314400304974,0.05994719424048292,354,344,341,False,True,True,"AKT1, PTEN, CDKN2A, BIRC5, RFC4"
Reactome: TGF-beta Receptor Signaling Activates SMADs R-HSA-2173789,0.5721995083990099,0.9545454545454546,0.6666666666666666,1.0,0.257293076654157,0.06582567746210442,44,44,42,False,True,True,"LTBP4, ITGA8, ITGB3, TGFB3, PPP1R15A"
Reactome: Transcriptional Activity Of SMAD2/SMAD3:SMAD4 Heterotrimer R-HSA-2173793,0.5718340256008552,1.0,0.6666666666666666,1.0,0.2158896004304596,0.05994719424048292,51,51,51,False,True,True,"MYC, CCNT2, COL1A2, ATP1B4, RNASEH2A"
Reactome: Metabolism Of Angiotensinogen To Angiotensins R-HSA-2022377,0.5717737340427913,1.0,0.3333333333333333,0.9444444444444444,0.5202835819814359,0.21358508823252048,18,17,17,False,False,True,"MMP12, ENPEP, CTSZ, CTSD, CTSG"
KEGG: Circadian rhythm,0.5717153894240501,1.0,0.6666666666666666,0.967741935483871,0.2505010065739862,0.04893615560002792,31,30,30,False,True,True,"RORB, PRKAG3, BHLHE41, RORA, PRKAG2"
Reactome: Lagging Strand Synthesis R-HSA-69186,0.5716268440950456,1.0,0.3333333333333333,1.0,0.43385607633471546,0.25761147747384594,20,20,20,False,False,True,"RFC4, PRIM1, RPA3, LRIG1, POLR1A"
Reactome: Creatine Metabolism R-HSA-71288,0.5714305646390816,1.0,0.3333333333333333,1.0,0.46321094789768524,0.22727520863105577,10,10,10,False,False,True,"CKMT2, SLC6A11, CKM, SLC6A7, GATM"
Reactome: Regulated Necrosis R-HSA-5218859,0.5713812671047455,1.0,0.6666666666666666,0.9649122807017544,0.23593773978068386,0.06395105188339405,57,55,55,False,True,True,"CASP5, CFLAR, CASP1, IL1B, IL18"
KEGG: Non-alcoholic fatty liver disease,0.5712758953100122,0.967741935483871,0.6666666666666666,1.0,0.25317129897914764,0.05213290875370842,155,155,150,False,True,True,"AKT1, COX7A1, IRS1, AKT3, TNF"
Reactome: Translation Of Structural Proteins R-HSA-9683701,0.5712477402383646,1.0,0.6666666666666666,1.0,0.2126352692590491,0.06027009859944056,30,30,30,False,True,True,"ST6GALNAC3, ST3GAL4, UBE2I, MOGAT1, PARP14"
Reactome: RHO GTPases Activate NADPH Oxidases R-HSA-5668599,0.5710234922830734,1.0,0.3333333333333333,1.0,0.44736395749527086,0.24108683725342933,24,24,24,False,False,True,"CYBB, S100A9, PRKCA, RNASE1, MAPK11"
Reactome: Constitutive Signaling By Aberrant PI3K In Cancer R-HSA-2219530,0.570812581670914,0.9871794871794872,0.3333333333333333,1.0,0.5366495514784312,0.1635672030299845,78,78,77,False,False,True,"ESR1, NRG2, PDGFRB, FYN, FLT3LG"
Reactome: Cellular Response To Heat Stress R-HSA-3371556,0.57063751567508,0.9895833333333334,0.6666666666666666,0.9696969696969697,0.24227888171196205,0.06071930272404433,99,96,95,False,True,True,"HSPB8, COL4A6, HSPA12A, CRYAB, CAMK2A"
Reactome: Circadian Clock R-HSA-400253,0.570412791647696,0.9846153846153847,0.6666666666666666,0.9420289855072463,0.26305688693649065,0.06453661422283673,69,65,64,False,True,True,"F7, MEF2C, BHLHE41, TBL1X, KLF15"
Reactome: Adenylate Cyclase Inhibitory Pathway R-HSA-170670,0.5702414205038104,1.0,0.3333333333333333,1.0,0.4836663146344263,0.2008741212179594,13,13,13,False,False,True,"ADCY4, GNAI1, ADCY1, GNAL, ADCY2"
Reactome: Endosomal Sorting Complex Required For Transport (ESCRT) R-HSA-917729,0.5702122574303162,1.0,0.6666666666666666,0.9666666666666667,0.19658187351803624,0.09614608030021125,30,29,29,False,True,True,"VPS36, CHMP4C, MVB12B, UBAP1, CHMP5"
Reactome: Diseases Of Carbohydrate Metabolism R-HSA-5663084,0.5701911797742604,0.96875,0.6666666666666666,0.9696969696969697,0.21224827710424155,0.1093515611609994,33,32,31,False,True,True,"DCXR, PPP1R3C, TALDO1, GYS1, GAA"
Reactome: PI-3K cascade:FGFR4 R-HSA-5654720,0.5699831373578577,1.0,0.3333333333333333,1.0,0.5372856708205614,0.14596334930206015,20,20,20,False,False,True,"PIK3R1, FGF1, FGF16, FGF17, FGF13"
Reactome: Glutamate Neurotransmitter Release Cycle R-HSA-210500,0.5698680416876302,1.0,0.3333333333333333,0.9565217391304348,0.5286020241116219,0.18668021331203608,23,22,22,False,False,True,"SLC1A7, SNAP25, CPLX1, PPFIA2, PPFIA4"
Reactome: Global Genome Nucleotide Excision Repair (GG-NER) R-HSA-5696399,0.5697046431886329,0.975609756097561,0.6666666666666666,1.0,0.18630922240533898,0.1032709041069309,82,82,80,False,True,True,"RFC4, UBE2I, PIAS3, RPA3, LRIG1"
KEGG: Phosphatidylinositol signaling system,0.5696922169472959,0.9680851063829787,0.6666666666666666,0.9690721649484536,0.26997845783707286,0.050260063471754185,97,94,91,False,True,True,"PTEN, PIK3R1, PLCB1, PRKCA, DGKB"
Reactome: Generation Of Second Messenger Molecules R-HSA-202433,0.5696368604749886,0.8709677419354839,0.6666666666666666,0.96875,0.27052266064334235,0.14679806646278373,32,31,27,False,True,True,"EVL, CD247, PLCG1, TARP, GRAP2"
Reactome: Insulin Receptor Recycling R-HSA-77387,0.5696228679913302,1.0,0.3333333333333333,1.0,0.47578066758108145,0.20566700570890262,26,26,26,False,False,True,"ATP6V1B2, ATP6V0B, INSR, ATP6V1B1, ATP6AP1"
Reactome: Late SARS-CoV-2 Infection Events R-HSA-9772573,0.5691041802418076,1.0,0.6666666666666666,1.0,0.2105014638656503,0.05168610401005434,58,58,58,False,True,True,"MGAT4C, MOGAT2, ST6GALNAC3, ST3GAL4, UBE2I"
Reactome: Norepinephrine Neurotransmitter Release Cycle R-HSA-181430,0.5690184897341218,1.0,0.3333333333333333,0.9444444444444444,0.5006305011050601,0.21946194756554924,18,17,17,False,False,True,"SLC18A2, SNAP25, CPLX1, PPFIA2, PPFIA4"
Reactome: Synthesis Of Bile Acids And Bile Salts Via 24-Hydroxycholesterol R-HSA-193775,0.5689922729170813,0.9285714285714286,0.3333333333333333,1.0,0.45478448464849924,0.2949387846988123,14,14,13,False,False,True,"PTGIS, CYP46A1, AKR1C3, AKR1C4, SLC27A5"
Reactome: MAPK3 (ERK1) Activation R-HSA-110056,0.568942089761457,1.0,0.3333333333333333,1.0,0.3314674852124162,0.3465762969282023,10,10,10,False,False,True,"MAP2K1, IL6ST, IL6, IL6R, CDK1"
Reactome: Cytoprotection By HMOX1 R-HSA-9707564,0.568933290280167,0.9824561403508771,0.6666666666666666,1.0,0.20093295645293693,0.07794402126368705,57,57,56,False,True,True,"TBL1X, SIN3A, NLRP3, SCO2, TXNIP"
Reactome: Late Endosomal Microautophagy R-HSA-9615710,0.5684435556948543,1.0,0.6666666666666666,0.967741935483871,0.21922855909594421,0.06384943443209076,31,30,30,False,True,True,"PLIN2, RNASE1, CETN1, CHMP4C, CFTR"
Reactome: Ethanol Oxidation R-HSA-71384,0.5679217018344854,1.0,0.3333333333333333,1.0,0.45810770167764187,0.2148341408281187,11,11,11,False,False,True,"ADH1B, ALDH1A1, ADH1C, ACSS1, ADH5"
KEGG: Shigellosis,0.5679210429823623,0.9907834101382489,0.6666666666666666,0.8821138211382114,0.28189703767405594,0.0720060679125151,246,217,215,False,True,True,"AKT1, MYL9, HK3, BNIP3, AKT3"
KEGG: Other types of O-glycan biosynthesis,0.5678166011758834,0.9545454545454546,0.6666666666666666,0.9361702127659575,0.2631678537254858,0.08590870470067591,47,44,42,False,True,True,"GALNT14, ST6GAL2, GALNT13, GALNT16, GALNT8"
KEGG: Glycerophospholipid metabolism,0.5673987045731074,0.9659090909090909,0.6666666666666666,0.8979591836734694,0.259525729161187,0.10475598170682328,98,88,85,False,True,True,"PLA2G15, PLA2G3, PNPLA7, PHOSPHO1, DGKB"
Reactome: Signaling By EGFR R-HSA-177929,0.5673054164990275,0.9795918367346939,0.6666666666666666,1.0,0.2143375406070832,0.05926437182002761,49,49,48,False,True,True,"ADAM12, PIK3R1, PIK3CA, EREG, PLCG1"
Reactome: Mitochondrial Translation Elongation R-HSA-5389840,0.5671916336623306,1.0,0.6666666666666666,0.9878048780487805,0.19171142341979452,0.07005975302193948,82,81,81,True,False,True,"MRPL37, MRPS34, MRPS30, MRPS7, MRPL4"
Reactome: Initiation Of Nuclear Envelope (NE) Reformation R-HSA-2995383,0.567097409806834,1.0,0.6666666666666666,1.0,0.1794903208848618,0.07266339481597445,19,19,19,True,False,True,"CCNB2, LMNB1, CCNB1, CDK1, TMPO"
Reactome: Dopamine Neurotransmitter Release Cycle R-HSA-212676,0.5669883548721906,1.0,0.3333333333333333,0.9565217391304348,0.5381238612138697,0.16275994213259046,23,22,22,False,False,True,"APBA1, SLC18A2, SNAP25, CPLX1, PPFIA2"
Reactome: Biotin Transport And Metabolism R-HSA-196780,0.5663701216298568,1.0,0.3333333333333333,1.0,0.38077042157750485,0.2844135199051125,11,11,11,False,False,True,"SP8, PROC, MCCC2, PCCB, ACACB"
Reactome: CYP2E1 Reactions R-HSA-211999,0.5662149125300058,1.0,0.3333333333333333,0.9090909090909091,0.5046608683877879,0.22792884577739272,11,10,10,False,False,True,"CYP2A13, CYP2A7, CYP2C8, CYP2C9, CYP2S1"
Reactome: Signaling By CSF3 (G-CSF) R-HSA-9674555,0.5661934550667418,1.0,0.6666666666666666,0.9333333333333333,0.20053660126181755,0.0970973407385576,30,28,28,False,True,True,"GRB2, HCK, STAT5B, STAT1, LYN"
Reactome: Regulation Of Cholesterol Biosynthesis By SREBP (SREBF) R-HSA-1655829,0.5661231873980948,0.9818181818181818,0.6666666666666666,1.0,0.2202316143010056,0.04523280753795267,55,55,54,False,True,True,"TBL1X, SCD, SC5D, HMGCR, LMBR1"
KEGG: Tyrosine metabolism,0.5660405686339396,1.0,0.3333333333333333,1.0,0.44391277675800317,0.21962339974502804,36,36,36,False,False,True,"ADH1B, AOX1, MAOB, AOC3, IL4I1"
Reactome: FRS-mediated FGFR2 Signaling R-HSA-5654700,0.5657325531623966,1.0,0.3333333333333333,1.0,0.4877407618338341,0.17425533731148188,24,24,24,False,False,True,"FGF1, FGF16, FGF17, FGF13, FGF7"
Reactome: Budding And Maturation Of HIV Virion R-HSA-162588,0.565720424199263,1.0,0.6666666666666666,0.9310344827586207,0.2043334377186892,0.09265948787532718,29,27,27,False,True,True,"SGIP1, CHMP4C, MVB12B, NEDD4L, UBAP1"
KEGG: Antigen processing and presentation,0.565692820960987,0.9090909090909091,0.6666666666666666,0.9871794871794872,0.26933680175644276,0.07631844523963446,78,77,70,False,True,True,"TNF, CTSL, KIR2DS2, CTSB, HSPA6"
KEGG: Steroid hormone biosynthesis,0.5655099450678718,0.8214285714285714,0.6666666666666666,0.9180327868852459,0.354165064189493,0.13009816622402676,61,56,46,False,True,True,"CYP19A1, CYP11A1, CYP17A1, CYP1B1, HSD17B6"
Reactome: Mitochondrial Translation R-HSA-5368287,0.5655038488765973,1.0,0.6666666666666666,0.9886363636363636,0.18314058771948033,0.06956805060290011,88,87,87,True,False,True,"MRPL37, MRPS34, MRPS30, MRPS7, MRPL4"
Reactome: Downstream Signaling Of Activated FGFR3 R-HSA-5654708,0.5653886345091546,1.0,0.3333333333333333,1.0,0.48602116856762384,0.17425533731148188,24,24,24,False,False,True,"PIK3R1, FGF1, FGF16, FGF17, FGF13"
Reactome: Transport Of Nucleosides And Free Purine And Pyrimidine Bases Across Plasma Membrane R-HSA-83936,0.5651773503537569,1.0,0.3333333333333333,1.0,0.43557100099632334,0.22364908410579476,12,12,12,False,False,True,"SLC28A2, SLC29A4, SLC29A2, SLC28A1, SLC29A3"
Reactome: SARS-CoV Infections R-HSA-9679506,0.5651691958742696,0.9749303621169917,0.6666666666666666,0.9728997289972899,0.22864777270004852,0.059259714473006785,369,359,350,False,True,True,"MASP1, FXYD1, AKT1, S1PR1, ATP1A2"
Reactome: Acetylcholine Regulates Insulin Secretion R-HSA-399997,0.5651476000159342,1.0,0.3333333333333333,1.0,0.4782933280505783,0.1807780053624259,10,10,10,False,False,True,"PLCB1, GNA14, PRKCA, GNA15, CHRM3"
Reactome: Regulation Of HSF1-mediated Heat Shock Response R-HSA-3371453,0.5650396862498919,0.9871794871794872,0.6666666666666666,0.9629629629629629,0.22132144814579102,0.061141940368626135,81,78,77,False,True,True,"COL4A6, HSPA12A, DNAJB1, HSPA12B, HSPA6"
Reactome: PI3K Cascade R-HSA-109704,0.5649941818416089,1.0,0.3333333333333333,1.0,0.5164428851505865,0.14186135739079117,44,44,44,False,False,True,"FLT3LG, IRS1, PIK3R1, FGF1, FGF16"
Reactome: Caspase-mediated Cleavage Of Cytoskeletal Proteins R-HSA-264870,0.5648788570747962,1.0,0.6666666666666666,1.0,0.20990498277716868,0.031155969263478942,12,12,12,False,True,True,"CASP6, ADD1, GAS2, GSN, PLEC"
Reactome: Downregulation Of SMAD2/3:SMAD4 Transcriptional Activity R-HSA-2173795,0.5647859873783989,1.0,0.6666666666666666,1.0,0.17047792201101308,0.07011868154764807,31,31,31,False,True,True,"ATP1B4, PPM1A, NEDD4L, STAT1, WWTR1"
Reactome: Cargo Concentration In ER R-HSA-5694530,0.56459481351764,1.0,0.6666666666666666,0.96875,0.21088074462936635,0.052197489625499936,32,31,31,False,True,True,"CTSZ, COL7A1, CNIH2, F5, F8"
Reactome: Retinoid Metabolism And Transport R-HSA-975634,0.564506928026232,0.9761904761904762,0.3333333333333333,0.9767441860465116,0.4354076877692354,0.2617116699698983,43,42,41,False,False,True,"LRP2, SDC1, C1D, RBP1, RBP4"
KEGG: Coronavirus disease,0.5644129548553255,0.9385964912280702,0.6666666666666666,0.9827586206896551,0.27711058382805115,0.03595540036993144,232,228,214,False,True,True,"C7, MASP1, MAS1, VWF, TNF"
Reactome: ROS And RNS Production In Phagocytes R-HSA-1222556,0.5642827007222301,1.0,0.3333333333333333,1.0,0.4490798312355809,0.20566700570890262,36,36,36,False,False,True,"ATP6V1B2, CYBB, ATP6V0B, ATP6V1B1, SLC11A1"
Reactome: Unfolded Protein Response (UPR) R-HSA-381119,0.5641250546350474,0.9883720930232558,0.6666666666666666,0.9662921348314607,0.2226571965747044,0.05154354912034829,89,86,85,False,True,True,"CREB3L1, CCL2, PDIA6, EXTL1, EIF2S2"
Reactome: Eicosanoid Ligand-Binding Receptors R-HSA-391903,0.5640166972351055,1.0,0.3333333333333333,1.0,0.5948347922076251,0.05858202730123562,15,15,15,False,False,True,"PTGER3, CYSLTR2, PTGFR, PTGDR, PTGER2"
Reactome: Aflatoxin Activation And Detoxification R-HSA-5423646,0.5636309172566121,1.0,0.3333333333333333,1.0,0.4810105633047154,0.17047735631167768,19,19,19,False,False,True,"GGT5, CYP2A13, GGT1, CYP3A5, MGST2"
Reactome: SARS-CoV-1 Infection R-HSA-9678108,0.5634384999967178,1.0,0.6666666666666666,0.9615384615384616,0.20592258897371138,0.05678273152269822,52,50,50,False,True,True,"CAV1, CTSL, ST6GALNAC3, ST3GAL4, UBE2I"
Reactome: Mucopolysaccharidoses R-HSA-2206281,0.5632210092524292,1.0,0.6666666666666666,1.0,0.0868904045556947,0.14588130837311816,11,11,11,False,True,True,"GUSB, IDUA, GNS, HGSNAT, ARSB"
Reactome: Leading Strand Synthesis R-HSA-69109,0.563204658487378,1.0,0.3333333333333333,1.0,0.4040575249879418,0.24529910078228137,14,14,14,False,False,True,"RFC4, PRIM1, POLD2, PCNA, POLD4"
Reactome: Cytosolic Sulfonation Of Small Molecules R-HSA-156584,0.5626301368725611,0.95,0.6666666666666666,0.9090909090909091,0.23523384718179965,0.1127653220294907,22,20,19,False,True,True,"SULT2A1, SLC26A2, PODXL2, SULT1B1, PAPSS1"
KEGG: RNA degradation,0.562536136170746,0.96,0.6666666666666666,0.9493670886075949,0.24674501460166562,0.06057701646303487,79,75,72,False,True,True,"ENO1, PABPC5, PABPC4L, C1D, PFKP"
Reactome: TNF Signaling R-HSA-75893,0.5623128705513374,1.0,0.6666666666666666,0.9772727272727273,0.18317040384111155,0.06210607012769658,44,43,43,False,True,True,"CLIP3, TNF, CFLAR, USP2, BIRC3"
Reactome: SUMOylation Of Chromatin Organization Proteins R-HSA-4551638,0.5622279812286746,0.9629629629629629,0.6666666666666666,0.9473684210526315,0.2173491830101184,0.08696811104748459,57,54,52,False,True,True,"SATB1, CBX2, UBE2I, PCGF2, CBX8"
Reactome: RET Signaling R-HSA-8853659,0.5617550358573246,1.0,0.3333333333333333,1.0,0.5044883346609773,0.13762017795897863,40,40,40,False,False,True,"DOK6, GFRA2, PIK3R1, GRB7, GRB10"
Reactome: Apoptotic Execution Phase R-HSA-75153,0.5615969278223384,1.0,0.6666666666666666,0.8653846153846154,0.3001195451001927,0.025493299139704426,52,45,45,False,True,True,"CLSPN, TJP1, SATB1, CASP6, DSG3"
Reactome: FCGR Activation R-HSA-2029481,0.5615749222834131,1.0,0.3333333333333333,0.9230769230769231,0.5764064838721317,0.1224937685705747,13,12,12,False,False,True,"FYN, FCGR2A, CD247, FCGR1A, FGR"
Reactome: Regulation Of TP53 Activity Thru Association With Co-factors R-HSA-6804759,0.5614120929979991,1.0,0.3333333333333333,1.0,0.48027622259145897,0.16011757573186955,14,14,14,False,False,True,"AKT1, AKT3, POU4F1, TP63, TP53BP2"
Reactome: Signaling By FGFR4 In Disease R-HSA-5655291,0.5609522627879729,1.0,0.3333333333333333,1.0,0.40686304461827777,0.2312316026549204,10,10,10,False,False,True,"PIK3R1, PIK3CA, PLCG1, GRB2, PIGU"
Reactome: Transcriptional Regulation By E2F6 R-HSA-8953750,0.560930923254228,0.9705882352941176,0.6666666666666666,1.0,0.2126787031989292,0.0380543444447599,34,34,33,False,True,True,"RRM2, E2F1, PCGF2, CBX5, CHEK1"
Reactome: DDX58/IFIH1-mediated Induction Of Interferon-Alpha/Beta R-HSA-168928,0.560904205282548,0.9743589743589743,0.6666666666666666,0.9629629629629629,0.2291715812366325,0.04543491526157806,81,78,76,False,True,True,"IFNA7, S100B, NFKBIA, IRF7, ISG15"
Reactome: Activation Of Phototransduction Cascade R-HSA-2485179,0.560897991519502,1.0,0.3333333333333333,1.0,0.3904594032652739,0.24736388766556938,11,11,11,False,False,True,"RHO, CNGB1, PDE6B, GNGT1, PDE6A"
Reactome: Nucleotide Excision Repair R-HSA-5696398,0.560497340812458,0.9722222222222222,0.6666666666666666,1.0,0.17091367343740835,0.07601747506932625,108,108,105,False,True,True,"RFC4, UBE2I, PIAS3, RPA3, LRIG1"
Reactome: Dectin-2 Family R-HSA-5621480,0.5604861014827925,0.9642857142857143,0.3333333333333333,0.9655172413793104,0.44370445321153756,0.25363574221556084,29,28,27,False,False,True,"FYN, FCER1G, MUCL1, MUC6, MUC4"
Reactome: ERBB2 Regulates Cell Motility R-HSA-6785631,0.5604417207836546,1.0,0.3333333333333333,1.0,0.4540361820034789,0.18150575524812726,15,15,15,False,False,True,"NRG2, ERBB3, ERBB2, EREG, NRG1"
Reactome: Synthesis Of Prostaglandins (PG) And Thromboxanes (TX) R-HSA-2162123,0.5602966141883323,1.0,0.3333333333333333,0.9333333333333333,0.5262493229546301,0.15856708132036515,15,14,14,False,False,True,"PTGIS, PTGDS, PTGS1, TBXAS1, HPGD"
Reactome: Regulation Of TNFR1 Signaling R-HSA-5357905,0.5601625018104198,1.0,0.6666666666666666,0.9714285714285714,0.19052068148477122,0.04838706566256578,35,34,34,False,True,True,"CLIP3, TNF, CFLAR, USP2, BIRC3"
Reactome: Tight Junction Interactions R-HSA-420029,0.5600760570940834,1.0,0.3333333333333333,0.9333333333333333,0.49896433266063384,0.18474928614311595,30,28,28,False,False,True,"CLDN4, CLDN14, PARD6G, CLDN7, CLDN5"
"KEGG: Alanine, aspartate and glutamate metabolism",0.5599592023635273,1.0,0.3333333333333333,0.9459459459459459,0.4408938935940831,0.23277599209742691,37,35,35,False,False,True,"RIMKLA, ALDH5A1, NIT2, GAD2, IL4I1"
Reactome: SARS-CoV-2 Infection R-HSA-9694516,0.5598211401550169,0.9744525547445255,0.6666666666666666,0.9681978798586572,0.2165109838952552,0.04866041890797807,283,274,267,False,True,True,"MASP1, AKT1, TJP1, AKT3, CAV1"
Reactome: DNA Damage Recognition In GG-NER R-HSA-5696394,0.5594015980026117,0.972972972972973,0.6666666666666666,1.0,0.13291048996675864,0.1077911937399933,37,37,36,False,True,True,"RUVBL1, DDB2, INO80B, TFPT, INO80D"
KEGG: Protein processing in endoplasmic reticulum,0.5592849377680189,0.9815950920245399,0.6666666666666666,0.9532163742690059,0.21355861237371176,0.05302537040675586,171,163,160,False,True,True,"CRYAB, EIF2AK4, SEL1L2, MAPK10, DNAJB1"
Reactome: Negative Regulation Of PI3K/AKT Network R-HSA-199418,0.559011535503954,0.9911504424778761,0.3333333333333333,1.0,0.4967465416215261,0.1404940267537015,113,113,112,False,False,True,"IL33, ESR1, NRG2, AKT1, PDGFRB"
Reactome: DNA Double-Strand Break Repair R-HSA-5693532,0.5588429442568792,0.968503937007874,0.6666666666666666,0.8523489932885906,0.2596077817462413,0.09350792423050477,149,127,123,False,True,True,"CLSPN, ABL1, RFC4, EYA2, SLX4"
Reactome: Repression Of WNT Target Genes R-HSA-4641265,0.5587627457553745,1.0,0.3333333333333333,0.9285714285714286,0.4570010729611956,0.22371741772043932,14,13,13,False,False,True,"MYC, TLE4, AXIN2, LEF1, TLE1"
Reactome: Estrogen-dependent Gene Expression R-HSA-9018519,0.5587316724336209,1.0,0.6666666666666666,0.7563025210084033,0.31259808139033274,0.0805000566881357,119,90,90,False,True,True,"CXCL12, PGR, GREB1, MYC, ESR1"
Reactome: Response Of EIF2AK1 (HRI) To Heme Deficiency R-HSA-9648895,0.5586164852142788,1.0,0.3333333333333333,1.0,0.43735937967529387,0.18905637972943287,15,15,15,False,False,True,"GRB10, EIF2S2, PPP1R15A, TRIB3, ATF3"
Reactome: Activation Of Pre-Replicative Complex R-HSA-68962,0.5584189938190088,1.0,0.3333333333333333,1.0,0.36376275514706663,0.2616655472813107,32,32,32,False,False,True,"CDC45, PRIM1, CDC6, MCM10, RPA3"
Reactome: Assembly Of Active LPL And LIPC Lipase Complexes R-HSA-8963889,0.5582120879451277,1.0,0.3333333333333333,0.9473684210526315,0.4424170408651947,0.22145041640430357,19,18,18,False,False,True,"LMF1, APOA5, GPIHBP1, ANGPTL3, ANGPTL4"
KEGG: Mitophagy,0.5581421286647682,0.9696969696969697,0.6666666666666666,0.9705882352941176,0.18847547070720144,0.07126369311574918,68,66,64,False,True,True,"BNIP3, E2F1, MAPK10, CITED2, SQSTM1"
Reactome: Regulation Of Signaling By CBL R-HSA-912631,0.5575562280915395,1.0,0.3333333333333333,1.0,0.45339333309426544,0.16772114069676552,18,18,18,False,False,True,"FYN, PIK3R1, PIK3CA, PIK3R3, GRB2"
KEGG: Cholesterol metabolism,0.5575311272986365,1.0,0.3333333333333333,0.98,0.44103546310584985,0.1949535067206656,50,49,49,False,False,True,"APOC1, LRP2, CYP7A1, CD36, OSBPL5"
Reactome: Negative Regulators Of DDX58/IFIH1 Signaling R-HSA-936440,0.5575088383412005,0.9705882352941176,0.6666666666666666,0.9714285714285714,0.19006669226690068,0.06498450224022186,35,34,33,False,True,True,"ISG15, UBE2L6, HERC5, IFIH1, TNFAIP3"
Reactome: Defective GALNT12 Causes CRCS1 R-HSA-5083636,0.5573662875153492,1.0,0.3333333333333333,1.0,0.42081337021889176,0.19935140069118748,18,18,18,False,False,True,"MUCL1, MUC6, MUC4, MUC13, MUC15"
Reactome: IRS-mediated Signaling R-HSA-112399,0.5573300296202915,1.0,0.3333333333333333,1.0,0.48667352339164277,0.13330995804314794,47,47,47,False,False,True,"FLT3LG, IRS1, PIK3R1, FGF1, FGF16"
Reactome: Glucagon Signaling In Metabolic Regulation R-HSA-163359,0.5572365914870198,1.0,0.3333333333333333,1.0,0.4251924475477337,0.19432384322069818,32,32,32,False,False,True,"ADCY4, CYSLTR2, GNG7, ADCY1, GNG11"
Reactome: FGFR2 Alternative Splicing R-HSA-6803529,0.5571426059897687,1.0,0.6666666666666666,1.0,0.17218444454004955,0.03019525207546044,26,26,26,False,True,True,"TIA1, ESRP1, RBFOX2, POLR2H, NCBP2"
KEGG: Mismatch repair,0.5570329460898648,1.0,0.3333333333333333,1.0,0.4113834811626096,0.20711458262004767,23,23,23,False,False,True,"RFC4, MSH2, EXO1, RPA3, POLD2"
Reactome: COPII-mediated Vesicle Transport R-HSA-204005,0.5569596550280296,1.0,0.6666666666666666,1.0,0.161034748937635,0.040430192869179,66,66,66,False,True,True,"CTSZ, COL7A1, CNIH2, STX17, F5"
Reactome: Synthesis Of Bile Acids And Bile Salts Via 27-Hydroxycholesterol R-HSA-193807,0.5566996058744327,0.9333333333333333,0.3333333333333333,1.0,0.44704475213065453,0.2364532772415086,15,15,14,False,False,True,"PTGIS, CYP7A1, AKR1C3, AKR1C4, NR1H4"
Reactome: Signaling By ERBB2 KD Mutants R-HSA-9664565,0.5563813271494388,1.0,0.3333333333333333,0.9583333333333334,0.4598025188949983,0.18668745018552946,24,23,23,False,False,True,"NRG2, ERBB3, PIK3R1, ERBB2, PIK3CA"
Reactome: Voltage Gated Potassium Channels R-HSA-1296072,0.5563349564343187,1.0,0.3333333333333333,1.0,0.4975440290980581,0.1174640864068689,43,43,43,False,False,True,"KCNH1, KCND3, KCNV1, KCND2, KCNS2"
Reactome: HS-GAG Biosynthesis R-HSA-2022928,0.5562694038375975,1.0,0.3333333333333333,1.0,0.3780897403992278,0.23659061212209292,30,30,30,False,False,True,"HS6ST2, SDC1, HS6ST3, SDC4, GPC6"
Reactome: Transcriptional Regulation By AP-2 (TFAP2) Family Of Transcription Factors R-HSA-8864260,0.5561773451109622,1.0,0.3333333333333333,0.9722222222222222,0.5285045884207837,0.10654880380069422,36,35,35,False,False,True,"MYC, ESR1, MYBL2, CHGA, UBE2I"
Reactome: Insulin Receptor Signaling Cascade R-HSA-74751,0.556169523818989,1.0,0.3333333333333333,1.0,0.48737139777713867,0.12680955465113922,53,53,53,False,False,True,"FLT3LG, IRS1, PIK3R1, FGF1, FGF16"
Reactome: HS-GAG Degradation R-HSA-2024096,0.5558256614670254,1.0,0.3333333333333333,1.0,0.37459414464232615,0.23786749602613377,21,21,21,False,False,True,"HPSE2, SDC1, SDC4, GPC6, GPC4"
KEGG: Pentose phosphate pathway,0.5556637907571341,0.9666666666666667,0.3333333333333333,1.0,0.4109633220510118,0.2340222984013255,30,30,29,False,False,True,"PGM1, ALDOC, PFKP, PRPS1L1, TALDO1"
Reactome: Homology Directed Repair R-HSA-5693538,0.5555359136120496,0.9690721649484536,0.6666666666666666,0.8151260504201681,0.2721439679296302,0.09178556403370466,119,97,94,False,True,True,"CLSPN, ABL1, RFC4, SLX4, UBE2I"
Reactome: Hyaluronan Uptake And Degradation R-HSA-2160916,0.5554944686225677,1.0,0.3333333333333333,1.0,0.4144651083620256,0.19634056808414638,12,12,12,False,False,True,"STAB2, LYVE1, HYAL3, HYAL2, HMMR"
"Reactome: PI5P, PP2A And IER3 Regulate PI3K/AKT Signaling R-HSA-6811558",0.5554631732671187,0.9905660377358491,0.3333333333333333,1.0,0.4893630700731603,0.13072009185991737,106,106,105,False,False,True,"IL33, ESR1, NRG2, AKT1, PDGFRB"
Reactome: Transcriptional Regulation Of Pluripotent Stem Cells R-HSA-452723,0.5553270966676072,0.9666666666666667,0.3333333333333333,1.0,0.48146559676248485,0.16183655324221788,30,30,29,False,False,True,"ZIC3, GATA6, FGF13, KLF4, PBX1"
Reactome: Interaction With Cumulus Cells And Zona Pellucida R-HSA-2534343,0.5551462833708978,1.0,0.3333333333333333,1.0,0.4330619155742367,0.17600283461358546,10,10,10,False,False,True,"ADAM20, OVGP1, ADAM2, ADAM30, ZP4"
Reactome: Formation Of Fibrin Clot (Clotting Cascade) R-HSA-140877,0.555069721530194,1.0,0.3333333333333333,1.0,0.4633588342354246,0.14532310674887874,37,37,37,False,False,True,"F7, VWF, PROS1, TFPI, SERPIND1"
Reactome: Inactivation Of CSF3 (G-CSF) Signaling R-HSA-9705462,0.5550457023196598,1.0,0.6666666666666666,0.92,0.17845058182005402,0.07344459644491162,25,23,23,False,True,True,"HCK, STAT5B, STAT1, LYN, RNF7"
Reactome: Protein Ubiquitination R-HSA-8852135,0.5550292215965621,1.0,0.6666666666666666,0.8289473684210527,0.2102340401983563,0.1098682081353316,76,63,63,False,True,True,"UBE2C, TMEM129, UBE2T, HLTF, UBE2Z"
Reactome: Lysosphingolipid And LPA Receptors R-HSA-419408,0.5550052692534615,1.0,0.3333333333333333,0.6428571428571429,0.6172636717917167,0.25895315066606667,14,9,9,False,False,True,"S1PR3, S1PR1, LPAR5, LPAR2, LPAR1"
Reactome: Signaling By Insulin Receptor R-HSA-74752,0.5549892746125085,1.0,0.3333333333333333,1.0,0.4749697483527276,0.13330995804314794,77,77,77,False,False,True,"FLT3LG, IRS1, PIK3R1, FGF1, ATP6V1B2"
Reactome: HIV Life Cycle R-HSA-162587,0.5548230435010595,0.9858156028368794,0.6666666666666666,0.9463087248322147,0.18583648088066831,0.05939825683025496,149,141,139,False,True,True,"RNMT, TAF7L, HMGA1, SGIP1, CCNT2"
Reactome: Regulation Of KIT Signaling R-HSA-1433559,0.5546030989174724,1.0,0.3333333333333333,1.0,0.4135902074544773,0.19275862046621817,16,16,16,False,False,True,"FYN, PRKCA, SH2B3, KIT, GRB2"
Reactome: Phase II - Conjugation Of Compounds R-HSA-156580,0.5545704942783494,0.88,0.6666666666666666,0.9345794392523364,0.25469724477735145,0.10388731384180971,107,100,88,False,True,True,"GSTM5, GGT5, SULT2A1, GGT1, ACSM2B"
Reactome: Platelet Adhesion To Exposed Collagen R-HSA-75892,0.5545644444084449,1.0,0.3333333333333333,1.0,0.5436878101335526,0.06246774524200488,12,12,12,False,False,True,"FYN, VWF, FCER1G, GP5, ITGA1"
Reactome: Glucagon-type Ligand Receptors R-HSA-420092,0.554429109162445,1.0,0.3333333333333333,1.0,0.40765749415033725,0.1978213849952211,33,33,33,False,False,True,"CYSLTR2, ADCYAP1R1, GNG7, GNG11, VIPR2"
KEGG: Viral carcinogenesis,0.554234565745434,0.9879518072289156,0.6666666666666666,0.8177339901477833,0.2510927276010623,0.08549446795302124,203,166,164,False,True,True,"EGR3, CDKN2A, PIK3R1, CREB3L1, CCND2"
Reactome: Regulation Of Gene Expression By Hypoxia-inducible Factor R-HSA-1234158,0.5541256619471104,1.0,0.3333333333333333,1.0,0.4339040624238525,0.17005758064503274,11,11,11,False,False,True,"CA9, CITED2, VEGFA, EPX, EPAS1"
Reactome: Rap1 Signaling R-HSA-392517,0.5540457544042457,1.0,0.3333333333333333,1.0,0.47058492166053073,0.13297718369403128,16,16,16,False,False,True,"PRKG1, RASGRP2, RAPGEF4, PRKCA, PRKACB"
Reactome: Plasma Lipoprotein Remodeling R-HSA-8963899,0.5536373928707808,1.0,0.3333333333333333,0.9696969696969697,0.4115989048229673,0.21264866559154338,33,32,32,False,False,True,"LMF1, APOA5, GPIHBP1, APOB, APOE"
Reactome: Downstream Signaling Of Activated FGFR4 R-HSA-5654716,0.5535658135328989,1.0,0.3333333333333333,1.0,0.45793371296994695,0.14322868802788083,26,26,26,False,False,True,"PIK3R1, FGF1, FGF16, FGF17, FGF13"
Reactome: DNA Repair R-HSA-73894,0.5535602155991076,0.9703703703703703,0.6666666666666666,0.8709677419354839,0.21953806990905742,0.09133349793116398,310,270,262,False,True,True,"CLSPN, ABL1, RFC4, FTO, EYA2"
Reactome: Autophagy R-HSA-9612973,0.5535345316931782,1.0,0.6666666666666666,0.9765625,0.15724664623874457,0.044670803893813144,128,125,125,False,True,True,"MAP1LC3C, PLIN2, PRKAG3, RNASE1, RRAGD"
Reactome: HDR Thru Homologous Recombination (HRR) Or Single Strand Annealing (SSA) R-HSA-5693567,0.5534893611641363,0.967391304347826,0.6666666666666666,0.8070175438596491,0.2736108382713446,0.08784817197344104,114,92,89,False,True,True,"CLSPN, ABL1, RFC4, SLX4, UBE2I"
Reactome: Chromosome Maintenance R-HSA-73886,0.5533934203591554,1.0,0.6666666666666666,0.7288135593220338,0.27831784652783426,0.10870575244308414,118,86,86,False,True,True,"RFC4, TERT, PRIM1, RSF1, CENPI"
Reactome: Long-term Potentiation R-HSA-9620244,0.553205318797269,1.0,0.3333333333333333,1.0,0.47634951177477103,0.12301041554490691,23,23,23,False,False,True,"GRIN2D, GRIN2A, CAMK2A, GRIA2, ACTN2"
Reactome: Surfactant Metabolism R-HSA-5683826,0.5531981303217571,0.8148148148148148,0.6666666666666666,0.9310344827586207,0.36608032079620967,0.053486320595462204,29,27,22,False,True,True,"ADRA2C, DMBT1, GATA6, ADORA2B, LMCD1"
Reactome: Neurotransmitter Release Cycle R-HSA-112310,0.5531830913279883,1.0,0.3333333333333333,0.98,0.521470795607722,0.09277799436555295,50,49,49,False,False,True,"SLC1A7, APBA1, SLC18A3, SLC18A2, SNAP25"
Reactome: Diseases Associated With O-glycosylation Of Proteins R-HSA-3906995,0.5530969780387889,1.0,0.3333333333333333,0.9565217391304348,0.48516168746585187,0.1462652317135998,69,66,66,False,False,True,"ADAMTSL5, ADAMTS3, ADAMTSL1, ADAMTS6, ADAMTS4"
Reactome: TNFs Bind Their Physiological Receptors R-HSA-5669034,0.5528877245482147,1.0,0.3333333333333333,1.0,0.4436455044191246,0.15412645165528216,29,29,29,False,False,True,"CD70, EDA2R, TNFRSF4, TNFSF11, TNFRSF9"
Reactome: Defective GALNT3 Causes HFTC R-HSA-5083625,0.5528175758184332,1.0,0.3333333333333333,1.0,0.4064812553667965,0.1909399570587026,18,18,18,False,False,True,"MUCL1, MUC6, MUC4, MUC13, MUC15"
Reactome: Trafficking And Processing Of Endosomal TLR R-HSA-1679131,0.55271301330484,1.0,0.3333333333333333,1.0,0.45317943160204566,0.143718968255488,13,13,13,False,False,True,"CTSL, TLR8, CTSB, UNC93B1, CTSS"
Reactome: SHC-mediated cascade:FGFR4 R-HSA-5654719,0.5525889036116848,1.0,0.3333333333333333,1.0,0.4628821716983728,0.1333956796933843,19,19,19,False,False,True,"FGF1, FGF16, FGF17, FGF13, FGF8"
KEGG: Collecting duct acid secretion,0.5525654806932855,1.0,0.3333333333333333,1.0,0.40718096071981125,0.1889797760799495,27,27,27,False,False,True,"ATP6V1B2, CLCNKB, CA2, ATP6V1B1, ATP6V0A4"
Reactome: IRE1alpha Activates Chaperones R-HSA-381070,0.5523793332994003,0.9777777777777777,0.6666666666666666,0.9375,0.18428544712418468,0.06337510826170566,48,45,44,False,True,True,"PDIA6, EXTL1, ADD1, DNAJB11, DDX11"
Reactome: CD28 Dependent Vav1 Pathway R-HSA-389359,0.5523441154235154,1.0,0.3333333333333333,1.0,0.4771789881695424,0.11787492228136737,12,12,12,False,False,True,"FYN, CD86, RNASE1, GRB2, PKN1"
Reactome: FRS-mediated FGFR3 Signaling R-HSA-5654706,0.5518025941395858,1.0,0.3333333333333333,1.0,0.4470666200477468,0.14527968398351535,19,19,19,False,False,True,"FGF1, FGF16, FGF17, FGF13, FGF8"
Reactome: Organic Anion Transporters R-HSA-428643,0.5515536296544876,1.0,0.3333333333333333,1.0,0.3963406360202249,0.19476084558554638,10,10,10,False,False,True,"SLC5A8, SLC17A6, SLC17A8, SLC17A5, SLC25A10"
KEGG: Renin-angiotensin system,0.551402143760299,1.0,0.3333333333333333,1.0,0.44236909688308473,0.14797495525174345,23,23,23,False,False,True,"MAS1, CPA3, AGTR1, ENPEP, CTSG"
Reactome: Hyaluronan Metabolism R-HSA-2142845,0.5513160980705033,1.0,0.3333333333333333,1.0,0.4041146555416333,0.18579916814421693,16,16,16,False,False,True,"STAB2, LYVE1, HYAL3, HAS2, CEMIP"
Reactome: Gastrulation R-HSA-9758941,0.5512915451422594,0.9375,0.3333333333333333,0.9411764705882353,0.46193170584637516,0.23447700025707877,17,16,15,False,False,True,"MIXL1, FOXH1, EOMES, GSC, LEF1"
Reactome: FRS-mediated FGFR1 Signaling R-HSA-5654693,0.5512719624619932,1.0,0.3333333333333333,1.0,0.4338433567924014,0.1558497888508973,22,22,22,False,False,True,"FGF1, FGF17, FGF13, FGF10, FGF8"
Reactome: Glutathione Synthesis And Recycling R-HSA-174403,0.551268550110395,1.0,0.3333333333333333,1.0,0.3895970390826173,0.20007904480269081,12,12,12,False,False,True,"GGT5, GGT1, GCLM, GCLC, CHAC2"
Reactome: Cellular Hexose Transport R-HSA-189200,0.5512098898058547,0.95,0.3333333333333333,0.9523809523809523,0.47839987781785587,0.19669719025903673,21,20,19,False,False,True,"SLC2A3, SLC5A10, SLC5A1, SLC2A4, SLC2A6"
Reactome: Downregulation Of TGF-beta Receptor Signaling R-HSA-2173788,0.5511801980511613,0.9615384615384616,0.6666666666666666,1.0,0.14791753842574354,0.06311165695826765,26,26,25,False,True,True,"PPP1R15A, NEDD4L, PMEPA1, UCHL5, BAMBI"
Reactome: Assembly And Cell Surface Presentation Of NMDA Receptors R-HSA-9609736,0.5509781264891305,1.0,0.3333333333333333,1.0,0.4791953089769433,0.10902865680204181,25,25,25,False,False,True,"APBA1, GRIN2D, GRIN2A, CAMK2A, NBEA"
KEGG: Retinol metabolism,0.5509378329657468,0.7903225806451613,0.6666666666666666,0.9117647058823529,0.36892668572184706,0.07828303571662795,68,62,49,False,True,True,"ALDH1A2, ADH1B, AOX1, HSD17B6, RDH10"
Reactome: Passive Transport By Aquaporins R-HSA-432047,0.5507380457389623,0.9090909090909091,0.3333333333333333,0.9166666666666666,0.4641843766126304,0.2762482763246059,12,11,10,False,False,True,"AQP6, AQP3, AQP5, AQP9, AQP8"
Reactome: GRB2 Events In ERBB2 Signaling R-HSA-1963640,0.5507373565198728,1.0,0.3333333333333333,1.0,0.4065321343849751,0.1804879815477222,15,15,15,False,False,True,"NRG2, ERBB2, EREG, GRB2, NRG1"
Reactome: ADP Signaling Thru P2Y Purinoceptor 12 R-HSA-392170,0.5504468543938477,1.0,0.3333333333333333,1.0,0.3903557750947402,0.19521183020783164,22,22,22,False,False,True,"GNG7, GNAI1, GNG11, P2RY12, GNB5"
Reactome: Regulation Of Beta-Cell Development R-HSA-186712,0.5504143602115308,0.975,0.3333333333333333,0.975609756097561,0.4729150157394505,0.15578280157836552,41,40,39,False,False,True,"AKT1, NR5A2, HNF1B, AKT3, FOXA2"
Reactome: MECP2 Regulates Neuronal Receptors And Channels R-HSA-9022699,0.5503667876612962,1.0,0.3333333333333333,1.0,0.4619325910235927,0.12323468061622135,18,18,18,False,False,True,"GRIN2A, GRIA2, SLC2A3, RNMT, SIN3A"
Reactome: Signaling By ERBB2 In Cancer R-HSA-1227990,0.5502932411641721,1.0,0.3333333333333333,0.96,0.4384937591633311,0.17630577999086278,25,24,24,False,False,True,"NRG2, ERBB3, PIK3R1, ERBB2, PIK3CA"
KEGG: DNA replication,0.5502791907448612,1.0,0.3333333333333333,1.0,0.36560408075642276,0.21912520630121693,36,36,36,False,False,True,"RFC4, PRIM1, MCM2, RPA3, RNASEH2A"
Reactome: PKA Activation In Glucagon Signaling R-HSA-164378,0.5501193337160315,1.0,0.3333333333333333,1.0,0.44238996209173814,0.1415400398217525,16,16,16,False,False,True,"ADCY4, ADCY1, ADCY2, PRKCA, PRKACB"
KEGG: Thermogenesis,0.5500521408918081,0.9534883720930233,0.6666666666666666,0.9224137931034483,0.21988323068213841,0.05174542352295926,232,214,205,False,True,True,"ZNF516, ADCY4, COX7A1, PRKG1, BMP8A"
KEGG: Ubiquitin mediated proteolysis,0.5499802626817447,0.9705882352941176,0.6666666666666666,0.9714285714285714,0.17109014349487445,0.04631817271496963,140,136,132,False,True,True,"RHOBTB1, NEDD4, UBE2C, UBE2I, UBE2QL1"
KEGG: Necroptosis,0.549953137476888,0.9618320610687023,0.6666666666666666,0.8238993710691824,0.28151966378443366,0.05515610089608408,159,131,126,False,True,True,"IL33, PYGM, TNF, CAMK2A, MAPK10"
Reactome: Ca2+ Pathway R-HSA-4086398,0.5498801097463399,1.0,0.3333333333333333,1.0,0.4267226410346567,0.1560112410303761,61,61,61,False,False,True,"MYC, PRKG1, CAMK2A, GNG7, PLCB1"
Reactome: Early Phase Of HIV Life Cycle R-HSA-162594,0.5497466889712279,1.0,0.3333333333333333,0.9375,0.4080920896750686,0.22084968851440412,16,15,15,False,False,True,"HMGA1, SGIP1, CCR5, LRIG1, FEN1"
Reactome: SHC1 Events In ERBB2 Signaling R-HSA-1250196,0.5497178719044427,1.0,0.3333333333333333,1.0,0.40944332951833146,0.17247936333721495,21,21,21,False,False,True,"NRG2, ERBB3, PRKCA, ERBB2, EREG"
Reactome: Cell-extracellular Matrix Interactions R-HSA-446353,0.5492114823043256,1.0,0.3333333333333333,1.0,0.39305985734336424,0.18633088751159704,16,16,16,False,False,True,"FLNC, LIMS2, FERMT2, PARVA, FBLIM1"
Reactome: Late Phase Of HIV Life Cycle R-HSA-162599,0.5490985195125566,0.984375,0.6666666666666666,0.9411764705882353,0.16332706057336063,0.05857485071491302,136,128,126,False,True,True,"RNMT, TAF7L, SGIP1, CCNT2, TAF9B"
Reactome: Transcriptional Regulation By MECP2 R-HSA-8986944,0.5490846954335995,0.9833333333333333,0.3333333333333333,1.0,0.4415412965814468,0.15388218058655093,60,60,59,False,False,True,"PTEN, GRIN2A, CAMK2A, GRIA2, SLC2A3"
KEGG: Pantothenate and CoA biosynthesis,0.5488778150727142,1.0,0.3333333333333333,1.0,0.36288826786878553,0.2148341408281187,21,21,21,False,False,True,"BCAT2, UPB1, VNN3, ENPP3, GADL1"
Reactome: Ras Activation Upon Ca2+ Influx Thru NMDA Receptor R-HSA-442982,0.5488530332118357,1.0,0.3333333333333333,1.0,0.44678605457078774,0.1308124448217233,19,19,19,False,False,True,"GRIN2D, CAMK2A, RASGRF2, ACTN2, RASGRF1"
Reactome: Metabolic Disorders Of Biological Oxidation Enzymes R-HSA-5579029,0.5488198663958918,0.9393939393939394,0.3333333333333333,0.9705882352941176,0.4954646119994086,0.16463293744885585,34,33,31,False,False,True,"CYP19A1, CYP11A1, CYP17A1, CYP1B1, TBXAS1"
Reactome: XBP1(S) Activates Chaperone Genes R-HSA-381038,0.5487182967767577,0.9767441860465116,0.6666666666666666,0.9347826086956522,0.1765036454779687,0.0559233625042352,46,43,42,False,True,True,"PDIA6, EXTL1, ADD1, DNAJB11, DDX11"
Reactome: Negative Regulation Of NMDA Receptor-Mediated Neuronal Transmission R-HSA-9617324,0.5486135339662064,1.0,0.3333333333333333,1.0,0.432983032133336,0.14341797103102877,21,21,21,False,False,True,"GRIN2D, GRIN2A, CAMK2A, ACTN2, GPRIN1"
Reactome: Cellular Senescence R-HSA-2559583,0.5486041300697959,0.984375,0.6666666666666666,0.7757575757575758,0.2744248928164287,0.0690692423810358,165,128,126,False,True,True,"CDKN2A, HMGA2, E2F1, VENTX, MAPK10"
Reactome: Vasopressin Regulates Renal Water Homeostasis Via Aquaporins R-HSA-432040,0.5485264218755425,1.0,0.3333333333333333,0.9761904761904762,0.4252180745384653,0.16860451102972343,42,41,41,False,False,True,"ADCY4, GNG7, ADCY1, AQP3, GNG11"
Reactome: Biosynthesis Of Specialized Proresolving Mediators (SPMs) R-HSA-9018678,0.5483969949827572,0.9444444444444444,0.3333333333333333,0.9473684210526315,0.382477941516013,0.2878696064971882,19,18,17,False,False,True,"HPGD, ALOX5, ALOX5AP, CYP2C8, CYP2C9"
Reactome: Macroautophagy R-HSA-1632852,0.5482478561439856,1.0,0.6666666666666666,0.9736842105263158,0.14530391794225161,0.032338871549606046,114,111,111,False,True,True,"MAP1LC3C, PLIN2, PRKAG3, RRAGD, ATG3"
Reactome: GPER1 Signaling R-HSA-9634597,0.5479413679394209,1.0,0.3333333333333333,1.0,0.39939835400097534,0.17364181902946238,43,43,43,False,False,True,"ADCY4, GNG7, GNAI1, ADCY1, GPER1"
"Reactome: Unblocking Of NMDA Receptors, Glutamate Binding And Activation R-HSA-438066",0.5477580746986183,1.0,0.3333333333333333,1.0,0.473110097796212,0.09901360903021234,21,21,21,False,False,True,"GRIN2D, GRIN2A, CAMK2A, GRIA2, ACTN2"
Reactome: NGF-stimulated Transcription R-HSA-9031628,0.5477513905139623,1.0,0.3333333333333333,1.0,0.4081508894279668,0.16393939647517805,39,39,39,False,False,True,"EGR3, FOSB, RRAD, KCNH8, VGF"
Reactome: Signal Amplification R-HSA-392518,0.5473098349654435,1.0,0.3333333333333333,1.0,0.3732498987733057,0.1966326093872452,33,33,33,False,False,True,"GNG7, GNAI1, GNA14, GNG11, P2RY12"
Reactome: Thromboxane Signaling Thru TP Receptor R-HSA-428930,0.5472395681079665,1.0,0.3333333333333333,1.0,0.3696946218945428,0.19983655197862263,24,24,24,False,False,True,"GNG7, GNA14, GNG11, GNB5, GNA15"
Reactome: RNA Polymerase II Transcribes snRNA Genes R-HSA-6807505,0.5468987974900793,1.0,0.6666666666666666,0.9594594594594594,0.14480030176806946,0.036765757754398685,74,71,71,False,True,True,"SNAPC4, CCNT2, INTS6, ELL2, POLR2H"
Reactome: Neurotransmitter Clearance R-HSA-112311,0.5467722746803948,1.0,0.3333333333333333,1.0,0.3082143735854469,0.2589803331498604,10,10,10,False,False,True,"BCHE, SLC6A3, SLC22A2, ALDH2, MAOA"
Reactome: Phase 2 - Plateau Phase R-HSA-5576893,0.5466953565092898,1.0,0.3333333333333333,0.9333333333333333,0.463769594951816,0.15304052092796597,15,14,14,False,False,True,"KCNE4, CACNA1C, CACNB2, CACNG7, CACNG8"
Reactome: SHC1 Events In ERBB4 Signaling R-HSA-1250347,0.5466556040971898,1.0,0.3333333333333333,1.0,0.390127681376814,0.17648367244246857,13,13,13,False,False,True,"NRG2, EREG, GRB2, NRG1, ERBB4"
Reactome: G-protein Activation R-HSA-202040,0.5466356946722783,1.0,0.3333333333333333,1.0,0.3666752547161024,0.19983655197862263,24,24,24,False,False,True,"GNG7, GNA14, GNG11, GNB5, GNA15"
Reactome: Signaling By ERBB2 TMD/JMD Mutants R-HSA-9665686,0.5465702328519766,1.0,0.3333333333333333,0.9523809523809523,0.41794017000934364,0.18395861329815846,21,20,20,False,False,True,"NRG2, ERBB3, ERBB2, EREG, PLCG1"
Reactome: G Beta:Gamma Signaling Thru BTK R-HSA-8964315,0.546528751494301,1.0,0.3333333333333333,1.0,0.37974200177602874,0.1862350890288097,18,18,18,False,False,True,"GNG7, GNG11, GNB5, GNG4, BTK"
KEGG: Mannose type O-glycan biosynthesis,0.5463155383537438,1.0,0.6666666666666666,0.782608695652174,0.19758892919326837,0.1136989075029867,23,18,18,False,True,True,"B3GAT2, POMK, FUT4, CHST10, POMGNT2"
Reactome: Activation Of HOX Genes During Differentiation R-HSA-5619507,0.5459781935638589,1.0,0.6666666666666666,0.6703296703296703,0.2685410316101766,0.12526935012853185,91,61,61,False,True,True,"MEIS1, MAFB, PBX1, HOXD4, PCGF2"
KEGG: Complement and coagulation cascades,0.5457184053229482,0.9647058823529412,0.3333333333333333,1.0,0.5098254128432522,0.08739406475188095,85,85,82,False,False,True,"C7, MASP1, F10, F7, VWF"
KEGG: Glycolysis / Gluconeogenesis,0.5455632648918626,0.9696969696969697,0.3333333333333333,0.9850746268656716,0.42439879432242206,0.17824792362400077,67,66,64,False,False,True,"ADH1B, ENO1, HK3, PGK1, PGM1"
KEGG: Cholinergic synapse,0.5455310686936565,0.9821428571428571,0.3333333333333333,0.9911504424778761,0.4180570776808239,0.1674259101195281,113,112,110,False,False,True,"AKT1, ADCY4, FYN, CACNA1D, AKT3"
Reactome: CRMPs In Sema3A Signaling R-HSA-399956,0.5455122990199681,1.0,0.3333333333333333,1.0,0.41505507470996283,0.14583975372321092,16,16,16,False,False,True,"FYN, DPYSL4, DPYSL3, CRMP1, NRP1"
Reactome: Tandem Pore Domain Potassium Channels R-HSA-1296346,0.5453435757933893,0.9166666666666666,0.3333333333333333,1.0,0.4586348166560092,0.18474972897760467,12,12,11,False,False,True,"KCNK9, KCNK3, KCNK6, KCNK10, KCNK16"
Reactome: Nuclear Receptor Transcription Pathway R-HSA-383280,0.5450171265464078,1.0,0.3333333333333333,1.0,0.461249312360915,0.09716965370445703,53,53,53,False,False,True,"PGR, NR2F1, RORB, ESR1, NR5A2"
Reactome: Translation Of Replicase And Assembly Of Replication Transcription Complex R-HSA-9679504,0.5449631716452351,1.0,0.6666666666666666,0.9166666666666666,0.10434985216774742,0.09963267272509531,12,11,11,False,True,True,"CHMP4C, CHMP4B, UVRAG, BECN1, CHMP6"
Reactome: Regulation Of PTEN mRNA Translation R-HSA-8943723,0.5447481840068871,1.0,0.3333333333333333,1.0,0.4010630123373929,0.1560112410303761,11,11,11,False,False,True,"PTEN, TNRC6C, TNRC6A, AGO2, VAPA"
Reactome: Antimicrobial Peptides R-HSA-6803157,0.5447277156654302,0.7951807228915663,0.6666666666666666,0.9325842696629213,0.28042650203420527,0.11525981782085516,89,83,66,True,False,True,"PI3, CHGA, LYZ, S100A9, ATOX1"
KEGG: Central carbon metabolism in cancer,0.544688373120521,0.9855072463768116,0.3333333333333333,0.9857142857142858,0.4887468490802138,0.09323538919319875,70,69,68,False,False,True,"MYC, AKT1, PDGFRB, PTEN, HK3"
Reactome: RNA Polymerase II Transcription Termination R-HSA-73856,0.5446574205593546,0.9402985074626866,0.6666666666666666,1.0,0.1495722888394695,0.05008297316128342,67,67,63,True,False,True,"EIF4A3, CPSF1, LUZP4, RBM8A, SRSF1"
Reactome: FRS-mediated FGFR4 Signaling R-HSA-5654712,0.5444957320251536,1.0,0.3333333333333333,1.0,0.4160016320239446,0.13981036143515668,21,21,21,False,False,True,"FGF1, FGF16, FGF17, FGF13, FGF8"
Reactome: Signaling By NTRK3 (TRKC) R-HSA-9034015,0.544036114616738,1.0,0.3333333333333333,1.0,0.45436447308808425,0.09914943332893897,16,16,16,False,False,True,"IRS1, NTRK3, PIK3R1, PIK3CA, PLCG1"
Reactome: Signaling By ALK R-HSA-201556,0.5439063906452579,1.0,0.3333333333333333,1.0,0.44956818212907856,0.10329710443054396,26,26,26,False,False,True,"MYC, IRS1, PIK3R1, PIK3CA, PTN"
Reactome: ADP Signaling Thru P2Y Purinoceptor 1 R-HSA-418592,0.5435779939881061,1.0,0.3333333333333333,1.0,0.3725441762446623,0.1786791270292013,25,25,25,False,False,True,"GNG7, GNA14, GNG11, GNB5, P2RY1"
Reactome: LDL Clearance R-HSA-8964038,0.5433787263717916,1.0,0.3333333333333333,1.0,0.3413106876640403,0.20891627752825095,18,18,18,False,False,True,"PCSK9, SOAT2, APOB, SCGB1D1, NCEH1"
Reactome: G2/M DNA Damage Checkpoint R-HSA-69473,0.5433269749091775,0.9821428571428571,0.6666666666666666,0.7272727272727273,0.25452205773577974,0.10118208087937154,77,56,55,False,True,True,"RFC4, EXO1, RNF168, RRAD, CDC25C"
KEGG: Tryptophan metabolism,0.5433251006026525,1.0,0.3333333333333333,0.9523809523809523,0.4553489227855843,0.1303241992752971,42,40,40,False,False,True,"AOX1, MAOB, CYP1B1, HAAO, INMT"
Reactome: TRAF3-dependent IRF Activation Pathway R-HSA-918233,0.5432994851126802,1.0,0.3333333333333333,0.9333333333333333,0.30183847123269075,0.2979922876640434,15,14,14,False,False,True,"IRF7, IFNB1, IFIH1, IKBKE, TRIM4"
Reactome: rRNA Modification In Nucleus And Cytosol R-HSA-6790901,0.5432866594747198,0.9636363636363636,0.6666666666666666,0.9166666666666666,0.17813700042943695,0.05382659997446503,60,55,53,False,True,True,"PNO1, TSR3, RRP7A, NOP10, WDR36"
Reactome: RNA Polymerase I Transcription Initiation R-HSA-73762,0.5430219264955256,1.0,0.6666666666666666,0.9347826086956522,0.14059049241566907,0.04009885020688619,46,43,43,False,True,True,"MTA2, CHD4, DPEP3, POLR1A, TAF1A"
Reactome: Glycoprotein Hormones R-HSA-209822,0.5429193658075209,1.0,0.3333333333333333,0.9,0.5550552726793371,0.06787488969160056,10,9,9,False,False,True,"FSHB, TSHB, CHGA, INHBA, INHBE"
Reactome: Signaling By FGFR2 In Disease R-HSA-5655253,0.5428600295823427,1.0,0.3333333333333333,1.0,0.4014840556777091,0.1461494255673379,42,42,42,False,False,True,"PIK3R1, FGF1, FGF16, FGF17, FGF13"
Reactome: PCNA-Dependent Long Patch Base Excision Repair R-HSA-5651801,0.5427986245194569,1.0,0.3333333333333333,1.0,0.3601549442608308,0.18717151166978682,21,21,21,False,False,True,"RFC4, RPA3, LRIG1, POLR1A, POLD2"
Reactome: Endogenous Sterols R-HSA-211976,0.5427590998924147,0.9615384615384616,0.3333333333333333,0.9629629629629629,0.4871940949498802,0.12617405408484272,27,26,25,False,False,True,"CYP19A1, CYP11A1, PTGIS, CYP1B1, CYP7A1"
Reactome: Aquaporin-mediated Transport R-HSA-445717,0.542688668767546,0.9795918367346939,0.3333333333333333,0.98,0.42516284231503193,0.1570219981213377,50,49,48,False,False,True,"ADCY4, AQP6, GNG7, ADCY1, AQP3"
Reactome: Potassium Channels R-HSA-1296071,0.5420418945187783,0.9803921568627451,0.3333333333333333,1.0,0.45390760796429014,0.1092430411001892,102,102,100,False,False,True,"KCNH1, HCN1, GNG7, KCND3, KCNV1"
Reactome: Interleukin Receptor SHC Signaling R-HSA-912526,0.5420412920912453,1.0,0.3333333333333333,1.0,0.44387728861120535,0.09966250517835433,27,27,27,False,False,True,"PIK3R1, IL3RA, IL2RB, PIK3CA, IL2RA"
Reactome: G Beta:Gamma Signaling Thru PI3Kgamma R-HSA-392451,0.5417812169574535,1.0,0.3333333333333333,1.0,0.4191728077043789,0.1230666104162221,25,25,25,False,False,True,"AKT1, AKT3, GNG7, GNG11, GNB5"
Reactome: Xenobiotics R-HSA-211981,0.5412636417074238,1.0,0.3333333333333333,0.9166666666666666,0.4217104508123271,0.18044109105812545,24,22,22,False,False,True,"CYP2A13, CYP3A5, CYP2A7, ARNT2, CYP2C8"
Reactome: FGFR2 Mutant Receptor Activation R-HSA-1839126,0.5410352529338485,1.0,0.3333333333333333,1.0,0.39230488476265274,0.14620471323992312,33,33,33,False,False,True,"FGF1, FGF16, FGF17, FGF13, FGF7"
Reactome: Signaling By ERBB2 ECD Mutants R-HSA-9665348,0.5409797009243755,1.0,0.3333333333333333,0.9333333333333333,0.38417045520849175,0.20406138274671884,15,14,14,False,False,True,"PIK3R1, ERBB2, PIK3CA, PLCG1, GRB2"
Reactome: Citric Acid (TCA) Cycle And Respiratory Electron Transport R-HSA-1428517,0.5408307592773888,0.9863945578231292,0.6666666666666666,0.8957055214723927,0.17171863662830783,0.04092812749787885,163,146,145,False,True,True,"PCDHB16, PDHA2, SLC16A8, SDHB, PDK2"
Reactome: PKA Activation R-HSA-163615,0.5406818438284603,1.0,0.3333333333333333,1.0,0.46458866772214585,0.07215388475348936,17,17,17,False,False,True,"ADCY4, ADCY1, NBEA, ADCY2, PRKCA"
KEGG: Alcoholism,0.5406783238394375,0.9905660377358491,0.6666666666666666,0.5698924731182796,0.36487704934676723,0.08719584394252781,186,106,105,False,True,True,"SHC2, MAOB, FOSB, SLC18A2, GRIN2D"
Reactome: TP53 Regulates Transcription Of Death Receptors And Ligands R-HSA-6803211,0.5406550403535103,1.0,0.3333333333333333,1.0,0.34534818223238045,0.1912603528685044,12,12,12,False,False,True,"TNFRSF10C, TP63, TP53BP2, PPP1R13B, TNFRSF10D"
"Reactome: POU5F1 (OCT4), SOX2, NANOG Activate Genes Related To Proliferation R-HSA-2892247",0.5405073857969434,0.9166666666666666,0.3333333333333333,1.0,0.4498562576257498,0.16934733802563376,12,12,11,False,False,True,"ZIC3, FGF13, EPHA1, DPPA4, SALL1"
KEGG: B cell receptor signaling pathway,0.5404930802039526,1.0,0.3333333333333333,1.0,0.4019791001317442,0.1338196342213521,81,81,81,False,False,True,"AKT1, AKT3, PIK3R1, RAC3, LILRB1"
Reactome: Erythropoietin Activates Phosphoinositide-3-kinase (PI3K) R-HSA-9027276,0.5403594745541657,1.0,0.3333333333333333,1.0,0.48120707582498423,0.05392363027917717,12,12,12,False,False,True,"PIK3R1, IRS2, PIK3CA, PIK3CB, EPX"
Reactome: mRNA 3-End Processing R-HSA-72187,0.5399494950509841,0.9310344827586207,0.6666666666666666,1.0,0.14047612145206928,0.04490353771089672,58,58,54,True,False,True,"EIF4A3, CPSF1, LUZP4, RBM8A, SRSF1"
Reactome: Presynaptic Function Of Kainate Receptors R-HSA-500657,0.539846489394237,1.0,0.3333333333333333,1.0,0.3639612692747948,0.16860451102972343,21,21,21,False,False,True,"GNG7, PLCB1, GNG11, GNB5, GNG4"
KEGG: Small cell lung cancer,0.5398301585751462,1.0,0.3333333333333333,1.0,0.4459720105209178,0.08651211568814675,92,92,92,False,False,True,"MYC, AKT1, COL4A6, PTEN, AKT3"
Reactome: WNT5A-dependent Internalization Of FZD4 R-HSA-5099900,0.5397501554731209,1.0,0.3333333333333333,1.0,0.3349088012307821,0.19717530946815556,15,15,15,False,False,True,"FZD4, PRKCA, WNT5A, ARRB2, AP2S1"
Reactome: Activation Of ATR In Response To Replication Stress R-HSA-176187,0.5396781391382337,0.9722222222222222,0.3333333333333333,1.0,0.38855142398106757,0.1709503828212116,36,36,35,False,False,True,"CLSPN, CDC45, RFC4, RRAD, CDC6"
KEGG: Bladder cancer,0.539652728480323,1.0,0.3333333333333333,1.0,0.4136884490615717,0.11790852667337645,41,41,41,False,False,True,"MYC, CDKN2A, E2F1, MMP9, E2F2"
Reactome: Processive Synthesis On C-strand Of Telomere R-HSA-174414,0.5395670485447781,1.0,0.3333333333333333,1.0,0.33839173766623637,0.19277683839098705,19,19,19,False,False,True,"RPA3, LRIG1, POLR1A, BLM, POLD2"
"Reactome: WNT5A-dependent Internalization Of FZD2, FZD5 And ROR2 R-HSA-5140745",0.5395090605724371,1.0,0.3333333333333333,1.0,0.3102213906071723,0.22065724558834635,11,11,11,False,False,True,"RORA, WNT5A, FZD2, AP2S1, CLTA"
Reactome: Metabolism Of Fat-Soluble Vitamins R-HSA-6806667,0.5393947477790972,0.9782608695652174,0.3333333333333333,0.9787234042553191,0.4025728446747621,0.1654308047973507,47,46,45,False,False,True,"LRP2, SDC1, C1D, RBP1, RBP4"
Reactome: Constitutive Signaling By EGFRvIII R-HSA-5637810,0.5392362264812821,1.0,0.3333333333333333,1.0,0.32545308299302494,0.20406138274671884,14,14,14,False,False,True,"PIK3R1, PIK3CA, PLCG1, GRB2, SHC1"
Reactome: Transport Of Mature mRNA Derived From An Intron-Containing Transcript R-HSA-159236,0.5391844636376468,0.9583333333333334,0.6666666666666666,0.972972972972973,0.13131479884892797,0.04321112294291019,74,72,69,True,False,True,"EIF4A3, NUP37, NUP155, LUZP4, RBM8A"
"KEGG: Glycine, serine and threonine metabolism",0.5389219681089202,0.9487179487179487,0.3333333333333333,0.975,0.37103257002468754,0.22694265513529865,40,39,37,False,False,True,"MAOB, AOC3, CBS, SDS, GLDC"
Reactome: Basigin Interactions R-HSA-210991,0.5388370685686568,1.0,0.3333333333333333,1.0,0.39788633255796574,0.12963234361865153,25,25,25,False,False,True,"CAV1, ATP1B2, SLC16A8, MMP1, SLC3A2"
Reactome: Synaptic Adhesion-Like Molecules R-HSA-8849932,0.5388175419842336,1.0,0.3333333333333333,1.0,0.384003072223472,0.14341797103102877,21,21,21,False,False,True,"PTPRD, GRIN2D, GRIN2A, GPRIN1, GRIA3"
Reactome: PKMTs Methylate Histone Lysines R-HSA-3214841,0.5387115939493154,1.0,0.6666666666666666,0.8297872340425532,0.18463388535614328,0.05325032552518579,47,39,39,False,True,True,"ATF7IP, MECOM, SETD7, DPY30, SETD6"
Reactome: TP53 Regulates Transcription Of Genes Involved In Cytochrome C Release R-HSA-6803204,0.5386343662083277,1.0,0.3333333333333333,0.95,0.3469789870819455,0.2170261772930265,20,19,19,False,False,True,"BID, TP63, AIFM2, TP53BP2, PPP1R13B"
Reactome: Integrin Signaling R-HSA-354192,0.53853107192002,1.0,0.3333333333333333,1.0,0.4060173242686249,0.11997136866480845,27,27,27,False,False,True,"AKT1, VWF, ITGB3, RASGRP2, RAPGEF4"
KEGG: Circadian entrainment,0.5384658113405784,0.9894736842105263,0.3333333333333333,0.979381443298969,0.46317576595780835,0.08847685739366395,97,95,94,False,False,True,"GUCY1A2, ADCY4, RYR3, PRKG1, CACNA1D"
KEGG: Oxidative phosphorylation,0.5384645587152979,0.9310344827586207,0.6666666666666666,0.8721804511278195,0.19717577994640917,0.07664385919226151,133,116,108,False,True,True,"COX7A1, ATP6V1B2, ATP6V0B, ATP6V1B1, SDHB"
Reactome: Processing Of DNA Double-Strand Break Ends R-HSA-5693607,0.537999061459955,0.9661016949152542,0.6666666666666666,0.7375,0.2669552793516277,0.07047999969955958,80,59,57,False,True,True,"CLSPN, RFC4, UBE2I, EXO1, RNF168"
Reactome: DNA Double Strand Break Response R-HSA-5693606,0.5376457273832036,1.0,0.6666666666666666,0.6557377049180327,0.2600639056215673,0.10302811927259233,61,40,40,False,True,True,"ABL1, EYA2, UBE2I, RNF168, APBB1"
Reactome: PECAM1 Interactions R-HSA-210990,0.5374729655857119,1.0,0.3333333333333333,1.0,0.40059945111233836,0.12009871014955448,12,12,12,False,False,True,"FYN, ITGB3, PLCG1, PTPN6, LYN"
Reactome: HDMs Demethylate Histones R-HSA-3214842,0.5374440135965435,1.0,0.6666666666666666,0.8461538461538461,0.18340743323785638,0.03586391679614297,26,22,22,False,True,True,"PHF2, KDM3A, ARID5B, KDM1B, JMJD6"
Reactome: Intrinsic Pathway Of Fibrin Clot Formation R-HSA-140837,0.5372077941476976,1.0,0.3333333333333333,1.0,0.439082135217008,0.08029016885481323,21,21,21,False,False,True,"VWF, PROS1, SERPIND1, FAM110A, GP5"
Reactome: Transport Of Mature Transcript To Cytoplasm R-HSA-72202,0.5371560654500952,0.9506172839506173,0.6666666666666666,0.9759036144578314,0.12698715633638558,0.042914842786766334,83,81,77,True,False,True,"EIF4A3, CPSF1, NUP37, NUP155, LUZP4"
Reactome: G Beta:Gamma Signaling Thru PLC Beta R-HSA-418217,0.5368757623526781,1.0,0.3333333333333333,1.0,0.35816510133576185,0.1595470437609621,20,20,20,False,False,True,"GNG7, PLCB1, GNG11, GNB5, GNG4"
Reactome: RHO GTPases Activate PKNs R-HSA-5625740,0.536837553642166,1.0,0.6666666666666666,0.532258064516129,0.3553843618842951,0.09627652460610492,62,33,33,False,True,True,"MYH11, MYL9, PPP1R12B, PPP1R14A, RNASE1"
Reactome: Other Interleukin Signaling R-HSA-449836,0.536774253837506,1.0,0.3333333333333333,1.0,0.3531205962818165,0.1640840062390471,24,24,24,False,False,True,"SNAP25, SDC1, CSF1R, PTPRZ1, PRTN3"
Reactome: Recruitment And ATM-mediated Phosphorylation Of Repair And Signal Proteins At DNA Double Strand Breaks R-HSA-5693565,0.5366907821938889,1.0,0.6666666666666666,0.65,0.26058797832912495,0.10203259930698604,60,39,39,False,True,True,"ABL1, EYA2, UBE2I, RNF168, APBB1"
Reactome: PKA-mediated Phosphorylation Of CREB R-HSA-111931,0.5364125833943321,1.0,0.3333333333333333,1.0,0.43733875458210625,0.07805749572288773,19,19,19,False,False,True,"ADCY4, ADCY1, NBEA, ADCY2, PRKCA"
Reactome: Activation Of BAD And Translocation To Mitochondria R-HSA-111447,0.5361908004544463,1.0,0.3333333333333333,1.0,0.378260118506402,0.1360272170991628,15,15,15,False,False,True,"AKT1, AKT3, PPP3R1, BCL2, BID"
Reactome: Interleukin-35 Signaling R-HSA-8984722,0.536097776337041,1.0,0.3333333333333333,1.0,0.30748632964461675,0.2063358853739218,12,12,12,False,False,True,"EBI3, IL6ST, IL27RA, STAT1, IL12RB2"
Reactome: Non-integrin membrane-ECM Interactions R-HSA-3000171,0.5358524449606947,1.0,0.3333333333333333,1.0,0.4298948541119033,0.08270070402490315,41,41,41,False,False,True,"DDR2, ITGB3, LAMA2, SDC1, NRXN1"
Reactome: Telomere C-strand (Lagging Strand) Synthesis R-HSA-174417,0.535830977699728,1.0,0.3333333333333333,0.9696969696969697,0.3332250122945013,0.20199048226474486,33,32,32,False,False,True,"RFC4, PRIM1, RPA3, LRIG1, POLR1A"
Reactome: Retrograde Transport At Trans-Golgi-Network R-HSA-6811440,0.5358103557153767,0.9574468085106383,0.6666666666666666,0.9791666666666666,0.12697152117145438,0.02692511556145754,48,47,45,False,True,True,"RAB9B, COG1, AKR1B10, RAB9A, RHOBTB3"
Reactome: G Beta:Gamma Signaling Thru CDC42 R-HSA-8964616,0.5358065419930118,1.0,0.3333333333333333,1.0,0.3528189995374302,0.1595470437609621,20,20,20,False,False,True,"GNG7, GNG11, GNB5, GNG4, PKN1"
Reactome: NOTCH2 Intracellular Domain Regulates Transcription R-HSA-2197563,0.535765411738929,1.0,0.3333333333333333,0.9166666666666666,0.36569283612855186,0.20896755589942642,12,11,11,False,False,True,"MAML3, FCER2, GZMB, HES5, MAMLD1"
Reactome: Ovarian Tumor Domain Proteases R-HSA-5689896,0.5355498818514512,1.0,0.3333333333333333,0.9743589743589743,0.3608246170184461,0.16948889480291285,39,38,38,False,False,True,"ESR1, PTEN, OTUD7A, OTUB2, PROC"
Reactome: Sema3A PAK Dependent Axon Repulsion R-HSA-399954,0.5354838386675645,1.0,0.3333333333333333,1.0,0.3123600885275915,0.19839243814356425,16,16,16,False,False,True,"FYN, NRP1, RNASE1, PKN1, HSP90AB1"
Reactome: RNA Polymerase II Pre-transcription Events R-HSA-674695,0.5354297640133,0.9733333333333334,0.6666666666666666,0.9375,0.1194494253041392,0.047907728095694595,80,75,73,False,True,True,"TAF7L, EAF1, CCNT2, TAF9B, POLR2H"
Reactome: Gluconeogenesis R-HSA-70263,0.53540929481456,0.9655172413793104,0.3333333333333333,0.90625,0.40705668656140576,0.20811837946541686,32,29,28,False,False,True,"ENO1, PGK1, ALDOC, PROC, TPI1"
Reactome: FOXO-mediated Transcription Of Cell Cycle Genes R-HSA-9617828,0.5351464838352646,1.0,0.3333333333333333,1.0,0.4321154611403563,0.07695029136929987,17,17,17,False,False,True,"CAV1, KLF4, MSTN, FOXG1, FOXO1"
Reactome: Extra-nuclear Estrogen Signaling R-HSA-9009391,0.5351321629601058,0.9863013698630136,0.3333333333333333,1.0,0.4006026401489707,0.12209013812187772,73,73,72,False,False,True,"ESR1, AKT1, S1PR3, AKT3, PIK3R1"
Reactome: Class C/3 (Metabotropic Glutamate/Pheromone Receptors) R-HSA-420499,0.5351061022927673,0.825,0.6666666666666666,1.0,0.20859482664771029,0.05860235148279308,40,40,33,False,True,True,"TAS2R38, TAS1R1, TAS2R45, TAS2R5, TAS1R2"
KEGG: Mineral absorption,0.5351041537424628,0.9666666666666667,0.3333333333333333,1.0,0.473120412948877,0.06906702243010353,60,60,58,False,False,True,"MT1F, ATP1A2, MT1H, SLC8A2, ATP1B2"
Reactome: Phenylalanine And Tyrosine Metabolism R-HSA-8963691,0.5349208978839053,0.9,0.3333333333333333,0.9090909090909091,0.36571830170664726,0.3104013392280307,11,10,9,False,False,True,"IL4I1, HGD, ASRGL1, FAH, GSTZ1"
KEGG: Proximal tubule bicarbonate reclamation,0.5349101634375493,1.0,0.3333333333333333,1.0,0.4585684473338412,0.04931570318723845,23,23,23,False,False,True,"CA4, ATP1A2, ATP1B2, AQP1, CA2"
Reactome: MET Activates RAP1 And RAC1 R-HSA-8875555,0.5349045961820089,1.0,0.3333333333333333,1.0,0.3539439515462262,0.15391236269715153,11,11,11,False,False,True,"RNMT, RNASE1, GRB2, RAPGEF1, RAP1A"
Reactome: SUMOylation Of Intracellular Receptors R-HSA-4090294,0.5348967743461086,0.9655172413793104,0.3333333333333333,1.0,0.4531111196855122,0.08918884399905402,29,29,28,False,False,True,"PGR, ESR1, NR5A2, PPARG, UBE2I"
Reactome: Base Excision Repair R-HSA-73884,0.5345749575325142,0.9772727272727273,0.6666666666666666,0.6111111111111112,0.2500497128825093,0.1538856808406675,72,44,43,False,True,True,"RFC4, NEIL3, RPA3, LRIG1, POLR1A"
Reactome: p75NTR Signals Via NF-kB R-HSA-193639,0.5344144903503002,1.0,0.3333333333333333,1.0,0.41185836115911745,0.09354742392571684,16,16,16,False,False,True,"NGFR, NFKBIA, IRAK1, NGF, RIPK2"
Reactome: Resolution Of AP Sites Via Multiple-Nucleotide Patch Replacement Pathway R-HSA-110373,0.53431965497633,1.0,0.3333333333333333,0.96,0.34417929999635216,0.19075230821863123,25,24,24,False,False,True,"RFC4, RPA3, LRIG1, POLR1A, POLD2"
Reactome: Integration Of Provirus R-HSA-162592,0.5341422575528816,1.0,0.3333333333333333,1.0,0.34892703527400465,0.15511758582373622,10,10,10,False,False,True,"HMGA1, SGIP1, LIG4, XRCC4, XRCC6"
Reactome: MET Activates PTK2 Signaling R-HSA-8874081,0.5341126176302453,1.0,0.3333333333333333,1.0,0.40303724496414617,0.1008591765204139,17,17,17,False,False,True,"LAMA2, RNMT, LAMA4, LAMB3, LAMB1"
Reactome: p75NTR Recruits Signaling Complexes R-HSA-209543,0.5340036631794804,1.0,0.3333333333333333,1.0,0.4204491633384352,0.08290248589229982,13,13,13,False,False,True,"NGFR, IRAK1, NGF, RIPK2, TRAF6"
KEGG: Primary bile acid biosynthesis,0.534003563774275,1.0,0.3333333333333333,1.0,0.3969720890944614,0.106379063110247,17,17,17,False,False,True,"CYP7A1, CYP46A1, CH25H, AKR1C4, SLC27A5"
Reactome: NOTCH4 Intracellular Domain Regulates Transcription R-HSA-9013695,0.5338106720336584,1.0,0.3333333333333333,0.95,0.3858829353367251,0.1540037581649006,20,19,19,False,False,True,"ACTA2, HEY2, MAML3, NOTCH4, HES5"
Reactome: PIWI-interacting RNA (piRNA) Biogenesis R-HSA-5601884,0.5335888549229882,1.0,0.3333333333333333,1.0,0.35849568091330236,0.14278192703497233,29,29,29,False,False,True,"TDRD6, ASZ1, TDRKH, MOV10L1, TDRD12"
Reactome: SEMA3A-Plexin Repulsion Signaling By Inhibiting Integrin Adhesion R-HSA-399955,0.5335263381210855,1.0,0.3333333333333333,1.0,0.30551101546171083,0.19545400847704988,14,14,14,False,False,True,"FYN, NRP1, RNASE1, PIP5K1C, RRAS"
Reactome: EGR2 And SOX10-mediated Initiation Of Schwann Cell Myelination R-HSA-9619665,0.5334265861632016,0.9615384615384616,0.3333333333333333,0.896551724137931,0.45144171813562417,0.16507229137180746,29,26,25,False,False,True,"DRP2, LAMA2, GJB1, POU3F1, PRX"
Reactome: Signaling By NTRK2 (TRKB) R-HSA-9006115,0.5333676551575294,0.9565217391304348,0.3333333333333333,1.0,0.39563665605401804,0.14801321393652747,23,23,22,False,False,True,"FYN, PIK3R1, DOCK3, RNASE1, PIK3CA"
Reactome: Signaling By PDGFR In Disease R-HSA-9671555,0.5333538756517286,1.0,0.3333333333333333,1.0,0.413463583075656,0.08663912851632032,19,19,19,False,False,True,"PDGFRA, PIK3R1, KDR, PIK3CA, GRB2"
Reactome: TP53 Regulates Transcription Of Cell Death Genes R-HSA-5633008,0.5332932882058484,1.0,0.3333333333333333,0.9772727272727273,0.35297860181166607,0.1638666270963641,44,43,43,False,False,True,"BIRC5, NDRG1, CASP1, BID, CASP6"
KEGG: Phenylalanine metabolism,0.5329844092733499,0.9411764705882353,0.3333333333333333,1.0,0.3722484540445037,0.18483045506734402,17,17,16,False,False,True,"MAOB, AOC3, IL4I1, DDC, ALDH3B2"
Reactome: Transcriptional Regulation Of Granulopoiesis R-HSA-9616222,0.5328544381251356,1.0,0.6666666666666666,0.5084745762711864,0.3962552702071026,0.053327654881851635,59,30,30,False,True,True,"MYC, KLF5, E2F1, TAL1, GFI1"
KEGG: PD-L1 expression and PD-1 checkpoint pathway in cancer,0.5328455085617391,0.9887640449438202,0.3333333333333333,1.0,0.36171444896926447,0.1470823822289442,89,89,88,False,False,True,"AKT1, PTEN, AKT3, PIK3R1, PPP3R1"
Reactome: FCGR3A-mediated IL10 Synthesis R-HSA-9664323,0.5327979055178709,1.0,0.3333333333333333,0.9736842105263158,0.43708562547052354,0.07997407755742747,38,37,37,False,False,True,"ADCY4, FYN, ADCY1, FCGR2A, ADCY2"
Reactome: Oxidative Stress Induced Senescence R-HSA-2559580,0.5325493256581462,0.984375,0.6666666666666666,0.6881720430107527,0.2625391134917847,0.0663701492075487,93,64,63,False,True,True,"CDKN2A, E2F1, MAPK10, E2F2, CBX2"
Reactome: Urea Cycle R-HSA-70635,0.5324020870752925,1.0,0.3333333333333333,1.0,0.347924798160186,0.14741897054960948,10,10,10,False,False,True,"NAGS, TINAGL1, SLC25A15, ARG2, ASL"
KEGG: Gastric acid secretion,0.5321115193523669,0.9736842105263158,0.3333333333333333,1.0,0.4291706729600379,0.09103604660881408,76,76,74,False,False,True,"ADCY4, MYLK, ATP1A2, CAMK2A, ATP1B2"
KEGG: Phototransduction,0.5319625860404447,0.9642857142857143,0.3333333333333333,1.0,0.3598058933864253,0.16905465586341675,28,28,27,False,False,True,"RHO, RGS9, RCVRN, CALML5, CNGB1"
Reactome: Pre-NOTCH Expression And Processing R-HSA-1912422,0.5319500589038599,1.0,0.6666666666666666,0.6282051282051282,0.28591940394597004,0.06934371108614978,78,49,49,False,True,True,"E2F1, ST3GAL4, ELF3, MAML3, NOTCH4"
Reactome: SARS-CoV-2 Targets Host Intracellular Signaling And Regulatory Pathways R-HSA-9755779,0.5318867295186386,1.0,0.3333333333333333,1.0,0.3600914775954889,0.1326755033310371,13,13,13,False,False,True,"AKT1, AKT3, CAV1, PDPK1, AKT2"
KEGG: Endometrial cancer,0.5316934206277625,1.0,0.3333333333333333,1.0,0.3860514980105129,0.10574893846163262,58,58,58,False,False,True,"MYC, AKT1, PTEN, AKT3, PIK3R1"
Reactome: Glucagon-like Peptide-1 (GLP1) Regulates Insulin Secretion R-HSA-381676,0.5316556417932486,1.0,0.3333333333333333,1.0,0.351783571153968,0.13982797114560844,42,42,42,False,False,True,"GNG7, GNG11, RAPGEF4, PRKCA, GNB5"
Reactome: Synthesis Of Bile Acids And Bile Salts Via 7Alpha-Hydroxycholesterol R-HSA-193368,0.5316030567840175,0.9583333333333334,0.3333333333333333,1.0,0.38577831181381034,0.14723697210627734,24,24,23,False,False,True,"PTGIS, CYP7A1, AKR1C3, AKR1C4, SLC27A5"
Reactome: Aberrant Regulation Of Mitotic G1/S Transition In Cancer Due To RB1 Defects R-HSA-9659787,0.5315500820206898,1.0,0.3333333333333333,1.0,0.36255252688948614,0.1285312165472955,17,17,17,False,False,True,"E2F1, CCND2, E2F2, CCNE2, RB1"
Reactome: Interleukin-27 Signaling R-HSA-9020956,0.5314016863328305,1.0,0.3333333333333333,1.0,0.30155573153291065,0.18878603346457495,11,11,11,False,False,True,"EBI3, IL6ST, IL27RA, STAT1, IL27"
Reactome: Metal Ion SLC Transporters R-HSA-425410,0.5313684053887556,1.0,0.3333333333333333,1.0,0.3568681059964627,0.13330725428064832,26,26,26,False,False,True,"SLC30A8, SLC40A1, HEPH, SLC11A1, SLC30A2"
Reactome: Ketone Body Metabolism R-HSA-74182,0.531340552264749,1.0,0.3333333333333333,1.0,0.4000572710131146,0.0899788236439635,10,10,10,False,False,True,"ACSS3, HMGCLL1, HMGCS2, BDH1, BDH2"
Reactome: Diseases Associated With Glycosylation Precursor Biosynthesis R-HSA-5609975,0.5313000801015921,1.0,0.3333333333333333,1.0,0.304037799070884,0.18579593477040982,15,15,15,False,False,True,"PGM1, SLPI, DPM1, GALK1, DOLK"
Reactome: Translation R-HSA-72766,0.5310985406075827,0.9616858237547893,0.6666666666666666,0.9288256227758007,0.11262555231931352,0.051228776548627064,281,261,251,True,False,True,"RPL39L, MRPL37, EIF2S2, GSPT2, MRPS34"
KEGG: mRNA surveillance pathway,0.5310118580399599,0.8969072164948454,0.6666666666666666,0.9897959183673469,0.16930362002053811,0.01316818157557227,98,97,87,False,True,True,"PPP2R2C, PABPC5, PABPC4L, RNMT, GSPT2"
Reactome: Plasma Lipoprotein Clearance R-HSA-8964043,0.5310097485443841,1.0,0.3333333333333333,1.0,0.3490004095111953,0.1393816665440585,35,35,35,False,False,True,"APOC1, CUBN, PCSK9, SOAT2, APOB"
Reactome: Chromatin Modifying Enzymes R-HSA-3247509,0.5309215699341602,0.9847715736040609,0.6666666666666666,0.8277310924369747,0.17823977117233952,0.03746485223333621,238,197,194,False,True,True,"ELP3, PHF2, PAX3, ATF7IP, TBL1X"
Reactome: Uptake And Actions Of Bacterial Toxins R-HSA-5339562,0.5306563391964929,1.0,0.3333333333333333,1.0,0.3584969354422409,0.12811809387355716,29,29,29,False,False,True,"SNAP25, CD9, ANTXR2, ANTXR1, MAP2K6"
Reactome: Serotonin Receptors R-HSA-390666,0.5306193246169142,1.0,0.3333333333333333,1.0,0.401162551006229,0.08526740541167546,11,11,11,False,False,True,"HTR7, HTR6, HTR1A, HTR1B, HTR1F"
Reactome: Negative Regulation Of FGFR2 Signaling R-HSA-5654727,0.5306096954309321,1.0,0.3333333333333333,1.0,0.3776674756376515,0.10871433485034217,34,34,34,False,False,True,"FGF1, FGF16, FGF17, FGF13, FGF7"
Reactome: G-protein Beta:Gamma Signaling R-HSA-397795,0.5305209481900601,1.0,0.3333333333333333,1.0,0.406440418775013,0.07949765550862099,32,32,32,False,False,True,"AKT1, AKT3, GNG7, PLCB1, GNG11"
Reactome: Synthesis Of Bile Acids And Bile Salts R-HSA-192105,0.5303969850776493,0.9705882352941176,0.3333333333333333,1.0,0.3831820392988575,0.13154798412860463,34,34,33,False,False,True,"PTGIS, CYP7A1, OSBPL6, CYP46A1, CH25H"
Reactome: Formation Of RNA Pol II Elongation Complex R-HSA-112382,0.5303067956830984,0.9622641509433962,0.6666666666666666,0.9137931034482759,0.11823272474757647,0.05235894180497874,58,53,51,False,True,True,"EAF1, CCNT2, POLR2H, CDC73, NCBP2"
Reactome: Immunoregulatory Interactions Between A Lymphoid And A non-Lymphoid Cell R-HSA-198933,0.5301409052807239,0.9583333333333334,0.3333333333333333,0.975609756097561,0.41847029546666226,0.12552691386378595,123,120,115,False,False,True,"CD300LG, TREM2, KLRF1, LILRB1, PILRA"
Reactome: TP53 Regulates Transcription Of Caspase Activators And Caspases R-HSA-6803207,0.5297965721024577,1.0,0.3333333333333333,1.0,0.36880239019091976,0.11351380365470191,12,12,12,False,False,True,"CASP1, CASP6, NLRC4, TP63, TP53"
Reactome: Pyruvate Metabolism R-HSA-70268,0.5297699578584839,1.0,0.3333333333333333,0.967741935483871,0.3543139313217378,0.15206273969111184,31,30,30,False,False,True,"PCDHB16, PDHA2, SLC16A8, PDK2, PDPK1"
Reactome: HCMV Infection R-HSA-9609646,0.5295867487932304,1.0,0.6666666666666666,0.743801652892562,0.19289973653130665,0.06384943443209076,121,90,90,False,True,True,"IRS1, TBL1X, RNASE1, KCNH8, NUP37"
Reactome: Gap-filling DNA Repair Synthesis And Ligation In GG-NER R-HSA-5696397,0.5293664914110296,1.0,0.3333333333333333,1.0,0.30076907098306055,0.17939671940542057,25,25,25,False,False,True,"RFC4, RPA3, LRIG1, POLR1A, POLD2"
Reactome: Presynaptic Nicotinic Acetylcholine Receptors R-HSA-622323,0.5293405194766421,1.0,0.3333333333333333,1.0,0.3010984802001764,0.1789374505163674,12,12,12,False,False,True,"CHRNA1, CHRNA3, CHRNB3, CHRND, CHRNA2"
Reactome: Signaling By ERBB2 R-HSA-1227986,0.5291789824240538,1.0,0.3333333333333333,0.9795918367346939,0.37861170303679503,0.11592266486578706,49,48,48,False,False,True,"NRG2, AKT1, FYN, ERBB3, AKT3"
Reactome: Pyrimidine Salvage R-HSA-73614,0.5291055189925769,1.0,0.3333333333333333,0.9090909090909091,0.3710369869834855,0.17600575949454997,11,10,10,False,False,True,"UPP2, TK1, UPP1, SCO2, DCK"
Reactome: Regulation Of Signaling By NODAL R-HSA-1433617,0.529089533420057,0.8181818181818182,0.3333333333333333,1.0,0.3054269352476939,0.3551722470041065,11,11,9,False,False,True,"NODAL, LEFTY1, LEFTY2, ACVR1C, ACVR2B"
Reactome: Defective C1GALT1C1 Causes TNPS R-HSA-5083632,0.5290750609868567,1.0,0.3333333333333333,1.0,0.39786677111582247,0.08084186715179448,19,19,19,False,False,True,"MUCL1, MUC6, MUC4, MUC13, MUC15"
Reactome: Prostacyclin Signaling Thru Prostacyclin Receptor R-HSA-392851,0.528980814817513,1.0,0.3333333333333333,1.0,0.3277478309286977,0.15048957649220074,19,19,19,False,False,True,"GNG7, GNG11, GNB5, GNG4, GNG5"
Reactome: Activation Of PPARGC1A (PGC-1alpha) By Phosphorylation R-HSA-2151209,0.5287816032737753,1.0,0.3333333333333333,1.0,0.36160929875948494,0.11563205094272522,10,10,10,False,False,True,"PRKAG3, MAPK11, PPARGC1A, PRKAG2, PRKAB2"
Reactome: Complement Cascade R-HSA-166658,0.5286707187724717,0.9454545454545454,0.3333333333333333,1.0,0.4100416725926675,0.12119070914847922,55,55,52,False,False,True,"MASP1, FCN3, C1QB, C1QC, C1QA"
Reactome: NR1H2 And NR1H3-mediated Signaling R-HSA-9024446,0.5285747131889289,1.0,0.3333333333333333,0.9782608695652174,0.367571839994529,0.12493940710953619,46,45,45,False,False,True,"APOD, APOC1, TBL1X, KDM3A, SCD"
Reactome: CTLA4 Inhibitory Signaling R-HSA-389513,0.5283612381366857,1.0,0.3333333333333333,1.0,0.35723099734338526,0.11790852667337645,21,21,21,False,False,True,"AKT1, FYN, AKT3, CD86, CTLA4"
Reactome: CaM Pathway R-HSA-111997,0.5283419756959078,1.0,0.3333333333333333,0.9696969696969697,0.40414686089284974,0.09362362364729558,33,32,32,False,False,True,"ADCY4, CAMK2A, ADCY1, NBEA, PDE1C"
Reactome: Thrombin Signaling Thru Proteinase Activated Receptors (PARs) R-HSA-456926,0.5283353041489621,1.0,0.3333333333333333,1.0,0.3520317289691327,0.12297812510901114,32,32,32,False,False,True,"GNG7, GNA14, GNG11, GNB5, GNA15"
Reactome: Cooperation Of PDCL (PhLP1) And TRiC/CCT In G-protein Beta Folding R-HSA-6814122,0.5279814044812274,1.0,0.3333333333333333,1.0,0.30605750920497243,0.16718284653449772,37,37,37,False,False,True,"GNG7, GNA14, GNG11, GNB5, GNA15"
"Reactome: Transport Of Bile Salts And Organic Acids, Metal Ions And Amine Compounds R-HSA-425366",0.5279374775620675,0.9883720930232558,0.3333333333333333,1.0,0.38546691154329754,0.09918171657711794,86,86,85,False,False,True,"SLC2A13, SLC30A8, SLC18A2, SLC47A1, SLC40A1"
Reactome: Erythropoietin Activates RAS R-HSA-9027284,0.5277502139322412,1.0,0.3333333333333333,1.0,0.3581737824166116,0.11391062057792795,13,13,13,False,False,True,"IRS2, GRB2, EPX, RAPGEF1, VAV1"
Reactome: Arachidonic Acid Metabolism R-HSA-2142753,0.5277487466339343,0.9655172413793104,0.3333333333333333,0.9830508474576272,0.39078086402660567,0.12849082550386884,59,58,56,False,False,True,"PTGIS, PTGDS, CYP1B1, GGT5, GPX2"
Reactome: Regulation Of MECP2 Expression And Activity R-HSA-9022692,0.5275411013052396,1.0,0.3333333333333333,1.0,0.32567290104828095,0.14536593881125012,31,31,31,False,False,True,"CAMK2A, PRKCA, TBL1X, FOXG1, SIN3A"
Reactome: AKT Phosphorylates Targets In Nucleus R-HSA-198693,0.5275324973624009,1.0,0.3333333333333333,1.0,0.4383554635468962,0.03264035659844177,10,10,10,False,False,True,"AKT1, AKT3, FOXO1, NR4A1, FOXO4"
Reactome: CREB1 Phosphorylation Thru NMDA Receptor-Mediated Activation Of RAS Signaling R-HSA-442742,0.5275315022282333,1.0,0.3333333333333333,1.0,0.37938084647804,0.09160999799645957,27,27,27,False,False,True,"GRIN2D, CAMK2A, RASGRF2, ACTN2, RASGRF1"
Reactome: Reduction Of Cytosolic Ca++ Levels R-HSA-418359,0.5275265530393486,1.0,0.3333333333333333,1.0,0.39890999082868256,0.07205610770139381,11,11,11,False,False,True,"SLC8A2, ATP2A1, SLC8A3, ATP2B3, ATP2B4"
Reactome: Trafficking Of GluR2-containing AMPA Receptors R-HSA-416993,0.5274048036688505,1.0,0.3333333333333333,1.0,0.34683229421600337,0.12352505746158188,17,17,17,False,False,True,"GRIA2, PRKCA, TSPAN7, GRIA3, GRIP2"
Reactome: Nuclear Events (Kinase And Transcription Factor Activation) R-HSA-198725,0.5273528517948092,1.0,0.3333333333333333,1.0,0.3624866799417811,0.10761091236559801,61,61,61,False,False,True,"EGR3, FOSB, MEF2C, DUSP7, MAPK11"
Reactome: CD209 (DC-SIGN) Signaling R-HSA-5621575,0.5272104417437554,1.0,0.3333333333333333,1.0,0.3899672001996358,0.07941834185247462,20,20,20,False,False,True,"FYN, PRKCA, PRKACB, RPS6KA5, RELB"
Reactome: Polo-like Kinase Mediated Events R-HSA-156711,0.5271946049188817,1.0,0.3333333333333333,1.0,0.4437145113834907,0.025591846544251173,16,16,16,False,False,True,"MYBL2, CCNB2, FOXM1, CDC25C, PKMYT1"
Reactome: NF-kB Is Activated And Signals Survival R-HSA-209560,0.5271187176949423,1.0,0.3333333333333333,1.0,0.38602443591574526,0.08290248589229982,13,13,13,False,False,True,"NGFR, NFKBIA, IRAK1, NGF, TRAF6"
Reactome: Physiological Factors R-HSA-5578768,0.5271021793372872,1.0,0.3333333333333333,1.0,0.4482953524474642,0.02054887757230524,14,14,14,False,False,True,"MMP12, GATA4, CORIN, NKX2-5, NPPA"
Reactome: Triglyceride Catabolism R-HSA-163560,0.5266971260874638,0.9130434782608695,0.3333333333333333,1.0,0.33221465961100904,0.22156082589877377,23,23,21,False,False,True,"CAV1, PRKCA, LIPE, PRKACB, FABP4"
KEGG: Histidine metabolism,0.5266713773082454,1.0,0.3333333333333333,0.9545454545454546,0.34704842720260454,0.15373270176286483,22,21,21,False,False,True,"MAOB, HDC, UROC1, AMDHD1, CARNS1"
Reactome: Initial Triggering Of Complement R-HSA-166663,0.5264364645080597,0.9047619047619048,0.3333333333333333,1.0,0.4923459683936948,0.0684077827180321,21,21,19,False,False,True,"MASP1, FCN3, C1QB, C1QC, C1QA"
Reactome: Lewis Blood Group Biosynthesis R-HSA-9037629,0.5263912365189805,1.0,0.3333333333333333,1.0,0.38948771766293283,0.07580179826530227,18,18,18,False,False,True,"B3GALT2, ST3GAL4, ST6GALNAC6, B4GALNT2, FUT7"
Reactome: Diseases Associated With TLR Signaling Cascade R-HSA-5602358,0.5263868244924642,1.0,0.3333333333333333,1.0,0.3844929304024046,0.08077452539324967,31,31,31,False,False,True,"LY96, S100A1, S100A9, CD36, NFKBIA"
Reactome: Activation Of NMDA Receptors And Postsynaptic Events R-HSA-442755,0.5261754631215544,1.0,0.3333333333333333,1.0,0.3821066767571388,0.08210397218396619,74,74,74,False,False,True,"APBA1, GRIN2D, GRIN2A, CAMK2A, GRIA2"
Reactome: Signal Transduction By L1 R-HSA-445144,0.5261586395494553,1.0,0.3333333333333333,1.0,0.3869625120596205,0.07716401902098913,20,20,20,False,False,True,"ITGB3, NRP1, RNASE1, ITGA9, NCAM1"
Reactome: Glucocorticoid Biosynthesis R-HSA-194002,0.5258280866720766,1.0,0.3333333333333333,1.0,0.4142480006833946,0.04822576601032115,10,10,10,False,False,True,"CYP17A1, HSD3B2, HSD11B2, SERPINA6, HSD11B1"
Reactome: rRNA Processing In Nucleus And Cytosol R-HSA-8868773,0.525707170046448,0.9508196721311475,0.6666666666666666,0.9682539682539683,0.09739994478108101,0.02079242379620218,189,183,174,False,True,True,"PNO1, RPL39L, C1D, TSR3, EXOSC5"
Reactome: Removal Of Flap Intermediate From C-strand R-HSA-174437,0.5255755952089983,1.0,0.3333333333333333,1.0,0.3035949537503859,0.15761635562793905,17,17,17,False,False,True,"RPA3, POLR1A, POLD2, FEN1, PCNA"
Reactome: Nucleotide Catabolism R-HSA-8956319,0.5253101467836129,0.9714285714285714,0.3333333333333333,1.0,0.3479796425831724,0.1404758532396543,35,35,34,False,False,True,"UPP2, NT5C1A, ENTPD1, UPB1, GDA"
Reactome: NR1H3 And NR1H2 Regulate Gene Expression Linked To Cholesterol Transport And Efflux R-HSA-9029569,0.5252935273055342,1.0,0.3333333333333333,1.0,0.35455996431949116,0.1052410055415129,36,36,36,False,False,True,"APOD, APOC1, TBL1X, KDM3A, ARL4C"
KEGG: Pyruvate metabolism,0.5252028561008368,0.9787234042553191,0.3333333333333333,1.0,0.3289701158089392,0.15165409377325914,47,47,46,False,False,True,"ADH1B, PDHA2, PKM, PC, ADH1C"
Reactome: Deactivation Of Beta-Catenin Transactivating Complex R-HSA-3769402,0.5251085752884763,1.0,0.3333333333333333,1.0,0.3377297116504546,0.12114649812525996,42,42,42,False,False,True,"AKT1, SOX6, SOX7, SOX4, PYGO1"
Reactome: Heme Degradation R-HSA-189483,0.5249004104353339,0.9375,0.3333333333333333,1.0,0.4459265158900828,0.07440886961991995,16,16,15,False,False,True,"ABCG2, SLCO2B1, SLCO1B1, HMOX1, ABCC2"
Reactome: rRNA Processing R-HSA-72312,0.5249002331082443,0.9526315789473684,0.6666666666666666,0.9547738693467337,0.09893608648897113,0.02351976476149891,199,190,181,False,True,True,"PNO1, RPL39L, C1D, TSR3, EXOSC5"
Reactome: Frs2-mediated Activation R-HSA-170968,0.5248382868026594,1.0,0.3333333333333333,1.0,0.3114236468987147,0.14610112044791573,12,12,12,False,False,True,"NGF, NTRK1, MAP2K1, RAPGEF1, BRAF"
KEGG: Galactose metabolism,0.5246797107140201,1.0,0.3333333333333333,0.9354838709677419,0.39788965269229953,0.1072293309853276,31,29,29,False,False,True,"HK3, PGM1, PFKP, HK2, GCK"
KEGG: Serotonergic synapse,0.5246764665376094,0.954954954954955,0.3333333333333333,0.9823008849557522,0.3967643954234809,0.11827065192612986,113,111,106,False,False,True,"MAOB, CACNA1D, SLC18A2, CACNA1C, TRPC1"
Reactome: Activation Of RAC1 R-HSA-428540,0.5245797409110552,1.0,0.3333333333333333,0.9166666666666666,0.4044486756392169,0.11428336224939277,12,11,11,False,False,True,"SLIT2, RNASE1, SOS2, PKN1, ROBO1"
KEGG: Glutamatergic synapse,0.5245390858425002,0.972972972972973,0.3333333333333333,0.9736842105263158,0.4031510407500848,0.09964159092803965,114,111,108,False,False,True,"SLC1A7, ADCY4, CACNA1D, GRIN2D, GRIN2A"
Reactome: Competing Endogenous RNAs (ceRNAs) Regulate PTEN Translation R-HSA-8948700,0.5242819706755198,1.0,0.3333333333333333,1.0,0.30536763025713554,0.14937555645379694,10,10,10,False,False,True,"TNRC6C, TNRC6A, AGO2, VAPA, CNOT6L"
Reactome: G-protein Mediated Events R-HSA-112040,0.5241729093903194,1.0,0.3333333333333333,0.9807692307692307,0.395919040788698,0.07270191641930907,52,51,51,False,False,True,"ADCY4, CAMK2A, GNAI1, ADCY1, NBEA"
Reactome: Phase 4 - Resting Membrane Potential R-HSA-5576886,0.5241630948434118,0.8947368421052632,0.3333333333333333,1.0,0.4198777109925386,0.1395342544525909,19,19,17,False,False,True,"KCNK15, KCNK9, KCNK3, KCNJ2, KCNK6"
Reactome: Prolonged ERK Activation Events R-HSA-169893,0.5237742748474823,1.0,0.3333333333333333,1.0,0.2919646182995506,0.16024008927119424,14,14,14,False,False,True,"NGF, NTRK1, MAP2K1, RAPGEF1, BRAF"
Reactome: Post NMDA Receptor Activation Events R-HSA-438064,0.5236993811947004,1.0,0.3333333333333333,1.0,0.37143989932233396,0.0803903399845015,61,61,61,False,False,True,"GRIN2D, GRIN2A, CAMK2A, GRIA2, ADCY1"
Reactome: Free Fatty Acids Regulate Insulin Secretion R-HSA-400451,0.5232584372319705,1.0,0.3333333333333333,1.0,0.41647938704618553,0.033146132447000105,11,11,11,False,False,True,"PLCB1, GNA14, CD36, GNA15, ACSL3"
Reactome: Regulation Of Complement Cascade R-HSA-977606,0.5232421561499747,0.9333333333333333,0.3333333333333333,1.0,0.39447804392528585,0.12173273682458728,45,45,42,False,False,True,"C1QB, C1QC, C1QA, C3AR1, C5AR1"
Reactome: Nephrin Family Interactions R-HSA-373753,0.5231966439924358,1.0,0.3333333333333333,0.9545454545454546,0.43718370340163737,0.04622375898478388,22,21,21,False,False,True,"FYN, PIK3R1, KIRREL3, MAGI2, WASL"
Reactome: Activation Of GABAB Receptors R-HSA-991365,0.5231657125359243,0.9761904761904762,0.3333333333333333,1.0,0.3890103131301921,0.08396110669228607,42,42,41,False,False,True,"ADCY4, GNG7, GNAI1, ADCY1, GNG11"
Reactome: Nicotinamide Salvaging R-HSA-197264,0.5231200643976671,1.0,0.3333333333333333,0.8947368421052632,0.39454686294165575,0.13333416080106616,19,17,17,False,False,True,"PTGIS, NAPRT, SLC5A8, PARP14, NNMT"
Reactome: DAG And IP3 Signaling R-HSA-1489509,0.5229275690856539,1.0,0.3333333333333333,0.9743589743589743,0.3866185983819787,0.08058334961039298,39,38,38,False,False,True,"ADCY4, CAMK2A, ADCY1, NBEA, PDE1C"
Reactome: CREB1 Phosphorylation Thru Activation Of Adenylate Cyclase R-HSA-442720,0.5229223231527952,1.0,0.3333333333333333,1.0,0.3781567310080523,0.06978821808925699,12,12,12,False,False,True,"ADCY1, PRKCA, PRKACB, PRKACG, PRKAR2B"
KEGG: Pyrimidine metabolism,0.5227202335221903,0.9821428571428571,0.3333333333333333,1.0,0.3282529056314602,0.1365387381699676,56,56,55,False,False,True,"RRM2, CTPS2, UPP2, TYMS, NT5C1A"
KEGG: Thiamine metabolism,0.5226455883394884,0.9285714285714286,0.3333333333333333,0.9333333333333333,0.3635608599095058,0.20442898654984099,15,14,13,False,False,True,"AK5, AK2, ALPP, AK8, AK7"
Reactome: Activation Of Kainate Receptors Upon Glutamate Binding R-HSA-451326,0.5226401529538407,1.0,0.3333333333333333,1.0,0.3161937536092915,0.130340344493245,29,29,29,False,False,True,"GNG7, PLCB1, GNG11, GNB5, GNG4"
Reactome: Lysine Catabolism R-HSA-71064,0.5225309524798291,1.0,0.3333333333333333,1.0,0.31156301109841933,0.13442508463405892,12,12,12,False,False,True,"AADAT, AASS, SLC25A21, HYKK, GCDH"
Reactome: Major Pathway Of rRNA Processing In Nucleolus And Cytosol R-HSA-6791226,0.5217222786561213,0.9479768786127167,0.6666666666666666,0.9664804469273743,0.08600933528251366,0.016431510856512288,179,173,164,False,True,True,"PNO1, RPL39L, C1D, EXOSC5, RPL36A"
Reactome: Downregulation Of ERBB2 Signaling R-HSA-8863795,0.5217006845838894,1.0,0.3333333333333333,0.9655172413793104,0.36236742332632044,0.10533140189197698,29,28,28,False,False,True,"NRG2, AKT1, ERBB3, AKT3, ERBB2"
Reactome: Triglyceride Metabolism R-HSA-8979227,0.5215563858988045,0.9166666666666666,0.3333333333333333,0.972972972972973,0.34643218208622956,0.1982866843447297,37,36,33,False,False,True,"CAV1, MOGAT2, PRKCA, LIPE, PRKACB"
Reactome: PLC Beta Mediated Events R-HSA-112043,0.5214060333145244,1.0,0.3333333333333333,0.9787234042553191,0.3850423473838995,0.0712785993305666,47,46,46,False,False,True,"ADCY4, CAMK2A, ADCY1, NBEA, PLCB1"
Reactome: GRB2:SOS Provides Linkage To MAPK Signaling For Integrins R-HSA-354194,0.5213225418050543,1.0,0.3333333333333333,1.0,0.3497497929241412,0.09019624943446407,15,15,15,False,False,True,"VWF, ITGB3, GRB2, APBB1IP, FGA"
Reactome: Diseases Associated With Visual Transduction R-HSA-2474795,0.5211402654769429,0.8333333333333334,0.3333333333333333,0.9230769230769231,0.49575061226864525,0.16764302280837706,13,12,10,False,False,True,"RBP1, RBP4, NAPEPLD, ABCA4, RDH12"
Reactome: Peptide Hormone Biosynthesis R-HSA-209952,0.5209627843732965,1.0,0.3333333333333333,0.9166666666666666,0.4513559048049348,0.04929135039488131,12,11,11,False,False,True,"FSHB, TSHB, CHGA, INHBA, INHBE"
Reactome: Termination Of O-glycan Biosynthesis R-HSA-977068,0.5209414890336843,1.0,0.3333333333333333,1.0,0.3890668106923242,0.04897396780943027,25,25,25,False,False,True,"MUCL1, ST6GALNAC3, ST3GAL4, MUC6, MUC4"
Reactome: Degradation Of Cysteine And Homocysteine R-HSA-1614558,0.5208258881734794,1.0,0.3333333333333333,0.9230769230769231,0.3912156818805601,0.10393940001247755,13,12,12,False,False,True,"CDO1, VSIG2, SUOX, GADL1, SLC25A10"
Reactome: RHOB GTPase Cycle R-HSA-9013026,0.5208197358166099,1.0,0.3333333333333333,0.9710144927536232,0.3722306350601977,0.08694050779096806,69,67,67,False,False,True,"MCAM, ANLN, PIK3R1, CAV1, ECT2"
Reactome: p130Cas Linkage To MAPK Signaling For Integrins R-HSA-372708,0.5207763184459282,1.0,0.3333333333333333,1.0,0.34701867612851056,0.09019624943446407,15,15,15,False,False,True,"VWF, ITGB3, BCAR1, APBB1IP, FGA"
Reactome: Signaling By FGFR3 R-HSA-5654741,0.5207591612178059,1.0,0.3333333333333333,1.0,0.33496234153298377,0.10216679788937871,39,39,39,False,False,True,"PIK3R1, FGF1, FGF16, FGF17, FGF13"
Reactome: Pentose Phosphate Pathway R-HSA-71336,0.5207434082775341,0.9285714285714286,0.3333333333333333,1.0,0.3237621665461695,0.18471677960340574,14,14,13,False,False,True,"PRPS1L1, TALDO1, UBL4A, PHGDH, TKT"
Reactome: Highly Calcium Permeable Postsynaptic Nicotinic Acetylcholine Receptors R-HSA-629594,0.5207181202293973,1.0,0.3333333333333333,1.0,0.2613769797330079,0.17554695474731236,11,11,11,False,False,True,"CHRNA1, CHRNA3, CHRNB3, CHRNA2, CHRNA4"
KEGG: Ferroptosis,0.5206713310961311,0.975609756097561,0.3333333333333333,1.0,0.3452940659820511,0.11578616673437664,41,41,40,False,False,True,"SLC40A1, CYBB, MAP1LC3C, FTH1, CP"
"Reactome: Glutamate Binding, Activation Of AMPA Receptors And Synaptic Plasticity R-HSA-399721",0.520648104698173,1.0,0.3333333333333333,1.0,0.3122072429716694,0.12436661385252891,31,31,31,False,False,True,"CAMK2A, GRIA2, PRKCA, TSPAN7, GRIA3"
Reactome: Ca-dependent Events R-HSA-111996,0.5205642015708651,1.0,0.3333333333333333,0.9714285714285714,0.383495883039268,0.07408702957696271,35,34,34,False,False,True,"ADCY4, CAMK2A, ADCY1, NBEA, PDE1C"
Reactome: Regulated Proteolysis Of p75NTR R-HSA-193692,0.520471559369662,1.0,0.3333333333333333,1.0,0.2748363237669033,0.16085480641474043,11,11,11,False,False,True,"NGFR, TRAF6, PSEN2, ADAM17, NFKB1"
Reactome: VEGFR2 Mediated Cell Proliferation R-HSA-5218921,0.5203764253127559,1.0,0.3333333333333333,1.0,0.35713164698216904,0.07808381291494375,18,18,18,False,False,True,"KDR, PRKCA, VEGFA, PLCG1, ITPR1"
Reactome: Amino Acid Transport Across Plasma Membrane R-HSA-352230,0.5201222704697187,0.9696969696969697,0.3333333333333333,1.0,0.3456997440200781,0.11854797196487901,33,33,32,False,False,True,"SLC16A10, SLC7A2, SLC7A3, SLC1A5, SLC3A2"
Reactome: Reactions Specific To Complex N-glycan Synthesis Pathway R-HSA-975578,0.5201089574321435,1.0,0.3333333333333333,1.0,0.4057933171543573,0.02808480333969334,10,10,10,False,False,True,"CHGA, MOGAT2, CHST8, CHST10, MAN2A1"
Reactome: Recognition Of DNA Damage By PCNA-containing Replication Complex R-HSA-110314,0.5200703156015525,1.0,0.3333333333333333,1.0,0.2477032754507145,0.18598163589038108,30,30,30,False,False,True,"RFC4, RPA3, POLR1A, POLD2, PCNA"
Reactome: Negative Regulation Of FGFR3 Signaling R-HSA-5654732,0.519867305407052,1.0,0.3333333333333333,1.0,0.33204074719225246,0.10062911317634023,29,29,29,False,False,True,"FGF1, FGF16, FGF17, FGF13, FGF8"
"Reactome: Regulation Of Glycolysis By Fructose 2,6-Bisphosphate Metabolism R-HSA-9634600",0.5195667563830374,1.0,0.3333333333333333,1.0,0.32185130290517294,0.10931581234334733,12,12,12,False,False,True,"PFKFB4, PRKCA, PRKACB, PRKACG, PPP2CB"
KEGG: Carbohydrate digestion and absorption,0.5195203261283095,0.9302325581395349,0.3333333333333333,0.9148936170212766,0.47737114295919325,0.08716105011019493,47,43,40,False,False,True,"AKT1, ATP1A2, HK3, CACNA1D, AKT3"
Reactome: Phase I - Functionalization Of Compounds R-HSA-211945,0.5194308199059867,0.9696969696969697,0.3333333333333333,0.9519230769230769,0.40149968897688687,0.0953484664971027,104,99,96,False,False,True,"CYP19A1, CYP11A1, ADH1B, PTGIS, FMO1"
Reactome: HDACs Deacetylate Histones R-HSA-3214815,0.5192824375409558,1.0,0.6666666666666666,0.5333333333333333,0.23979740625372292,0.12328144811772235,60,32,32,False,True,True,"TBL1X, SAP30, MTA2, CHD4, DPEP3"
Reactome: Cytochrome P450 - Arranged By Substrate Type R-HSA-211897,0.5192190553444045,0.9516129032258065,0.3333333333333333,0.9538461538461539,0.41614068301926327,0.09629040842567067,65,62,59,False,False,True,"CYP19A1, CYP11A1, PTGIS, CYP1B1, CYP7A1"
Reactome: N-Glycan Antennae Elongation R-HSA-975577,0.5191557031025112,0.9333333333333333,0.3333333333333333,1.0,0.366095983046607,0.12968253246594894,15,15,14,False,False,True,"MGAT4C, ST3GAL4, ST8SIA3, ST8SIA2, MGAT4A"
Reactome: HCMV Early Events R-HSA-9609690,0.518674696362873,1.0,0.6666666666666666,0.6875,0.19173330231709537,0.05268184616393637,96,66,66,False,True,True,"IRS1, TBL1X, RNASE1, KCNH8, NUP37"
Reactome: SLC Transporter Disorders R-HSA-5619102,0.5186600684826643,0.979381443298969,0.3333333333333333,0.9797979797979798,0.34688471318211056,0.11551903441709005,99,97,95,False,False,True,"AVPR1A, SLC40A1, SLC5A1, SLCO1B1, AVPR2"
Reactome: ABC Transporters In Lipid Homeostasis R-HSA-1369062,0.518634724767644,1.0,0.3333333333333333,1.0,0.3701106217192386,0.0563963354523151,18,18,18,False,False,True,"ABCA9, ABCA6, ABCD2, ABCA12, ABCG1"
Reactome: Defects In Vitamin And Cofactor Metabolism R-HSA-3296482,0.5180239878969589,1.0,0.3333333333333333,0.9047619047619048,0.29857213921841186,0.19630970502828757,21,19,19,False,False,True,"CUBN, SP8, PROC, MCCC2, PCCB"
Reactome: Regulation Of FZD By Ubiquitination R-HSA-4641263,0.5179125477516119,0.95,0.3333333333333333,1.0,0.371068182494106,0.1018278895972868,20,20,19,False,False,True,"RSPO1, RSPO3, FZD4, LGR5, RSPO4"
"Reactome: Incretin Synthesis, Secretion, And Inactivation R-HSA-400508",0.5177047292243355,0.9583333333333334,0.3333333333333333,1.0,0.28940762824144184,0.17411601788023537,24,24,23,False,False,True,"GATA4, LEP, PAX6, UCMA, GNG13"
Reactome: TNF Receptor Superfamily (TNFSF) Members Mediating Non-Canonical NF-kB Pathway R-HSA-5676594,0.5177013989454743,1.0,0.3333333333333333,1.0,0.2947011566022795,0.12713917145842524,17,17,17,False,False,True,"TNFSF11, TNFSF13B, LTB, BIRC3, CD40LG"
Reactome: Signaling To RAS R-HSA-167044,0.5176471620489245,1.0,0.3333333333333333,1.0,0.31748168995851545,0.10408745361944037,19,19,19,False,False,True,"SHC2, MAPK11, MAPK13, NGF, GRB2"
Reactome: MET Promotes Cell Motility R-HSA-8875878,0.5175837138443313,1.0,0.3333333333333333,1.0,0.34703587726875407,0.07421602528623578,28,28,28,False,False,True,"LAMA2, RNMT, LAMA4, LAMB3, RNASE1"
Reactome: G Alpha (12/13) Signaling Events R-HSA-416482,0.5174329094648087,1.0,0.3333333333333333,1.0,0.3336527533157235,0.086845127341653,78,78,78,False,False,True,"ARHGEF15, GNG7, ECT2, GNG11, RASGRF2"
Reactome: Negative Regulation Of FGFR1 Signaling R-HSA-5654726,0.5171303086168624,1.0,0.3333333333333333,0.9696969696969697,0.3337334292844051,0.10797871986051273,33,32,32,False,False,True,"FGF1, FGF17, FGF13, FGF10, FGF8"
Reactome: Epigenetic Regulation Of Gene Expression R-HSA-212165,0.5170424897871609,0.9880952380952381,0.6666666666666666,0.7241379310344828,0.17790471129105814,0.042775717940312395,116,84,83,False,True,True,"SAP30, SIN3A, MTA2, CHD4, DNMT3L"
Reactome: Vitamin D (Calciferol) Metabolism R-HSA-196791,0.5169812890276464,0.9166666666666666,0.3333333333333333,1.0,0.40197207588106537,0.09960103592383358,12,12,11,False,False,True,"LRP2, CUBN, UBE2I, CYP27B1, LGMN"
Reactome: Azathioprine ADME R-HSA-9748787,0.5169519409747779,0.9523809523809523,0.3333333333333333,1.0,0.30416047870016555,0.16155160712610547,21,21,20,False,False,True,"SLC28A2, RNASE1, SLC29A2, GSTM1, VAV3"
Reactome: ERK/MAPK Targets R-HSA-198753,0.5168662087188581,1.0,0.3333333333333333,1.0,0.31772249268707575,0.09994188424054824,22,22,22,False,False,True,"MEF2C, DUSP7, MAPK11, KCNH8, RPS6KA5"
Reactome: Acyl Chain Remodelling Of PG R-HSA-1482925,0.5168037041655937,1.0,0.3333333333333333,0.9444444444444444,0.3109934347022279,0.148025086125741,18,17,17,False,False,True,"PLA2R1, PLA2G3, PLA2G2A, PLA2G4F, LPCAT4"
Reactome: DCC Mediated Attractive Signaling R-HSA-418885,0.5164801374598765,1.0,0.3333333333333333,1.0,0.31839450162493993,0.09733951900777578,14,14,14,False,False,True,"FYN, WASL, RNASE1, DOCK1, ABLIM3"
"Reactome: Tetrahydrobiopterin (BH4) Synthesis, Recycling, Salvage And Regulation R-HSA-1474151",0.5163626350384313,1.0,0.3333333333333333,1.0,0.3804342899375453,0.0347122185879446,10,10,10,False,False,True,"AKT1, TACR1, PTS, GCHFR, NANOS3"
Reactome: Nicotinate Metabolism R-HSA-196807,0.5162228382849916,1.0,0.3333333333333333,0.9354838709677419,0.36286567524222596,0.09996894629025888,31,29,29,False,False,True,"PTGIS, NAPRT, NMRK2, SLC5A8, PARP14"
Reactome: Syndecan Interactions R-HSA-3000170,0.516217674703448,1.0,0.3333333333333333,1.0,0.3683916904811639,0.04603001636940931,20,20,20,False,False,True,"ITGB3, SDC1, FGF13, PRKCA, THBS1"
KEGG: Vibrio cholerae infection,0.5160219541594754,0.9795918367346939,0.3333333333333333,0.98,0.3785319049696288,0.07031936242638745,50,49,48,False,False,True,"TJP1, ATP6V1B2, ATP6V0B, ATP6V1B1, PRKCA"
Reactome: DNA Methylation R-HSA-5334118,0.5159882739940779,1.0,0.3333333333333333,0.14705882352941177,0.45302758308289587,0.5999530025737682,34,5,5,False,False,True,"DNMT3L, UHRF1, DNMT3A, DNMT1, DNMT3B"
Reactome: Na+/Cl- Dependent Neurotransmitter Transporters R-HSA-442660,0.5159816101285796,1.0,0.3333333333333333,1.0,0.34444661030030926,0.0687947736759218,19,19,19,False,False,True,"SLC18A2, SLC6A11, SLC6A1, SLC6A14, SLC6A19"
Reactome: Organic Cation/Anion/Zwitterion Transport R-HSA-549132,0.5159333318019677,0.9333333333333333,0.3333333333333333,1.0,0.34156046468366236,0.13810619432617585,15,15,14,False,False,True,"SLC22A15, SLC22A3, SLC22A5, SLC22A6, SLC22A7"
Reactome: YAP1- And WWTR1 (TAZ)-stimulated Gene Expression R-HSA-2032785,0.5159184082137117,1.0,0.3333333333333333,0.9333333333333333,0.4130890028999439,0.049836371501947654,15,14,14,False,False,True,"GATA4, YAP1, NKX2-5, TEAD2, NPPA"
KEGG: Fc gamma R-mediated phagocytosis,0.5158832420695171,0.978494623655914,0.3333333333333333,0.9587628865979382,0.3304784961613509,0.13470425891520008,97,93,91,False,False,True,"AMPH, AKT1, AKT3, PIK3R1, FCGR2A"
Reactome: Methylation R-HSA-156581,0.5158691910485536,1.0,0.3333333333333333,1.0,0.23677202308986928,0.17590726548623173,14,14,14,False,False,True,"NNMT, GSTO1, AS3MT, MAT1A, CYP1A2"
Reactome: Defective Pyroptosis R-HSA-9710421,0.5156774091603835,1.0,0.6666666666666666,0.2857142857142857,0.2770620433498646,0.2537059548330053,42,12,12,False,True,True,"PRIM1, DNMT3A, DNMT1, EZH2, DNMT3B"
Reactome: Apoptotic Cleavage Of Cell Adhesion Proteins R-HSA-351906,0.5156521387928125,1.0,0.3333333333333333,1.0,0.36763059882531457,0.043963428472080526,11,11,11,False,False,True,"TJP1, DSG3, DSG1, DSG2, PKP1"
Reactome: HCMV Late Events R-HSA-9610379,0.5155998045300185,1.0,0.6666666666666666,0.6593406593406593,0.17949257585338912,0.07066761895787604,91,60,60,False,True,True,"IRS1, NUP37, NUP155, VPS36, CHMP4C"
Reactome: Polymerase Switching On C-strand Of Telomere R-HSA-174411,0.5155551165472128,1.0,0.3333333333333333,0.96,0.28482664816949227,0.15628226789990488,25,24,24,False,False,True,"RFC4, PRIM1, POLD2, PCNA, POLD4"
KEGG: ABC transporters,0.5155431905233067,0.9777777777777777,0.3333333333333333,1.0,0.38333434905929237,0.049937159112796566,45,45,44,False,False,True,"ABCA8, ABCG2, ABCA9, ABCA6, ABCB1"
Reactome: Signaling By FGFR4 R-HSA-5654743,0.5154984719358121,1.0,0.3333333333333333,1.0,0.3312041953844113,0.07962149762798225,40,40,40,False,False,True,"PIK3R1, FGF1, FGF16, FGF17, FGF13"
KEGG: Salivary secretion,0.5153924340552405,0.9550561797752809,0.3333333333333333,0.956989247311828,0.4127934649055371,0.07470392344484635,93,89,85,False,False,True,"GUCY1A2, ADCY4, RYR3, ATP1A2, PRKG1"
Reactome: Regulation Of Pyruvate Dehydrogenase (PDH) Complex R-HSA-204174,0.515384539372631,1.0,0.3333333333333333,0.9375,0.2978282899341055,0.15930274026238272,16,15,15,False,False,True,"PDHA2, PDK2, PDPK1, PDPR, GSTZ1"
Reactome: Extension Of Telomeres R-HSA-180786,0.5152843646980981,1.0,0.3333333333333333,0.98,0.30401603678030237,0.12073912004352144,50,49,49,False,False,True,"RFC4, TERT, PRIM1, RPA3, LRIG1"
Reactome: N-glycan Antennae Elongation In medial/trans-Golgi R-HSA-975576,0.5151659007271384,0.9615384615384616,0.3333333333333333,1.0,0.3780869217290391,0.06953745370152441,26,26,25,False,False,True,"MGAT4C, CHGA, MOGAT2, ST3GAL4, CHST8"
Reactome: Regulation Of IFNG Signaling R-HSA-877312,0.5150948116718949,1.0,0.3333333333333333,1.0,0.30101637555476557,0.10779101613804204,14,14,14,False,False,True,"IFNGR2, IFNG, PTPN2, PTPN6, STAT1"
KEGG: Asthma,0.5149256154904703,0.8387096774193549,0.3333333333333333,1.0,0.3408498950294044,0.22840183833692534,31,31,26,False,False,True,"MS4A2, TNF, FCER1G, EPX, HLA-DOB"
KEGG: Amino sugar and nucleotide sugar metabolism,0.5149168373729119,1.0,0.3333333333333333,0.9583333333333334,0.34797017219025017,0.09119734800764294,48,46,46,False,False,True,"HK3, RENBP, PGM1, CHIA, HK2"
Reactome: Detoxification Of Reactive Oxygen Species R-HSA-3299685,0.5148457660948106,0.9696969696969697,0.3333333333333333,0.9705882352941176,0.33625487492607303,0.12366914271375526,34,33,32,False,False,True,"CYBB, GPX2, ATOX1, PRDX1, NCF2"
Reactome: Post-chaperonin Tubulin Folding Pathway R-HSA-389977,0.5147824181068273,1.0,0.3333333333333333,1.0,0.27497930574645857,0.1322661181210112,23,23,23,False,False,True,"TUBA8, TUBAL3, TUBB6, TUBB4A, TUBA1A"
Reactome: Synthesis Of PE R-HSA-1483213,0.5145102526756242,0.9166666666666666,0.3333333333333333,0.9230769230769231,0.3303544294021647,0.21655580833493063,13,12,11,False,False,True,"PHOSPHO1, CHKA, ETNPPL, LPIN3, PCYT2"
KEGG: Steroid biosynthesis,0.5144497836648578,0.95,0.3333333333333333,1.0,0.29893074671267905,0.15665150494494323,20,20,19,False,False,True,"CEL, CYP27B1, SC5D, SOAT2, DHCR24"
Reactome: Role Of Phospholipids In Phagocytosis R-HSA-2029485,0.51433919042654,1.0,0.3333333333333333,0.8846153846153846,0.4123907747149612,0.07917697228953335,26,23,23,False,False,True,"PIK3R1, FCGR2A, CD247, PIK3CA, FCGR1A"
Reactome: ATF6 (ATF6-alpha) Activates Chaperones R-HSA-381033,0.5143200273090326,1.0,0.3333333333333333,1.0,0.23132394128492942,0.1736095285935666,11,11,11,False,False,True,"DDIT3, NFYB, HSPA5, CALR, MBTPS1"
Reactome: Negative Regulation Of MET Activity R-HSA-6807004,0.514319792251314,1.0,0.3333333333333333,1.0,0.27249307176343346,0.13243922282646955,21,21,21,False,False,True,"RNMT, PTPRJ, GRB2, LRIG1, PTPN2"
KEGG: Phagosome,0.5141614062067519,0.9539473684210527,0.3333333333333333,1.0,0.36515613301454936,0.08503686293149032,152,152,145,False,False,True,"PLA2R1, ITGB3, MSR1, ATP6V1B2, CLEC7A"
Reactome: Defective Intrinsic Pathway For Apoptosis R-HSA-9734009,0.5138496766986971,1.0,0.3333333333333333,1.0,0.29625024326683275,0.10633147355998551,24,24,24,False,False,True,"CDKN2A, PRDX1, CDC25C, LMNB1, JUN"
Reactome: Signaling To ERKs R-HSA-187687,0.5137915821285064,1.0,0.3333333333333333,1.0,0.29070015301864965,0.11159109095721535,33,33,33,False,False,True,"SHC2, MAPK11, MAPK13, NGF, GRB2"
KEGG: Folate biosynthesis,0.5137281032601029,0.9583333333333334,0.3333333333333333,0.9230769230769231,0.32394302561301724,0.1773897983798046,26,24,23,False,False,True,"GGH, ALPP, AKR1C3, GPHN, TH"
KEGG: beta-Alanine metabolism,0.513604786338385,1.0,0.3333333333333333,1.0,0.29862524322289036,0.10273202180236811,30,30,30,False,False,True,"AOC3, GAD2, GAD1, UPB1, CARNS1"
Reactome: RND1 GTPase Cycle R-HSA-9696273,0.5135748841566031,1.0,0.3333333333333333,1.0,0.3268428802484079,0.07436487386794084,42,42,42,False,False,True,"PIK3R1, CAV1, GRB7, EPSTI1, DST"
Reactome: Inwardly Rectifying K+ Channels R-HSA-1296065,0.5133424635289183,0.9714285714285714,0.3333333333333333,1.0,0.367868833523234,0.06074824602611975,35,35,34,False,False,True,"GNG7, KCNJ8, GNG11, GNB5, KCNJ15"
Reactome: Androgen Biosynthesis R-HSA-193048,0.5131961536311753,1.0,0.3333333333333333,1.0,0.3490540380174557,0.050260063471754185,11,11,11,False,False,True,"CYP17A1, CHGA, HSD3B2, SRD5A1, SRD5A3"
Reactome: G0 And Early G1 R-HSA-1538133,0.5131472207775158,1.0,0.3333333333333333,1.0,0.3640669717871568,0.035002465433755375,27,27,27,False,False,True,"MYC, MYBL2, E2F1, CDC6, CCNE2"
Reactome: Negative Regulation Of FLT3 R-HSA-9706369,0.5127949729447777,1.0,0.3333333333333333,1.0,0.3266082886634502,0.07069990939377181,15,15,15,False,False,True,"FLT3LG, SOCS2, SH2B3, PTPRJ, SOCS6"
Reactome: Nonsense Mediated Decay (NMD) Enhanced By Exon Junction Complex (EJC) R-HSA-975957,0.5127927583871384,0.9196428571428571,0.6666666666666666,1.0,0.05102496336676229,0.00996263809273949,112,112,103,False,True,True,"RPL39L, GSPT2, EIF4A3, RPL36A, RBM8A"
Reactome: Organic Cation Transport R-HSA-549127,0.5126405231087757,0.9,0.3333333333333333,1.0,0.36059992948829356,0.13593601938891858,10,10,9,False,False,True,"SLC22A15, SLC22A3, SLC22A5, SLC22A18, SLC22A16"
Reactome: Blood Group Systems Biosynthesis R-HSA-9033658,0.5124526729426159,1.0,0.3333333333333333,1.0,0.3668743553171321,0.028722342729280672,22,22,22,False,False,True,"B3GALT2, ST3GAL4, ST6GALNAC6, RHD, B4GALNT2"
Reactome: RHOBTB3 ATPase Cycle R-HSA-9706019,0.5124475890573944,1.0,0.3333333333333333,1.0,0.3382557549053274,0.057315523714978285,10,10,10,False,False,True,"RAB9B, HTR7, CCNE1, RAB9A, RHOBTB3"
KEGG: Various types of N-glycan biosynthesis,0.5124080682873281,0.972972972972973,0.3333333333333333,0.9487179487179487,0.3044993935332651,0.15636284672527398,39,37,36,False,False,True,"MGAT4C, ALG12, MAN1C1, CHST8, MAN1A1"
Reactome: mRNA Editing R-HSA-75072,0.5123633323132396,0.8888888888888888,0.3333333333333333,0.9,0.38606711827751916,0.19519398773312302,10,9,8,False,False,True,"APOBEC1, APOBEC3B, APOBEC4, APOBEC3C, ADARB1"
Reactome: G1/S-Specific Transcription R-HSA-69205,0.5119434271039744,1.0,0.3333333333333333,1.0,0.3559223387487294,0.037128130104476055,29,29,29,False,False,True,"CDC45, RRM2, E2F1, TYMS, TK1"
Reactome: Regulation Of Gene Expression In Late Stage (Branching Morphogenesis) Pancreatic Bud Precursor Cells R-HSA-210744,0.5119164633395155,1.0,0.3333333333333333,0.9375,0.3277294301746363,0.11206121985627435,16,15,15,False,False,True,"HNF1B, MAML3, NEUROG3, ONECUT3, MAMLD1"
Reactome: Interconversion Of Nucleotide Di- And Triphosphates R-HSA-499943,0.5118880561834143,0.9642857142857143,0.3333333333333333,1.0,0.3516850981866193,0.0768028017780709,28,28,27,False,False,True,"RRM2, CTPS2, AK5, TYMS, GLRX"
Reactome: Interleukin-6 Signaling R-HSA-1059683,0.5117774896659866,1.0,0.3333333333333333,1.0,0.25241042022810956,0.13981036143515668,11,11,11,False,False,True,"IL6ST, IL6, STAT1, IL6R, JAK2"
Reactome: Post-translational Modification: Synthesis Of GPI-anchored Proteins R-HSA-163125,0.5116784911813116,0.9431818181818182,0.3333333333333333,0.9565217391304348,0.381888937667642,0.099263729042605,92,88,83,False,False,True,"PRND, LSAMP, CNTN4, LY6E, LYPD5"
Reactome: Negative Regulation Of FGFR4 Signaling R-HSA-5654733,0.5115572660376531,1.0,0.3333333333333333,1.0,0.31841774710228943,0.07270191641930907,31,31,31,False,False,True,"FGF1, FGF16, FGF17, FGF13, FGF8"
Reactome: Signaling By High-Kinase Activity BRAF Mutants R-HSA-6802948,0.511528472692707,1.0,0.3333333333333333,1.0,0.3030817194745914,0.0878939773222765,33,33,33,False,False,True,"VWF, ITGB3, VCL, APBB1IP, ARRB2"
KEGG: Fatty acid degradation,0.5114963458051383,1.0,0.3333333333333333,1.0,0.2809468542236928,0.1098682081353316,43,43,43,False,False,True,"ADH1B, HADH, ACSBG1, CYP2U1, ADH1C"
Reactome: RHO GTPases Activate KTN1 R-HSA-5625970,0.5114248820056707,1.0,0.3333333333333333,1.0,0.3204036426858302,0.07005410067585656,10,10,10,False,False,True,"RNASE1, KLC3, KIF5A, RHOG, RHOA"
KEGG: Natural killer cell mediated cytotoxicity,0.5112872617826832,0.9541984732824428,0.3333333333333333,1.0,0.3638858494945262,0.0716853194697802,131,131,125,False,False,True,"SHC2, FYN, TNF, PIK3R1, RAC3"
KEGG: Glucagon signaling pathway,0.5111993168645949,0.9803921568627451,0.3333333333333333,0.9532710280373832,0.3729609973119662,0.07102349245355907,107,102,100,False,False,True,"AKT1, AKT3, PYGM, CAMK2A, CREB3L1"
KEGG: VEGF signaling pathway,0.5111655184003425,0.9655172413793104,0.3333333333333333,0.9830508474576272,0.36376499855784056,0.07259054980467437,59,58,56,False,False,True,"AKT1, SHC2, AKT3, PIK3R1, RAC3"
Reactome: Uptake And Function Of Anthrax Toxins R-HSA-5210891,0.510912512265352,1.0,0.3333333333333333,1.0,0.3334193218388504,0.05447657282124263,11,11,11,False,False,True,"ANTXR2, ANTXR1, MAP2K6, MAP2K1, MAP2K2"
Reactome: Synthesis Of IP3 And IP4 In Cytosol R-HSA-1855204,0.5109015934162019,1.0,0.3333333333333333,1.0,0.34507368394281696,0.042767616471525965,26,26,26,False,False,True,"PTEN, PLCB1, ITPKB, PLCE1, PLCG1"
Reactome: FOXO-mediated Transcription R-HSA-9614085,0.510725172043564,1.0,0.3333333333333333,0.9846153846153847,0.35004585602802424,0.048451799061591506,65,64,64,False,False,True,"AKT1, ABCA6, AKT3, CAV1, TRIM63"
KEGG: Cellular senescence,0.5106954610294517,0.9935483870967742,0.3333333333333333,0.9935897435897436,0.32954759165544206,0.06852235203606792,156,155,154,False,False,True,"MYC, AKT1, PTEN, MYBL2, CDKN2A"
Reactome: Diseases Of Programmed Cell Death R-HSA-9645723,0.5106105104981965,1.0,0.6666666666666666,0.5774647887323944,0.24722087392099754,0.03939975368735592,71,41,41,False,True,True,"CDKN2A, PRIM1, PRDX1, CDC25C, LMNB1"
Reactome: Signaling By MET R-HSA-6806834,0.5105195497115195,1.0,0.3333333333333333,1.0,0.30962489286125433,0.07630618902967636,63,63,63,False,False,True,"PIK3R1, LAMA2, RNMT, LAMA4, LAMB3"
Reactome: Effects Of PIP2 Hydrolysis R-HSA-114508,0.5102197790488735,1.0,0.3333333333333333,1.0,0.29327385762459196,0.09115837095310907,27,27,27,False,False,True,"TRPC6, RASGRP2, ABHD12, DGKB, DGKE"
Reactome: Vitamin B5 (Pantothenate) Metabolism R-HSA-199220,0.5101291304975164,1.0,0.3333333333333333,1.0,0.2707078187805775,0.11327116704033774,17,17,17,False,False,True,"ENPP2, ENPP3, VNN2, ENPP1, PANK1"
Reactome: Diseases Associated With N-glycosylation Of Proteins R-HSA-3781860,0.5099704944743152,0.95,0.3333333333333333,1.0,0.2820762174048664,0.15110958830004306,20,20,19,False,False,True,"ALG12, MOGAT2, EGFL7, ALG3, CTSA"
"Reactome: Synthesis, Secretion, And Inactivation Of Glucagon-like Peptide-1 (GLP-1) R-HSA-381771",0.5098871832494432,0.9523809523809523,0.3333333333333333,1.0,0.25104721623453224,0.17934108096506446,21,21,20,False,False,True,"LEP, PAX6, UCMA, GNG13, FFAR4"
Reactome: Activation Of G Protein Gated Potassium Channels R-HSA-1296041,0.5098771324274228,0.9655172413793104,0.3333333333333333,1.0,0.34657831245588017,0.07062344163525697,29,29,28,False,False,True,"GNG7, GNG11, GNB5, KCNJ15, GNG4"
Reactome: RHOV GTPase Cycle R-HSA-9013424,0.5097138312367591,1.0,0.3333333333333333,0.972972972972973,0.27396790186510367,0.1282048579222955,37,36,36,False,False,True,"RHOV, PIK3R1, DST, WASL, PKN1"
Reactome: Acetylcholine Binding And Downstream Events R-HSA-181431,0.5096642110571638,1.0,0.3333333333333333,1.0,0.25395875061085105,0.12769563800830122,14,14,14,False,False,True,"CHRNA1, CHRNA3, CHRNB3, CHRND, CHRNA2"
Reactome: Glucose Metabolism R-HSA-70326,0.5096569206403623,0.9761904761904762,0.3333333333333333,0.9438202247191011,0.32233433642723625,0.12522795537810655,89,84,82,False,False,True,"ENO1, PGK1, ALDOC, PFKP, PKM"
Reactome: Activated TAK1 Mediates P38 MAPK Activation R-HSA-450302,0.5095649390197969,1.0,0.3333333333333333,1.0,0.27977793468435885,0.10138009374795927,19,19,19,False,False,True,"MAP2K6, MAPK11, IRAK1, RIPK2, NOD2"
Reactome: SLBP Dependent Processing Of Replication-Dependent Histone Pre-mRNAs R-HSA-77588,0.5093258394721579,1.0,0.3333333333333333,1.0,0.2121968087668162,0.16776572192730638,11,11,11,False,False,True,"LSM11, SNRPD3, NCBP2, SNRPB, SNRPE"
Reactome: RUNX1 Regulates Genes Involved In Megakaryocyte Differentiation And Platelet Function R-HSA-8936459,0.5092582369140101,1.0,0.6666666666666666,0.5606060606060606,0.2542352167747772,0.03826808900739443,66,37,37,False,True,True,"MYL9, NFE2, SIN3A, GATA1, THBS1"
Reactome: Signaling By RAF1 Mutants R-HSA-9656223,0.5090284063446812,1.0,0.3333333333333333,1.0,0.300685707685031,0.07778965737170777,38,38,38,False,False,True,"VWF, ITGB3, CAMK2A, VCL, APBB1IP"
Reactome: Disorders Of Developmental Biology R-HSA-9675151,0.5090202140611902,1.0,0.3333333333333333,1.0,0.31864113958518325,0.059793264054101444,12,12,12,False,False,True,"PRKCA, TBL1X, SIN3A, CAMK4, MECP2"
Reactome: Translesion Synthesis By POLK R-HSA-5655862,0.5089632164075435,1.0,0.3333333333333333,1.0,0.26786109530853547,0.11028832006251538,17,17,17,False,False,True,"RFC4, RPA3, POLR1A, PCNA, RFC2"
Reactome: Translesion Synthesis By REV1 R-HSA-110312,0.5087138859045189,1.0,0.3333333333333333,1.0,0.2668646096064697,0.11003815324945795,16,16,16,False,False,True,"RFC4, RPA3, POLR1A, PCNA, RFC2"
KEGG: Vitamin digestion and absorption,0.5084472028452218,0.9565217391304348,0.3333333333333333,0.9583333333333334,0.30431568829986644,0.14598192012914096,24,23,22,False,False,True,"CUBN, RBP2, APOB, FOLH1, PLB1"
Reactome: Deposition Of New CENPA-containing Nucleosomes At Centromere R-HSA-606279,0.5082289485180611,1.0,0.6666666666666666,0.4528301886792453,0.3137014699703589,0.054487297777179394,53,24,24,False,True,True,"RSF1, CENPI, CENPA, HJURP, RUVBL1"
KEGG: Cysteine and methionine metabolism,0.508216023702765,1.0,0.3333333333333333,0.94,0.32830253180800656,0.09111092003915146,50,47,47,False,False,True,"CDO1, CBS, SDS, IL4I1, SDSL"
Reactome: Metabolism Of Vitamins And Cofactors R-HSA-196854,0.508208541363198,0.9888268156424581,0.3333333333333333,0.9623655913978495,0.3223123712837315,0.09146265967474705,186,179,177,False,False,True,"PTGIS, AKT1, AOX1, LRP2, CUBN"
Reactome: Cargo Recognition For Clathrin-Mediated Endocytosis R-HSA-8856825,0.5080574311102592,0.9900990099009901,0.3333333333333333,0.9711538461538461,0.2946420775150079,0.11051401685324688,104,101,100,False,False,True,"VAMP8, LRP2, SLC18A3, AGTR1, STON1"
Reactome: Glutamate And Glutamine Metabolism R-HSA-8964539,0.5080117394437688,0.9090909090909091,0.3333333333333333,0.8461538461538461,0.3263670737100662,0.25331866313581725,13,11,10,False,False,True,"RIMKLA, GLS2, GLUL, ALDH18A1, PYCR1"
Reactome: Purine Ribonucleoside Monophosphate Biosynthesis R-HSA-73817,0.5079143698254897,1.0,0.3333333333333333,0.8,0.22157061544073364,0.301334567020048,10,8,8,False,False,True,"GMPS, GART, ATIC, IMPDH2, COASY"
KEGG: Thyroid cancer,0.5079116574695094,1.0,0.3333333333333333,1.0,0.3132072281215419,0.059684392559338245,37,37,37,False,False,True,"MYC, PPARG, RXRG, LEF1, NTRK1"
Reactome: Triglyceride Biosynthesis R-HSA-75109,0.5079035212565066,0.9230769230769231,0.3333333333333333,0.9285714285714286,0.37158626031161973,0.13175918479875195,14,13,12,False,False,True,"MOGAT2, MOGAT1, GPAT2, GK, GK2"
KEGG: Arachidonic acid metabolism,0.507801624753362,0.9310344827586207,0.3333333333333333,0.9508196721311475,0.36743910152060083,0.11075311872256129,61,58,54,False,False,True,"PTGIS, PTGDS, GGT5, PLA2G3, GPX2"
Reactome: Paracetamol ADME R-HSA-9753281,0.5076362055962358,0.9259259259259259,0.3333333333333333,0.9642857142857143,0.3344205458115787,0.13795360386272174,28,27,25,False,False,True,"ABCG2, GGT5, SULT2A1, GGT1, ABCC2"
Reactome: MAP2K And MAPK Activation R-HSA-5674135,0.50698946958744,1.0,0.3333333333333333,1.0,0.2913579181030901,0.07692276316744322,37,37,37,False,False,True,"VWF, ITGB3, VCL, IL17RD, APBB1IP"
Reactome: GAB1 Signalosome R-HSA-180292,0.5069886698130589,0.9411764705882353,0.3333333333333333,1.0,0.29652173276326604,0.13057847904712655,17,17,16,False,False,True,"PIK3R1, PIK3CA, EREG, GRB2, AREG"
Reactome: Signaling By Non-Receptor Tyrosine Kinases R-HSA-9006927,0.5069779060064415,1.0,0.3333333333333333,1.0,0.30305734804767576,0.06516551531786506,52,52,52,False,False,True,"NRG2, AKT1, ERBB3, KHDRBS3, ERBB2"
Reactome: Glycolysis R-HSA-70171,0.5068892791358863,0.9696969696969697,0.3333333333333333,0.9565217391304348,0.3179658426691234,0.11272561229884596,69,66,64,False,False,True,"ENO1, PGK1, ALDOC, PFKP, PKM"
Reactome: Translesion Synthesis By POLH R-HSA-110320,0.5068304237070759,1.0,0.3333333333333333,0.9473684210526315,0.23419718976866097,0.17276194631057795,19,18,18,False,False,True,"RFC4, RPA3, POLR1A, PCNA, RFC2"
Reactome: SLBP Independent Processing Of Histone Pre-mRNAs R-HSA-111367,0.5067648856000437,1.0,0.3333333333333333,1.0,0.21039159907374652,0.15676616225980558,10,10,10,False,False,True,"LSM11, SNRPD3, NCBP2, SNRPB, SNRPE"
Reactome: HSF1-dependent Transactivation R-HSA-3371571,0.5067645942753795,0.9722222222222222,0.3333333333333333,1.0,0.3352129212987956,0.059721161189212585,36,36,35,False,False,True,"HSPB8, COL4A6, CRYAB, CAMK2A, DNAJB1"
Reactome: VLDLR Internalisation And Degradation R-HSA-8866427,0.5067419021745988,1.0,0.3333333333333333,1.0,0.22063800785494012,0.1464048363513868,16,16,16,False,False,True,"PCSK9, NR1H3, MYLIP, AP2S1, CLTA"
KEGG: Renal cell carcinoma,0.5064870240303767,1.0,0.3333333333333333,0.9420289855072463,0.33405773959586815,0.07518897475891409,69,65,65,False,False,True,"AKT1, AKT3, PIK3R1, HGF, PAK3"
KEGG: Pancreatic secretion,0.5062471191324894,0.96,0.3333333333333333,0.9803921568627451,0.34673434710889184,0.07254046423983027,102,100,96,False,False,True,"ADCY4, ATP1A2, CPA3, TRPC1, ATP1B2"
Reactome: Bicarbonate Transporters R-HSA-425381,0.5062167331318289,1.0,0.3333333333333333,1.0,0.261245522389439,0.10317147660303876,10,10,10,False,False,True,"SLC4A10, SLC4A3, SLC4A4, SLC4A5, AHCYL2"
KEGG: Staphylococcus aureus infection,0.5061295867171273,0.8602150537634409,0.3333333333333333,0.9789473684210527,0.42203668524230065,0.09751900159743854,95,93,80,False,False,True,"MASP1, KRT37, C1QB, FPR2, FPR3"
Reactome: Chk1/Chk2(Cds1) Mediated Inactivation Of Cyclin B:Cdk1 Complex R-HSA-75035,0.5060036092246581,1.0,0.3333333333333333,1.0,0.23067587612558674,0.1326755033310371,13,13,13,False,False,True,"CDC25C, CHEK1, WEE1, CCNB1, CDK1"
Reactome: Pregnenolone Biosynthesis R-HSA-196108,0.5059075649172494,1.0,0.3333333333333333,0.8333333333333334,0.3555126611828504,0.1323584967367301,12,10,10,False,False,True,"CYP11A1, STARD4, AKR1B1, FDX1, STARD6"
Reactome: Metabolism Of Water-Soluble Vitamins And Cofactors R-HSA-196849,0.5058482697789579,0.9913793103448276,0.3333333333333333,0.9508196721311475,0.30882903041078835,0.09925158737414669,122,116,115,False,False,True,"PTGIS, AOX1, LRP2, CUBN, SLC2A3"
KEGG: Hepatitis C,0.5057973575408095,0.9741935483870968,0.3333333333333333,0.9872611464968153,0.3249787963583629,0.07270191641930907,157,155,151,False,False,True,"MYC, CLDN4, AKT1, PPP2R2C, AKT3"
Reactome: Uptake Of Dietary Cobalamins Into Enterocytes R-HSA-9758881,0.5057203714325749,0.8888888888888888,0.3333333333333333,0.9,0.3360085618201392,0.21203773978717966,10,9,8,False,False,True,"CUBN, TCN1, PRSS58, PRSS3, CTRB2"
KEGG: Fructose and mannose metabolism,0.505713296749164,1.0,0.3333333333333333,0.8787878787878788,0.35549455266326163,0.09731435532498234,33,29,29,False,False,True,"HK3, ALDOC, PFKP, HK2, PFKFB4"
Reactome: Transcription Of E2F Targets Under Negative Control By DREAM Complex R-HSA-1362277,0.5055028505967016,1.0,0.3333333333333333,1.0,0.33643857538449073,0.02440901093235059,19,19,19,False,False,True,"MYC, E2F1, CDC6, TOP2A, CDC25A"
Reactome: SUMOylation Of DNA Methylation Proteins R-HSA-4655427,0.5054429553935109,0.9375,0.3333333333333333,1.0,0.3294969285401631,0.09355118176072522,16,16,15,False,False,True,"CBX2, UBE2I, PCGF2, CBX8, DNMT3A"
Reactome: BBSome-mediated Cargo-Targeting To Cilium R-HSA-5620922,0.5054222196268562,1.0,0.3333333333333333,1.0,0.2849955597800129,0.07544887168760098,23,23,23,False,False,True,"MCHR1, BBS5, BBS2, RAB3IP, BBS9"
KEGG: Long-term potentiation,0.5053294997628555,0.9850746268656716,0.3333333333333333,1.0,0.32021210957480767,0.054694095707131324,67,67,66,False,False,True,"GRIN2D, GRIN2A, CAMK2A, CACNA1C, GRIA2"
Reactome: Translesion Synthesis By POLI R-HSA-5656121,0.505253050916872,1.0,0.3333333333333333,1.0,0.2493102678551779,0.11028832006251538,17,17,17,False,False,True,"RFC4, RPA3, POLR1A, PCNA, RFC2"
Reactome: Dual Incision In GG-NER R-HSA-5696400,0.5052089117764019,1.0,0.3333333333333333,1.0,0.21612137336379322,0.14325651885154994,41,41,41,False,False,True,"RFC4, RPA3, POLR1A, POLD2, DDB2"
KEGG: Nicotinate and nicotinamide metabolism,0.5050701423195824,0.9714285714285714,0.3333333333333333,1.0,0.3243125129323008,0.06294296057037335,35,35,34,False,False,True,"AOX1, NAPRT, NMRK2, NT5C1A, ENPP3"
Reactome: Interferon Alpha/Beta Signaling R-HSA-909733,0.5050392780209527,0.9861111111111112,0.3333333333333333,1.0,0.33023115782917195,0.04218745449781359,72,72,71,False,False,True,"BST2, IFNA7, IFI35, USP18, IRF7"
Reactome: Endosomal/Vacuolar Pathway R-HSA-1236977,0.5048931557786103,1.0,0.3333333333333333,1.0,0.24828609888590644,0.10951301334047822,11,11,11,False,False,True,"CTSL, CTSS, HLA-G, HLA-F, CTSV"
Reactome: DNA Damage Bypass R-HSA-73893,0.5048296053610489,0.9782608695652174,0.3333333333333333,0.9583333333333334,0.22956833452033404,0.1809021560530265,48,46,45,False,False,True,"RFC4, ISG15, UBE2L6, RPA3, POLR1A"
Reactome: Constitutive Signaling By Ligand-Responsive EGFR Cancer Variants R-HSA-1236382,0.5047363445088396,1.0,0.3333333333333333,1.0,0.2549956627618594,0.10201939311567206,18,18,18,False,False,True,"PIK3R1, PIK3CA, PLCG1, GRB2, SHC1"
KEGG: Arginine biosynthesis,0.5045515621296506,0.9545454545454546,0.3333333333333333,1.0,0.29827849709678733,0.10326719233934441,22,22,21,False,False,True,"CPS1, NOS2, NOS3, GLS2, NAGS"
Reactome: Signaling By Activin R-HSA-1502540,0.5045392373787629,1.0,0.3333333333333333,1.0,0.28058024656306213,0.07544927366408559,15,15,15,False,False,True,"FOXH1, INHBA, FST, SMAD3, ACVR1C"
Reactome: Paradoxical Activation Of RAF Signaling By Kinase Inactive BRAF R-HSA-6802955,0.504357821622626,1.0,0.3333333333333333,0.975609756097561,0.29389167859305565,0.07952344578023693,41,40,40,False,False,True,"VWF, ITGB3, CAMK2A, VCL, APBB1IP"
Reactome: Sialic Acid Metabolism R-HSA-4085001,0.5042602627326072,0.9696969696969697,0.3333333333333333,1.0,0.35194288960330694,0.032994787696092535,33,33,32,False,False,True,"ST6GAL2, ST8SIA1, ST6GALNAC3, ST3GAL4, ST6GALNAC6"
Reactome: Deregulated CDK5 Triggers Neurodegenerative Pathways In Alzheimers Disease Models R-HSA-8862803,0.5041186980944141,1.0,0.3333333333333333,1.0,0.2543980025479296,0.09952882125747423,21,21,21,False,False,True,"PRDX1, CDC25C, LMNB1, JUN, CDC25A"
Reactome: Insertion Of Tail-Anchored Proteins Into Endoplasmic Reticulum Membrane R-HSA-9609523,0.5039235444024628,1.0,0.3333333333333333,0.9090909090909091,0.3114261175716126,0.1097067559558528,22,20,20,False,False,True,"SEC61G, UBL4A, HMOX1, CAMLG, STX1A"
Reactome: Signaling By WNT In Cancer R-HSA-4791275,0.5038080667998265,0.9696969696969697,0.3333333333333333,1.0,0.2825329814428488,0.10014371619264739,33,33,32,False,False,True,"FZD4, KREMEN2, PROC, TNKS, DKK1"
Reactome: Gastrin-CREB Signaling Pathway Via PKC And MAPK R-HSA-881907,0.5038040522640174,1.0,0.3333333333333333,1.0,0.26074359665696045,0.09160999799645957,17,17,17,False,False,True,"PRKCA, MMP3, GRB2, GAST, RPS6KA1"
Reactome: Acyl Chain Remodelling Of PS R-HSA-1482801,0.5033324668985216,0.95,0.3333333333333333,0.9090909090909091,0.30225308115738475,0.16592440485037516,22,20,19,False,False,True,"PLA2R1, OSBPL5, PLA1A, PLA2G2A, PLA2G4F"
"Reactome: Synthesis Of IP2, IP, And Ins In Cytosol R-HSA-1855183",0.5030457588047208,1.0,0.3333333333333333,1.0,0.2855642001630932,0.06299792719384409,14,14,14,False,False,True,"MIOX, INPP1, MTMR7, IMPA2, INPP4B"
Reactome: Transcriptional Regulation By VENTX R-HSA-8853884,0.5030285961162889,0.9743589743589743,0.3333333333333333,1.0,0.3003498140988324,0.07376752545697068,39,39,38,False,False,True,"CDKN2A, VENTX, UBE2C, ANAPC11, TNRC6C"
"Reactome: FOXO-mediated Transcription Of Oxidative Stress, Metabolic And Neuronal Genes R-HSA-9615017",0.5028670669266931,1.0,0.3333333333333333,0.9655172413793104,0.3321103638256526,0.041420373106663695,29,28,28,False,False,True,"ABCA6, TRIM63, FBXO32, SIN3A, PPARGC1A"
Reactome: Sensory Processing Of Sound By Inner Hair Cells Of Cochlea R-HSA-9662360,0.5027353812308795,1.0,0.3333333333333333,0.9253731343283582,0.33028307029980347,0.07269731844165869,67,62,62,False,False,True,"CACNA1D, SNAP25, KCNMA1, EZR, USH1G"
Reactome: Signaling By FGFR2 IIIa TM R-HSA-8851708,0.5027346664151348,1.0,0.3333333333333333,1.0,0.2408967745584977,0.10610989085050927,19,19,19,False,False,True,"FGF1, FGF13, POLR2H, NCBP2, POLR2K"
Reactome: RHOH GTPase Cycle R-HSA-9013407,0.5024259259706635,1.0,0.3333333333333333,0.9444444444444444,0.2619708888055723,0.12515874104774483,36,34,34,False,False,True,"CAV1, SLC1A5, JUP, ARHGDIG, PKN1"
Reactome: Activation Of Arylsulfatases R-HSA-1663150,0.50236069202079,1.0,0.3333333333333333,0.9230769230769231,0.25915541534803477,0.14367368578155634,13,12,12,False,False,True,"ARSI, ARSJ, ARSF, ARSD, ARSG"
Reactome: RND2 GTPase Cycle R-HSA-9696270,0.5023567348333979,1.0,0.3333333333333333,0.9534883720930233,0.28619595095553363,0.09380477747502185,43,41,41,False,False,True,"PIK3R1, CAV1, DST, KIF14, DSG1"
KEGG: Starch and sucrose metabolism,0.5022290174512605,0.9375,0.3333333333333333,0.8888888888888888,0.3927844555432783,0.09752729837969097,36,32,30,False,False,True,"HK3, PYGM, PGM1, HK2, GPI"
Reactome: Impaired BRCA2 Binding To RAD51 R-HSA-9709570,0.5021735298987885,0.9696969696969697,0.3333333333333333,0.9428571428571428,0.3043607755702282,0.11300038041722058,35,33,32,False,False,True,"RFC4, EXO1, RRAD, RPA3, POLR1A"
Reactome: TRAF6 Mediated NF-kB Activation R-HSA-933542,0.5021150497715197,1.0,0.3333333333333333,0.96,0.2691099724912349,0.10479860969969693,25,24,24,False,False,True,"S100B, NFKBIA, TRAF6, IFIH1, NFKBIB"
Reactome: Termination Of Translesion DNA Synthesis R-HSA-5656169,0.5020865241560557,0.967741935483871,0.3333333333333333,0.96875,0.2815390703847452,0.11792244824499552,32,31,30,False,False,True,"RFC4, ISG15, UBE2L6, RPA3, POLR1A"
Reactome: Translesion Synthesis By Y Family DNA Polymerases Bypasses Lesions On DNA Template R-HSA-110313,0.5020537030094591,0.972972972972973,0.3333333333333333,0.9487179487179487,0.2562618982105342,0.15282851565865987,39,37,36,False,False,True,"RFC4, ISG15, UBE2L6, RPA3, POLR1A"
Reactome: Metabolism Of Nucleotides R-HSA-15869,0.5017115467551398,0.978021978021978,0.3333333333333333,0.9578947368421052,0.3143183162673727,0.08112972018810305,95,91,89,False,False,True,"RRM2, CTPS2, AK5, AMPD3, UPP2"
Reactome: Signaling By NOTCH2 R-HSA-1980145,0.5016619225807534,1.0,0.3333333333333333,0.96875,0.2739676975312818,0.09111274870581837,32,31,31,False,False,True,"DLL4, MAML3, CNTN1, FCER2, NEURL1B"
Reactome: Acyl Chain Remodelling Of PC R-HSA-1482788,0.5016484631901295,0.96,0.3333333333333333,0.9259259259259259,0.3307232819642422,0.10640792287529419,27,25,24,False,False,True,"PLA2R1, PLA2G3, PLB1, PLA2G2A, LPCAT2"
Reactome: Listeria Monocytogenes Entry Into Host Cells R-HSA-8876384,0.5015997619583342,1.0,0.3333333333333333,1.0,0.23950425352771784,0.1018278895972868,19,19,19,False,False,True,"RNMT, CBLL1, GRB2, SH3GL2, CTNNB1"
Reactome: Regulation Of RUNX1 Expression And Activity R-HSA-8934593,0.5015099487047137,1.0,0.3333333333333333,1.0,0.2342762027470422,0.10660687410985958,17,17,17,False,False,True,"CCND2, TNRC6C, TNRC6A, AGO2, MOV10"
Reactome: Impaired BRCA2 Binding To PALB2 R-HSA-9709603,0.5012974608400624,1.0,0.3333333333333333,0.9583333333333334,0.2737956993976615,0.09727493813598427,24,23,23,False,False,True,"EXO1, RAD51AP1, BLM, RAD51, RAD50"
Reactome: RHOU GTPase Cycle R-HSA-9013420,0.5012189139624617,1.0,0.3333333333333333,1.0,0.22997346298552337,0.10945444016011839,39,39,39,False,False,True,"PIK3R1, DST, GRB2, PTK2B, PKN1"
Reactome: Nucleotide Salvage R-HSA-8956321,0.5011015072153744,1.0,0.3333333333333333,0.9565217391304348,0.3029349170864495,0.06851464797592989,23,22,22,False,False,True,"AMPD3, UPP2, ADAL, TK1, UPP1"
Reactome: Phototransduction Cascade R-HSA-2514856,0.5010610608821112,0.96875,0.3333333333333333,0.9696969696969697,0.32314303764142926,0.06947287282973284,33,32,31,False,False,True,"RHO, PRKCA, RCVRN, GNB5, CNGB1"
Reactome: InlB-mediated Entry Of Listeria Monocytogenes Into Host Cell R-HSA-8875360,0.5010484552931748,1.0,0.3333333333333333,1.0,0.2188265282797722,0.11974908151943492,15,15,15,False,False,True,"RNMT, GRB2, SH3GL2, HGS, SH3KBP1"
Reactome: Negative Epigenetic Regulation Of rRNA Expression R-HSA-5250941,0.5009747149688009,1.0,0.6666666666666666,0.5844155844155844,0.1842601071630591,0.0489684460359237,77,45,45,False,True,True,"SAP30, SIN3A, POLR1A, TAF1A, SAP30L"
Reactome: Estrogen-dependent Nuclear Events Downstream Of ESR-membrane Signaling R-HSA-9634638,0.5009579396274013,0.9583333333333334,0.3333333333333333,1.0,0.30412251378035376,0.07566718435665226,24,24,23,False,False,True,"AKT1, AKT3, BCL2, KCNH8, EREG"
Reactome: Oncogene Induced Senescence R-HSA-2559585,0.5007113198057334,1.0,0.3333333333333333,1.0,0.27087213617311395,0.06601779618888626,33,33,33,False,False,True,"CDKN2A, E2F1, E2F2, ETS2, TNRC6C"
Reactome: Activated NOTCH1 Transmits Signal To Nucleus R-HSA-2122948,0.5006225348262314,1.0,0.3333333333333333,1.0,0.2645610883840889,0.07188491908040129,31,31,31,False,False,True,"DTX1, DLL4, CNTN1, NEURL1B, ARRB2"
Reactome: Regulation Of TP53 Activity Thru Phosphorylation R-HSA-6804756,0.5005127709828687,0.9887640449438202,0.3333333333333333,0.9888888888888889,0.251655939071519,0.10381053756567114,90,89,88,False,False,True,"RFC4, PRKAG3, TAF7L, TPX2, EXO1"
Reactome: E2F Mediated Regulation Of DNA Replication R-HSA-113510,0.5004330915588756,1.0,0.3333333333333333,1.0,0.25930597511377357,0.07619281601393794,22,22,22,False,False,True,"E2F1, PRIM1, SLC25A15, CCNB1, RB1"
Reactome: Phosphorylation Of APC/C R-HSA-176412,0.5003645329283107,0.95,0.3333333333333333,1.0,0.2648889138616812,0.12026708411320569,20,20,19,False,False,True,"UBE2C, ANAPC11, ANAPC4, PLK1, ANAPC2"
Reactome: Sensory Perception Of Taste R-HSA-9717189,0.5003195925406742,0.8723404255319149,0.3333333333333333,1.0,0.3322505260115441,0.13034034449324497,47,47,41,False,False,True,"SCN2B, SCN4B, SCNN1G, TAS2R38, TAS1R1"
Reactome: HDR Thru Homologous Recombination (HRR) R-HSA-5685942,0.5000603134356311,0.9692307692307692,0.3333333333333333,0.9701492537313433,0.2751802993085091,0.11161189167370278,67,65,63,False,False,True,"RFC4, SLX4, EXO1, RRAD, RAD51AP1"
Reactome: HuR (ELAVL1) Binds And Stabilizes mRNA R-HSA-450520,0.5000351139018591,1.0,0.3333333333333333,1.0,0.278875582688212,0.05463332015441662,10,10,10,False,False,True,"ENPP2, PRKCA, GPRC5A, PRKCD, NUP214"
"Reactome: Inactivation, Recovery And Regulation Of Phototransduction Cascade R-HSA-2514859",0.5000093729360514,0.967741935483871,0.3333333333333333,0.96875,0.32289651416135423,0.06617924836836508,32,31,30,False,False,True,"RHO, PRKCA, RCVRN, GNB5, CNGB1"
Reactome: RND3 GTPase Cycle R-HSA-9696264,0.49985208915362833,1.0,0.3333333333333333,1.0,0.25822890523353387,0.07436487386794084,42,42,42,False,False,True,"PIK3R1, CAV1, DST, HOMER2, DSG1"
Reactome: Regulation Of Localization Of FOXO Transcription Factors R-HSA-9614399,0.4998411850714953,1.0,0.3333333333333333,1.0,0.29687447224394015,0.03566478644686959,12,12,12,False,False,True,"AKT1, AKT3, FOXO1, FOXO4, AKT2"
Reactome: Notch-HLH Transcription Pathway R-HSA-350054,0.49978230759328307,1.0,0.3333333333333333,1.0,0.24302639691975716,0.08921847437999156,28,28,28,False,False,True,"TBL1X, MAML3, NOTCH4, NOTCH3, HDAC10"
Reactome: NOTCH4 Activation And Transmission Of Signal To Nucleus R-HSA-9013700,0.499771480396168,1.0,0.3333333333333333,1.0,0.22723774583880463,0.10495298947536838,11,11,11,False,False,True,"DLL4, NOTCH4, PSEN2, PSENEN, APH1A"
KEGG: Allograft rejection,0.4997322404865289,0.8947368421052632,0.3333333333333333,1.0,0.29621306966802485,0.14104462399269022,38,38,34,False,False,True,"TNF, CD86, GZMB, HLA-DOB, HLA-DQA1"
Reactome: CaMK IV-mediated Phosphorylation Of CREB R-HSA-111932,0.4996755293768129,1.0,0.3333333333333333,1.0,0.2651875633781505,0.06652341683924724,10,10,10,False,False,True,"CAMK2A, CAMK2D, CAMKK1, CAMK4, KPNA2"
Reactome: Platelet Sensitization By LDL R-HSA-432142,0.49965340338526215,1.0,0.3333333333333333,1.0,0.21376003802755003,0.1178403122320939,17,17,17,False,False,True,"FGR, APOB, PTPN6, PECAM1, PPP2CB"
Reactome: Glycogen Breakdown (Glycogenolysis) R-HSA-70221,0.4995170867522844,1.0,0.3333333333333333,1.0,0.314079304775115,0.0168394623196401,14,14,14,False,False,True,"PYGM, PGM1, PHKG1, PHKA1, GAA"
KEGG: Glycosphingolipid biosynthesis,0.4994716531631232,0.9777777777777777,0.3333333333333333,1.0,0.31167893473228286,0.04123488663888859,45,45,44,False,False,True,"B3GALT2, ST8SIA1, ST6GALNAC3, B3GNT3, ST3GAL4"
Reactome: RAF-independent MAPK1/3 Activation R-HSA-112409,0.4992495840451845,1.0,0.3333333333333333,1.0,0.30343515201187443,0.026146101547381385,23,23,23,False,False,True,"DUSP7, DUSP9, DUSP10, DUSP4, MAP2K1"
Reactome: Signaling By EGFR In Cancer R-HSA-1643713,0.49922974791775454,0.9583333333333334,0.3333333333333333,1.0,0.2476216770695333,0.12352706251923912,24,24,23,False,False,True,"PIK3R1, PIK3CA, EREG, PLCG1, GRB2"
"KEGG: Valine, leucine and isoleucine degradation",0.4991811310284931,1.0,0.3333333333333333,0.9791666666666666,0.25488923370112315,0.08997475477467577,48,47,47,False,False,True,"AOX1, HADH, IL4I1, HMGCLL1, BCAT2"
Reactome: Formation Of Senescence-Associated Heterochromatin Foci (SAHF) R-HSA-2559584,0.4991073546793236,1.0,0.3333333333333333,0.6470588235294118,0.4156072516433981,0.17796873743949454,17,11,11,False,False,True,"HMGA2, HMGA1, LMNB1, ASF1A, RB1"
Reactome: Establishment Of Sister Chromatid Cohesion R-HSA-2468052,0.49908796682098255,1.0,0.3333333333333333,0.9090909090909091,0.2877325862026479,0.10922239941741635,11,10,10,False,False,True,"ESCO2, CDCA5, PMEPA1, PDS5B, ESCO1"
Reactome: Presynaptic Phase Of Homologous DNA Pairing And Strand Exchange R-HSA-5693616,0.49892735641648917,0.9736842105263158,0.3333333333333333,0.95,0.2866966812667043,0.10508922362275877,40,38,37,False,False,True,"RFC4, EXO1, RRAD, RPA3, POLR1A"
Reactome: Purine Catabolism R-HSA-74259,0.49887561214690707,0.9411764705882353,0.3333333333333333,1.0,0.21954493424469837,0.16698998923493533,17,17,16,False,False,True,"NT5C1A, GDA, NUDT5, NUDT16, NUDT18"
Reactome: Advanced Glycosylation Endproduct Receptor Signaling R-HSA-879415,0.49883586494067944,1.0,0.3333333333333333,1.0,0.2357885863136407,0.09172407172308965,13,13,13,False,False,True,"S100B, S100A12, HMGB1, APP, SAA2"
Reactome: Beta-oxidation Of Very Long Chain Fatty Acids R-HSA-390247,0.4988236127199858,1.0,0.3333333333333333,1.0,0.2013117723537035,0.12613962457955874,11,11,11,False,False,True,"ACOT4, ABCD1, EHHADH, DECR2, ACOT6"
Reactome: RUNX1 Interacts With Co-Factors Whose Precise Effect On RUNX1 Targets Is Not Known R-HSA-8939243,0.49875183494475356,0.9714285714285714,0.3333333333333333,1.0,0.22070943362536988,0.13495450300316014,35,35,34,False,False,True,"CBX2, CBX8, SMARCD3, ACTL6B, SMARCA2"
Reactome: Sensory Processing Of Sound R-HSA-9659379,0.4987317363809891,0.9857142857142858,0.3333333333333333,0.9333333333333333,0.3198320515434424,0.07144567798055083,75,70,69,False,False,True,"CACNA1D, SNAP25, KCNMA1, KCNN2, EZR"
Reactome: Branched-chain Amino Acid Catabolism R-HSA-70895,0.4986845077150539,1.0,0.3333333333333333,1.0,0.1860825879287139,0.14067328397988893,21,21,21,False,False,True,"BCKDK, BCAT2, MCCC2, MCCC1, BCKDHA"
Reactome: Nucleotide Biosynthesis R-HSA-8956320,0.4985435927243612,1.0,0.3333333333333333,0.7692307692307693,0.24070081603880955,0.25842740399325276,13,10,10,False,False,True,"UMPS, GMPS, GART, ATIC, IMPDH2"
Reactome: Fertilization R-HSA-1187000,0.4983469603402806,0.9166666666666666,0.3333333333333333,0.96,0.3990071365752396,0.03939433179283016,25,24,22,False,False,True,"CD9, ADAM20, OVGP1, ADAM2, ADAM30"
Reactome: CLEC7A (Dectin-1) Induces NFAT Activation R-HSA-5607763,0.49831625887820613,1.0,0.3333333333333333,1.0,0.2522127113050548,0.07270191641930907,11,11,11,False,False,True,"PPP3R1, ITPR1, ITPR3, PPP3CA, NFATC1"
Reactome: Sulfur Amino Acid Metabolism R-HSA-1614635,0.4981180582826088,1.0,0.3333333333333333,0.9230769230769231,0.28415366027942324,0.09746227215926162,26,24,24,False,False,True,"CDO1, VSIG2, SUOX, GOLT1A, GADL1"
Reactome: NOTCH2 Activation And Transmission Of Signal To Nucleus R-HSA-2979096,0.4980450370380878,1.0,0.3333333333333333,1.0,0.23244576981795376,0.09111274870581837,21,21,21,False,False,True,"DLL4, CNTN1, NEURL1B, NEURL1, DLL1"
Reactome: NoRC Negatively Regulates rRNA Expression R-HSA-427413,0.49794181376128116,1.0,0.6666666666666666,0.5675675675675675,0.18584864433818274,0.04485141545921399,74,42,42,False,True,True,"SAP30, SIN3A, POLR1A, TAF1A, SAP30L"
Reactome: Phosphorylation Of CD3 And TCR Zeta Chains R-HSA-202427,0.4976796661262372,0.8,0.3333333333333333,1.0,0.2920982290918051,0.22963343487271437,20,20,16,False,False,True,"CD247, PTPRJ, TARP, HLA-DQA1, HLA-DRA"
Reactome: Homologous DNA Pairing And Strand Exchange R-HSA-5693579,0.49751720849286696,0.975609756097561,0.3333333333333333,0.9534883720930233,0.28868122474223945,0.09151211588810036,43,41,40,False,False,True,"RFC4, EXO1, RRAD, RAD51AP1, RPA3"
KEGG: Primary immunodeficiency,0.49741088024278984,0.972972972972973,0.3333333333333333,0.9736842105263158,0.2628509479787103,0.10430065570086246,38,37,36,False,False,True,"IGLL1, AICDA, AIRE, BTK, ICOS"
Reactome: Infection With Mycobacterium Tuberculosis R-HSA-9635486,0.4973871250139706,1.0,0.3333333333333333,1.0,0.2764424295320486,0.04382652887113764,26,26,26,False,False,True,"ENO1, PGK1, MRC1, CTSG, TLR2"
Reactome: Protein Folding R-HSA-391251,0.49731858605935225,0.968421052631579,0.3333333333333333,0.9895833333333334,0.2518549471557712,0.10746276384274454,96,95,92,False,False,True,"GNG7, GNA14, GNG11, GNB5, GNA15"
Reactome: Glycogen Synthesis R-HSA-3322077,0.4964123400902984,0.9230769230769231,0.3333333333333333,1.0,0.26927943406383614,0.1230386766440663,13,13,12,False,False,True,"PGM1, PPP1R3C, GYS1, GYS2, GYG2"
Reactome: TP53 Regulates Metabolic Genes R-HSA-5628897,0.49641183655296844,1.0,0.3333333333333333,0.9876543209876543,0.24321529602832206,0.0814364793291128,81,80,80,False,False,True,"AKT1, PTEN, AKT3, GPX2, PRKAG3"
Reactome: Resolution Of D-loop Structures Thru Synthesis-Dependent Strand Annealing (SDSA) R-HSA-5693554,0.4963999766714796,1.0,0.3333333333333333,0.9259259259259259,0.2697066913669154,0.10118208087937154,27,25,25,False,False,True,"EXO1, RAD51AP1, BLM, RAD51, RAD50"
Reactome: Chaperonin-mediated Protein Folding R-HSA-390466,0.49624903480095,0.9662921348314607,0.3333333333333333,0.9888888888888889,0.2546768984807912,0.1019428073591646,90,89,86,False,False,True,"GNG7, GNA14, GNG11, GNB5, GNA15"
KEGG: MicroRNAs in cancer,0.49620232800534847,0.5956678700361011,0.6666666666666666,0.8935483870967742,0.2176636050061285,0.16418554132859906,310,277,165,False,True,True,"ZFPM2, MYC, ABL1, PDGFRB, PTEN"
Reactome: Resolution Of D-Loop Structures R-HSA-5693537,0.4960644326054435,0.96875,0.3333333333333333,0.9411764705882353,0.276119634309841,0.11290350910953328,34,32,31,False,False,True,"SLX4, EXO1, RAD51AP1, BLM, RAD51"
Reactome: Translocation Of ZAP-70 To Immunological Synapse R-HSA-202430,0.4960242285830902,0.7647058823529411,0.3333333333333333,1.0,0.2744251957433937,0.27432339815244955,17,17,13,False,False,True,"CD247, TARP, HLA-DQA1, HLA-DRA, ZAP70"
Reactome: Resolution Of D-loop Structures Thru Holliday Junction Intermediates R-HSA-5693568,0.49593327238746204,0.967741935483871,0.3333333333333333,0.9393939393939394,0.2797623675034779,0.11094993773783966,33,31,30,False,False,True,"SLX4, EXO1, RAD51AP1, BLM, RAD51"
Reactome: Membrane Binding And Targetting Of GAG Proteins R-HSA-174490,0.4959316224831774,1.0,0.3333333333333333,1.0,0.2300857515868504,0.08290569416237,15,15,15,False,False,True,"SGIP1, MVB12B, NMT2, UBAP1, VPS37D"
Reactome: Scavenging Of Heme From Plasma R-HSA-2168880,0.4957901236276549,0.9090909090909091,0.3333333333333333,0.9166666666666666,0.39599002373941083,0.06970301864128807,12,11,10,False,False,True,"CD163, C1D, DLC1, HPR, HPX"
Reactome: NOD1/2 Signaling Pathway R-HSA-168638,0.49575035002406737,0.9696969696969697,0.3333333333333333,1.0,0.2727178630408648,0.06967025071583559,33,33,32,False,False,True,"CASP1, MAP2K6, MAPK11, MAPK13, IRAK1"
KEGG: N-Glycan biosynthesis,0.49565980883961147,0.9591836734693877,0.3333333333333333,0.98,0.24925694521876737,0.11819175884323531,50,49,47,False,False,True,"ST6GAL2, MGAT4C, ALG12, MAN1C1, MAN1A1"
Reactome: Defective HDR Thru Homologous Recombination (HRR) Due To BRCA1 Loss-Of-Function R-HSA-9701192,0.4955474608400625,1.0,0.3333333333333333,0.92,0.2737956993976615,0.09727493813598427,25,23,23,False,False,True,"EXO1, RAD51AP1, BLM, RAD51, RAD50"
Reactome: SHC1 Events In EGFR Signaling R-HSA-180336,0.4955004379439503,0.9230769230769231,0.3333333333333333,1.0,0.21327708208632018,0.17448151788984176,13,13,12,False,False,True,"EREG, GRB2, AREG, TGFA, SHC1"
Reactome: TAK1-dependent IKK And NF-kappa-B Activation R-HSA-445989,0.4950539476716419,1.0,0.3333333333333333,1.0,0.23252662302934132,0.07607644866220156,45,45,45,False,False,True,"S100B, NFKBIA, USP18, IRAK1, RIPK2"
Reactome: SUMOylation Of DNA Replication Proteins R-HSA-4615885,0.4948269643189663,0.9767441860465116,0.3333333333333333,0.9555555555555556,0.27580800694627716,0.08824929526870944,45,43,42,False,False,True,"BIRC5, UBE2I, PIAS3, AURKB, AURKA"
Reactome: Diseases Of Mitotic Cell Cycle R-HSA-9675126,0.4947716068000232,0.9736842105263158,0.3333333333333333,1.0,0.27650691756173773,0.05700023924539573,38,38,37,False,False,True,"E2F1, CCND2, UBE2C, E2F2, ANAPC11"
Reactome: Constitutive Signaling By NOTCH1 HD Domain Mutants R-HSA-2691232,0.4946865360056781,1.0,0.3333333333333333,1.0,0.23193081464292442,0.07483519871879929,15,15,15,False,False,True,"DLL4, NEURL1B, NEURL1, DLL1, MIB2"
Reactome: Defective Homologous Recombination Repair (HRR) Due To BRCA2 Loss Of Function R-HSA-9701190,0.49463889243427467,0.9743589743589743,0.3333333333333333,0.9512195121951219,0.2809534301202837,0.08780075687910704,41,39,38,False,False,True,"RFC4, EXO1, RRAD, RAD51AP1, RPA3"
Reactome: Cyclin A/B1/B2 Associated Events During G2/M Transition R-HSA-69273,0.49460855488593014,1.0,0.3333333333333333,1.0,0.250703412793516,0.055672694969468105,25,25,25,False,False,True,"CCNB2, FOXM1, CDC25C, PKMYT1, PLK1"
Reactome: Acyl Chain Remodelling Of PI R-HSA-1482922,0.4944075994009477,0.9375,0.3333333333333333,0.9411764705882353,0.29170866677145224,0.12028031062544313,17,16,15,False,False,True,"PLA2R1, PLA2G2A, PLA2G4C, PLA2G4F, PLBD1"
Reactome: Metalloprotease DUBs R-HSA-5689901,0.49434311576892265,1.0,0.6666666666666666,0.5483870967741935,0.13472513105080597,0.09236679187982841,31,17,17,False,True,True,"NLRP3, BRCA1, STAMBPL1, STAMBP, PSMD14"
Reactome: Formation Of Tubulin Folding Intermediates By CCT/TriC R-HSA-389960,0.4943250770172566,1.0,0.3333333333333333,1.0,0.23013877857000653,0.07481993984960958,26,26,26,False,False,True,"TUBA8, TUBAL3, TUBB6, TUBB4A, TUBA1A"
Reactome: Aberrant Regulation Of Mitotic Cell Cycle Due To RB1 Defects R-HSA-9687139,0.4942532756071107,0.9722222222222222,0.3333333333333333,1.0,0.28483550584253614,0.04754198330412829,36,36,35,False,False,True,"E2F1, CCND2, UBE2C, E2F2, ANAPC11"
Reactome: Cytosolic Iron-Sulfur Cluster Assembly R-HSA-2564830,0.4939599868111467,1.0,0.3333333333333333,0.8333333333333334,0.2247035212457639,0.20342974614330317,12,10,10,False,False,True,"NUBP2, NDOR1, BRIP1, POLD1, ERCC2"
Reactome: Interferon Gamma Signaling R-HSA-877300,0.49376387800404303,0.9318181818181818,0.3333333333333333,0.9887640449438202,0.28467167414332906,0.09408983368417238,89,88,82,False,False,True,"CAMK2A, PTAFR, TRIM2, IRF7, FCGR1A"
Reactome: Inhibition Of Replication Initiation Of Damaged DNA By RB1/E2F1 R-HSA-113501,0.4937094292140627,1.0,0.3333333333333333,1.0,0.2644397189825101,0.03744076042113652,13,13,13,False,False,True,"E2F1, PRIM1, RB1, PPP2CB, POLA2"
Reactome: GRB2 Events In EGFR Signaling R-HSA-179812,0.49367977086620096,0.9166666666666666,0.3333333333333333,1.0,0.2125861576604568,0.17247936333721495,12,12,11,False,False,True,"EREG, GRB2, AREG, TGFA, EGFR"
Reactome: Amyloid Fiber Formation R-HSA-977225,0.493514270649463,0.9803921568627451,0.3333333333333333,0.6455696202531646,0.34707961976454516,0.23925569476348477,79,51,50,False,False,True,"SNCAIP, LYZ, TSPAN5, BACE1, UBE2L6"
"Reactome: Cobalamin (Cbl, Vitamin B12) Transport And Metabolism R-HSA-196741",0.4934749239254743,0.9473684210526315,0.3333333333333333,0.9047619047619048,0.26488488312136044,0.1598832202152843,21,19,18,False,False,True,"LRP2, CUBN, TCN1, PRSS58, PRSS3"
Reactome: Amino Acids Regulate mTORC1 R-HSA-9639288,0.4934323393283608,1.0,0.3333333333333333,0.9272727272727272,0.26743776084226356,0.08760272367832873,55,51,51,False,False,True,"ATP6V1B2, ATP6V0B, ATP6V1B1, ATP6V0D2, RRAGD"
Reactome: ALK Mutants Bind TKIs R-HSA-9700645,0.49320861868227583,1.0,0.3333333333333333,1.0,0.2559780809008078,0.04339834584390468,12,12,12,False,False,True,"BCL11A, HIP1, FN1, ALK, EML4"
Reactome: NOTCH3 Activation And Transmission Of Signal To Nucleus R-HSA-9013507,0.49311748868530053,1.0,0.3333333333333333,1.0,0.22408557804103676,0.07483519871879929,25,25,25,False,False,True,"DLL4, NEURL1B, NOTCH3, TACC3, NEURL1"
Reactome: Metabolism Of Porphyrins R-HSA-189445,0.493020732781872,0.9642857142857143,0.3333333333333333,1.0,0.27769467642376056,0.056456606533218226,28,28,27,False,False,True,"ABCG2, SLCO2B1, SLCO1B1, HMOX1, ABCC2"
Reactome: Peroxisomal Lipid Metabolism R-HSA-390918,0.4929377327771767,1.0,0.3333333333333333,1.0,0.20291051828824846,0.09511147893096818,29,29,29,False,False,True,"ACOX2, ACOT4, CROT, NUDT7, KRTAP11-1"
Reactome: FOXO-mediated Transcription Of Cell Death Genes R-HSA-9614657,0.49290786942278847,1.0,0.3333333333333333,1.0,0.2793145988401129,0.018558081607162526,16,16,16,False,False,True,"CITED2, DDIT3, FOXO1, NFYB, FOXO4"
Reactome: Regulation Of IFNA/IFNB Signaling R-HSA-912694,0.4928577988390912,0.96,0.3333333333333333,1.0,0.2888314788902925,0.048790848638497,25,25,24,False,False,True,"IFNA7, USP18, IFNB1, IFNA1, IFNA5"
Reactome: Zinc Transporters R-HSA-435354,0.49267844094446517,1.0,0.3333333333333333,1.0,0.21379149972240152,0.08293403833325734,17,17,17,False,False,True,"SLC30A8, SLC30A2, SLC39A2, SLC39A8, SLC39A14"
Reactome: RNA Polymerase I Promoter Clearance R-HSA-73854,0.49228070845746447,1.0,0.6666666666666666,0.5897435897435898,0.14439608329187612,0.041366433354420404,78,46,46,False,True,True,"MTA2, CHD4, DPEP3, POLR1A, TAF1A"
Reactome: Synthesis Of PIPs At Plasma Membrane R-HSA-1660499,0.49202717157598735,0.9803921568627451,0.3333333333333333,1.0,0.2622274366120336,0.05084959773849118,51,51,50,False,False,True,"PTEN, PIK3R1, PIK3CA, PIP5K1B, PLEKHA5"
Reactome: Interleukin-37 Signaling R-HSA-9008059,0.4918442886733754,1.0,0.3333333333333333,0.9523809523809523,0.24996365006738994,0.078305412347106,21,20,20,False,False,True,"CASP1, PTPN5, PTPN2, IL18BP, PTPN13"
Reactome: ATF4 Activates Genes In Response To Endoplasmic Reticulum Stress R-HSA-380994,0.49166464916524816,1.0,0.3333333333333333,1.0,0.22516907004455036,0.06648750911502385,27,27,27,False,False,True,"CCL2, EXOSC5, ATF3, CXCL8, DDIT3"
"Reactome: BMAL1:CLOCK,NPAS2 Activates Circadian Gene Expression R-HSA-1368108",0.4916123595182051,1.0,0.3333333333333333,0.8888888888888888,0.30722632263086985,0.06750214162682235,27,24,24,False,False,True,"F7, BHLHE41, TBL1X, KLF15, NLRP3"
Reactome: EPHB-mediated Forward Signaling R-HSA-3928662,0.49159205375993087,0.9393939393939394,0.3333333333333333,0.9705882352941176,0.2560499595950835,0.11790852667337645,34,33,31,False,False,True,"FYN, WASL, RNASE1, GPRIN1, GRIN2B"
Reactome: Butyrophilin (BTN) Family Interactions R-HSA-8851680,0.49139497045359565,1.0,0.3333333333333333,1.0,0.19577925692483747,0.09452892867647404,12,12,12,False,False,True,"BTNL9, BTN1A1, CD209, BTNL8, PPL"
Reactome: Drug ADME R-HSA-9748784,0.49131389782038376,0.8876404494382022,0.3333333333333333,0.9368421052631579,0.34231353035011514,0.10731726369956637,95,89,79,False,False,True,"BCHE, ABCG2, GGT5, ABCB1, SLCO2B1"
Reactome: TP53 Regulates Transcription Of Cell Cycle Genes R-HSA-6791312,0.4912125835291819,1.0,0.3333333333333333,0.9795918367346939,0.27766992105945854,0.027032452368763973,49,48,48,False,False,True,"E2F1, CNOT4, AURKA, CDC25C, E2F8"
Reactome: RNA Polymerase I Transcription R-HSA-73864,0.49116094214782474,1.0,0.6666666666666666,0.5822784810126582,0.14439608329187612,0.041366433354420404,79,46,46,False,True,True,"MTA2, CHD4, DPEP3, POLR1A, TAF1A"
"Reactome: Sensory Perception Of Sweet, Bitter, And Umami (Glutamate) Taste R-HSA-9717207",0.49111477337317583,0.8780487804878049,0.3333333333333333,1.0,0.29658256707630437,0.11427585263510318,41,41,36,False,False,True,"SCN2B, SCN4B, TAS2R38, TAS1R1, TAS2R5"
Reactome: PERK Regulates Gene Expression R-HSA-381042,0.49103760883774544,1.0,0.3333333333333333,1.0,0.23485046868323944,0.053670908838821085,32,32,32,False,False,True,"CCL2, EIF2S2, EXOSC5, ATF3, CXCL8"
Reactome: CTNNB1 S33 Mutants Not Phosphorylated R-HSA-5358747,0.49042336990805346,1.0,0.3333333333333333,1.0,0.19878466807577594,0.08666551479782465,15,15,15,False,False,True,"PROC, AMER1, AXIN1, CTNNB1, PPP2CB"
Reactome: Purine Salvage R-HSA-74217,0.4902934395853092,1.0,0.3333333333333333,1.0,0.24335701389764083,0.04144351736223818,13,13,13,False,False,True,"AMPD3, ADAL, AMPD1, HPRT1, ADK"
Reactome: AKT Phosphorylates Targets In Cytosol R-HSA-198323,0.49007264678374984,1.0,0.3333333333333333,1.0,0.23563225342124017,0.048064313830842344,14,14,14,False,False,True,"AKT1, AKT3, CDKN1B, AKT1S1, CDKN1A"
KEGG: Fanconi anemia pathway,0.49003318395195444,0.9791666666666666,0.3333333333333333,0.8888888888888888,0.2713088164402784,0.11635710331949399,54,48,47,False,False,True,"POLN, SLX4, FANCB, UBE2T, RPA3"
Reactome: Synthesis Of Substrates In N-glycan Biosythesis R-HSA-446219,0.48993319595678564,0.9836065573770492,0.3333333333333333,0.9682539682539683,0.29150921671804547,0.03169306283169081,63,61,60,False,False,True,"ST6GAL2, RENBP, ST8SIA1, ST6GALNAC3, ST3GAL4"
Reactome: HSF1 Activation R-HSA-3371511,0.4898642422086868,0.9655172413793104,0.3333333333333333,1.0,0.25478590227170794,0.062351400725748775,29,29,28,False,False,True,"COL4A6, DNAJB1, HSPA6, RPA3, POLR1A"
Reactome: Maturation Of Nucleoprotein R-HSA-9683610,0.48975930758526454,1.0,0.3333333333333333,1.0,0.20525700506263106,0.07687286619702477,12,12,12,False,False,True,"UBE2I, PARP14, PARP16, PARP9, PARP6"
Reactome: Interactions Of Vpr With Host Cellular Proteins R-HSA-176033,0.4896745855846299,1.0,0.3333333333333333,0.9473684210526315,0.22940306849571573,0.09177687697129337,38,36,36,False,False,True,"HMGA1, SGIP1, NUP37, NUP155, NUP85"
Reactome: Transcription Of E2F Targets Under Negative Control By P107 (RBL1) And P130 (RBL2) In Complex With HDAC1 R-HSA-1362300,0.4895939329320335,1.0,0.3333333333333333,1.0,0.26321867779501423,0.01808432019848641,16,16,16,False,False,True,"MYBL2, E2F1, RBL2, E2F5, LIN54"
Reactome: TRAF6 Mediated IRF7 Activation R-HSA-933541,0.4895471645789405,0.9629629629629629,0.3333333333333333,0.9642857142857143,0.31344102298831455,0.03145088456247259,28,27,26,False,False,True,"IFNA7, IRF7, IFNB1, IFNA1, TRAF6"
Reactome: Nuclear Pore Complex (NPC) Disassembly R-HSA-3301854,0.4895057655592681,1.0,0.3333333333333333,0.9444444444444444,0.23242161214223309,0.09010721565410751,36,34,34,False,False,True,"CCNB2, NUP37, NUP155, NEK9, NUP85"
Reactome: Antiviral Mechanism By IFN-stimulated Genes R-HSA-1169410,0.4894549628605401,0.975,0.3333333333333333,0.963855421686747,0.2521996251779075,0.08051695619306609,83,80,78,False,False,True,"NEDD4, EIF4A3, USP18, ISG15, SGIP1"
Reactome: Sensory Processing Of Sound By Outer Hair Cells Of Cochlea R-HSA-9662361,0.48939120792396396,0.9791666666666666,0.3333333333333333,0.9056603773584906,0.28783128381597656,0.08404613945164204,53,48,47,False,False,True,"KCNMA1, KCNN2, EZR, USH1G, ESPN"
Reactome: TBC/RABGAPs R-HSA-8854214,0.4893174118298938,1.0,0.3333333333333333,0.9555555555555556,0.21050657632720324,0.1027471494889326,45,43,43,False,False,True,"RAB33B, RABGEF1, RAB5C, OPTN, TBC1D10C"
Reactome: Activation Of Gene Expression By SREBF (SREBP) R-HSA-2426168,0.48929977264841584,0.9761904761904762,0.3333333333333333,1.0,0.2461163088366355,0.05752541154830073,42,42,41,False,False,True,"TBL1X, SCD, SC5D, HMGCR, LMBR1"
Reactome: Metabolism Of Cofactors R-HSA-8978934,0.48914784825290947,1.0,0.3333333333333333,1.0,0.24618476563804684,0.032887808959834015,19,19,19,False,False,True,"AKT1, TACR1, PTS, COQ3, GCHFR"
Reactome: Glyoxylate Metabolism And Glycine Degradation R-HSA-389661,0.4887206940827561,0.967741935483871,0.3333333333333333,1.0,0.21924985907559683,0.08994500918764621,31,31,30,False,False,True,"PDHA2, GLDC, AGXT, DAO, AGXT2"
Reactome: Synthesis Of Leukotrienes (LT) And Eoxins (EX) R-HSA-2142691,0.48859229726051523,0.9047619047619048,0.3333333333333333,1.0,0.2873621837584771,0.0841707311155277,21,21,19,False,False,True,"GGT5, GGT1, ALOX5, ALOX5AP, CYP4F22"
Reactome: KSRP (KHSRP) Binds And Destabilizes mRNA R-HSA-450604,0.4885738469613307,1.0,0.3333333333333333,1.0,0.209715059024963,0.06648750911502385,17,17,17,False,False,True,"AKT1, MAPK11, EXOSC5, EXOSC6, EXOSC7"
Reactome: Fatty Acid Metabolism R-HSA-8978868,0.48838896559247436,0.9759036144578314,0.3333333333333333,0.9595375722543352,0.28151174685474895,0.04820962079237328,173,166,162,False,False,True,"PTGIS, PTGDS, CYP1B1, GGT5, ELOVL4"
Reactome: Biosynthesis Of N-glycan Precursor (Dolichol LLO) And Transfer To Protein R-HSA-446193,0.4877519076332437,0.96,0.3333333333333333,0.974025974025974,0.27295600906186124,0.05861738191821047,77,75,72,False,False,True,"ST6GAL2, RENBP, ST8SIA1, ALG12, ST6GALNAC3"
Reactome: Insulin Processing R-HSA-264876,0.4877272707351684,1.0,0.3333333333333333,0.8888888888888888,0.26712931447169574,0.08817370587081323,27,24,24,False,False,True,"SLC30A8, CPE, KIF5A, INS, KIF5C"
Reactome: Heme Signaling R-HSA-9707616,0.48759468304721554,0.9545454545454546,0.3333333333333333,0.9777777777777777,0.2672200328488435,0.06620792784177958,45,44,42,False,False,True,"LY96, MEF2C, TBL1X, TLR4, RORA"
KEGG: Citrate cycle (TCA cycle),0.4873192683541731,1.0,0.3333333333333333,1.0,0.2093676847880843,0.06056199031611454,30,30,30,False,False,True,"PDHA2, SDHB, PC, PCK2, PCK1"
Reactome: ERKs Are Inactivated R-HSA-202670,0.48728295113531644,1.0,0.3333333333333333,1.0,0.19006437340134838,0.07968371560856687,13,13,13,False,False,True,"DUSP7, DUSP4, PPP2CB, DUSP3, MAPK3"
Reactome: IRAK2 Mediated Activation Of TAK1 Complex Upon TLR7/8 Or 9 Stimulation R-HSA-975163,0.4870902498764115,0.9333333333333333,0.3333333333333333,1.0,0.21457675367792384,0.12087449570413329,15,15,14,False,False,True,"LY96, TLR4, TRAF6, IRAK2, TAB2"
KEGG: SNARE interactions in vesicular transport,0.48708694935714864,1.0,0.3333333333333333,1.0,0.2107267670256296,0.05804131309344681,33,33,33,False,False,True,"VAMP8, STX17, STX18, STX1A, STX4"
"Reactome: PTK6 Regulates RHO GTPases, RAS GTPase And MAP Kinases R-HSA-8849471",0.4869211476214511,1.0,0.3333333333333333,1.0,0.1934411468210749,0.07449792461951364,13,13,13,False,False,True,"RNASE1, BCAR1, DOCK1, RHOA, PTK6"
Reactome: Chaperone Mediated Autophagy R-HSA-9613829,0.4865818269233253,1.0,0.3333333333333333,1.0,0.2093515152298608,0.056890952720098996,20,20,20,False,False,True,"PLIN2, RNASE1, CETN1, CFTR, HSP90AB1"
Reactome: RNA Polymerase III Transcription Initiation R-HSA-76046,0.48654047727453503,1.0,0.3333333333333333,1.0,0.1595202317766751,0.10651548792933342,35,35,35,False,False,True,"SNAPC4, GTF3C4, POLR2H, BDP1, POLR2K"
Reactome: Beta-catenin Phosphorylation Cascade R-HSA-196299,0.4864018228976547,1.0,0.3333333333333333,1.0,0.20245682391460953,0.06288562390699728,17,17,17,False,False,True,"PROC, AMER1, FRAT2, AXIN1, CTNNB1"
Reactome: Caspase Activation Via Dependence Receptors In Absence Of Ligand R-HSA-418889,0.48638571272413056,1.0,0.3333333333333333,1.0,0.18091927839425445,0.08434261855973144,10,10,10,False,False,True,"UNC5A, DAPK1, MAGED1, DAPK3, UNC5B"
Reactome: Interferon Signaling R-HSA-913531,0.48628805425724364,0.9540816326530612,0.3333333333333333,0.98,0.2671978473413167,0.058494124625173616,200,196,187,False,False,True,"CAMK2A, BST2, IFNA7, PTAFR, TRIM2"
Reactome: Nonhomologous End-Joining (NHEJ) R-HSA-5693571,0.48628177104886716,0.9666666666666667,0.6666666666666666,0.5882352941176471,0.16271515095481356,0.02751723370128702,51,30,29,False,True,True,"RNF168, RAD50, BRCA1, LIG4, XRCC4"
Reactome: APC Truncation Mutants Have Impaired AXIN Binding R-HSA-5467337,0.48613786576687673,1.0,0.3333333333333333,1.0,0.18084804696452134,0.08317461520319575,14,14,14,False,False,True,"PROC, AMER1, AXIN1, PPP2CB, CSNK1A1"
Reactome: p38MAPK Events R-HSA-171007,0.4860498459665226,1.0,0.3333333333333333,1.0,0.18023008397707765,0.08335247918886883,12,12,12,False,False,True,"MAPK11, MAPK13, MAPK12, NRAS, MAPKAPK3"
Reactome: Response Of Mtb To Phagocytosis R-HSA-9637690,0.48598896374532474,1.0,0.3333333333333333,1.0,0.23557719907387176,0.027700952986085166,22,22,22,False,False,True,"ENO1, PGK1, CTSG, RNF213, ATP6V1H"
Reactome: Glycogen Storage Diseases R-HSA-3229121,0.48598160802283485,0.9285714285714286,0.3333333333333333,0.9333333333333333,0.2444487269987311,0.14022121787734831,15,14,13,False,False,True,"PPP1R3C, GYS1, GAA, G6PC3, GYS2"
KEGG: One carbon pool by folate,0.48591123025026933,1.0,0.3333333333333333,0.9,0.21395197677004915,0.12393750781463081,20,18,18,False,False,True,"TYMS, MTHFD2, MTHFD1L, GART, ATIC"
Reactome: Telomere Extension By Telomerase R-HSA-171319,0.4856592754865777,1.0,0.3333333333333333,1.0,0.20292732848324624,0.05870238228297574,23,23,23,False,False,True,"TERT, NOP10, RUVBL1, PIF1, NHP2"
Reactome: SARS-CoV-2 Activates/Modulates Innate And Adaptive Immune Responses R-HSA-9705671,0.48564036696927315,0.991304347826087,0.3333333333333333,0.9504132231404959,0.24702164265521614,0.060399260343023585,121,115,114,False,False,True,"MASP1, IFNA7, NLRP12, TLR8, IRF7"
Reactome: Vpr-mediated Nuclear Import Of PICs R-HSA-180910,0.4856375688834338,1.0,0.3333333333333333,0.9428571428571428,0.21510593561213026,0.0892723849955146,35,33,33,False,False,True,"HMGA1, SGIP1, NUP37, NUP155, NUP85"
Reactome: TRAF6-mediated Induction Of TAK1 Complex Within TLR4 Complex R-HSA-937072,0.4855146398132571,0.9375,0.3333333333333333,1.0,0.2002225425756567,0.12318398982396225,16,16,15,False,False,True,"LY96, TLR4, TRAF6, IRAK2, TAB2"
Reactome: Signaling By Hippo R-HSA-2028269,0.4854597611842835,1.0,0.3333333333333333,1.0,0.21754055255185598,0.04309158670289494,20,20,20,False,False,True,"TJP1, YAP1, AMOTL2, WWTR1, WWC1"
Reactome: Assembly Of HIV Virion R-HSA-175474,0.48542701172843394,1.0,0.3333333333333333,0.9444444444444444,0.20976826676234128,0.09236679187982841,18,17,17,False,False,True,"SGIP1, MVB12B, NMT2, UBAP1, VPS37D"
Reactome: Intra-Golgi Traffic R-HSA-6811438,0.4853983825125897,0.9512195121951219,0.3333333333333333,0.9761904761904762,0.2759924234968419,0.050970453061460974,42,41,39,False,False,True,"RAB30, MAN1C1, RAB33B, ALPP, CYTH3"
Reactome: TP53 Regulates Transcription Of Genes Involved In G2 Cell Cycle Arrest R-HSA-6804114,0.4851825890046019,1.0,0.3333333333333333,1.0,0.2423297342755527,0.016916544080790245,18,18,18,False,False,True,"AURKA, CDC25C, RBL2, CCNB1, PCNA"
Reactome: APC/C:Cdc20 Mediated Degradation Of Cyclin B R-HSA-174048,0.48512450627912285,0.9583333333333334,0.3333333333333333,1.0,0.22717793495070232,0.07344459644491162,24,24,23,False,False,True,"UBE2C, CDC20, ANAPC11, ANAPC4, ANAPC2"
Reactome: IRAK1 Recruits IKK Complex R-HSA-937039,0.4848361533637915,1.0,0.3333333333333333,1.0,0.1937574817704773,0.06375661838181332,10,10,10,False,False,True,"IRAK1, PELI2, TRAF6, PELI3, IKBKG"
Reactome: Mitotic Telophase/Cytokinesis R-HSA-68884,0.48481556115085056,1.0,0.3333333333333333,0.9230769230769231,0.22439961234869713,0.0907038344311966,13,12,12,False,False,True,"KIF20A, PLK1, PMEPA1, KIF23, PDS5B"
Reactome: Disassembly Of Destruction Complex And Recruitment Of AXIN To Membrane R-HSA-4641262,0.48455677685568227,1.0,0.3333333333333333,1.0,0.21224356725660046,0.04387365035514425,29,29,29,False,False,True,"CAV1, PROC, FZD2, AMER1, FRAT2"
Reactome: Postmitotic Nuclear Pore Complex (NPC) Reformation R-HSA-9615933,0.4844119990972798,1.0,0.3333333333333333,0.9629629629629629,0.216950403054337,0.06622070354317293,27,26,26,False,False,True,"UBE2I, NUP37, NUP155, RCC1, NUP85"
Reactome: Golgi Cisternae Pericentriolar Stack Reorganization R-HSA-162658,0.4843914017372562,1.0,0.3333333333333333,1.0,0.22645289959064382,0.02883744242897036,14,14,14,False,False,True,"CCNB2, PLK1, CCNB1, CDK1, USO1"
Reactome: RUNX3 Regulates NOTCH Signaling R-HSA-8941856,0.484391081141103,1.0,0.3333333333333333,0.9285714285714286,0.21777021690831608,0.0910899507019612,14,13,13,False,False,True,"MAML3, RUNX3, MAMLD1, RBPJ, CREBBP"
Reactome: RNA Polymerase III Transcription Initiation From Type 2 Promoter R-HSA-76066,0.4841814023886767,1.0,0.3333333333333333,1.0,0.15161103165631862,0.10262931362039807,26,26,26,False,False,True,"GTF3C4, POLR2H, BDP1, POLR2K, POLR3F"
Reactome: Defects In Cobalamin (B12) Metabolism R-HSA-3296469,0.4839875970031408,1.0,0.3333333333333333,0.8461538461538461,0.18293749167917533,0.1857184420544775,13,11,11,False,False,True,"CUBN, MMACHC, MMADHC, MTRR, LMBRD1"
Reactome: Alpha-Linolenic (Omega3) And Linoleic (Omega6) Acid Metabolism R-HSA-2046104,0.48398133797697446,1.0,0.3333333333333333,1.0,0.20941587607212725,0.04382414714607808,13,13,13,False,False,True,"ELOVL3, FADS2, ACSL1, ABCD1, ACOX1"
Reactome: Attenuation Phase R-HSA-3371568,0.48397909476573986,0.9615384615384616,0.3333333333333333,1.0,0.26352072485256633,0.02816962077100438,26,26,25,False,False,True,"COL4A6, DNAJB1, HSPA6, HSPA2, HSPH1"
Reactome: APC-Cdc20 Mediated Degradation Of Nek2A R-HSA-179409,0.4838675813628834,0.9615384615384616,0.3333333333333333,1.0,0.2563167093168063,0.03481606929248238,26,26,25,False,False,True,"NEK2, UBE2C, CDC20, ANAPC11, ANAPC4"
Reactome: RNA Polymerase III Transcription Initiation From Type 3 Promoter R-HSA-76071,0.48359127844106825,1.0,0.3333333333333333,1.0,0.14470043710259942,0.1065892884360751,27,27,27,False,False,True,"SNAPC4, POLR2H, BDP1, POLR2K, POLR3F"
Reactome: Mitochondrial Translation Initiation R-HSA-5368286,0.4835689124581143,1.0,0.3333333333333333,0.9878048780487805,0.19026448406538005,0.07005975302193948,82,81,81,False,False,True,"MRPL37, MRPS34, MRPS30, MRPS7, MRPL4"
Reactome: Positive Epigenetic Regulation Of rRNA Expression R-HSA-5250913,0.4834875252404567,0.9761904761904762,0.6666666666666666,0.5675675675675675,0.14298434622760164,0.039253794775196714,74,42,41,False,True,True,"MTA2, CHD4, DPEP3, POLR1A, TAF1A"
Reactome: RIP-mediated NFkB Activation Via ZBP1 R-HSA-1810476,0.4833581803252877,1.0,0.3333333333333333,1.0,0.17133717550914668,0.07878705945062518,17,17,17,False,False,True,"NFKBIA, ZBP1, NFKBIB, MYD88, NFKB1"
Reactome: Processing Of Capped Intronless Pre-mRNA R-HSA-75067,0.4831470078796447,0.9655172413793104,0.3333333333333333,1.0,0.19705406752049526,0.08649706383175147,29,29,28,False,False,True,"CPSF1, CSTF2T, LSM11, COLEC12, SNRPD3"
Reactome: Fanconi Anemia Pathway R-HSA-6783310,0.48309463967702776,0.9696969696969697,0.3333333333333333,0.868421052631579,0.2618943453491556,0.11589942719866259,38,33,32,False,False,True,"POLN, SLX4, FANCB, UBE2T, RPA3"
Reactome: Glycogen Metabolism R-HSA-8982491,0.48296702839623223,0.9583333333333334,0.3333333333333333,1.0,0.26182318884158695,0.02801195313957389,24,24,23,False,False,True,"PYGM, PGM1, PPP1R3C, PHKG1, PHKA1"
Reactome: Eicosanoids R-HSA-211979,0.48272112437416737,0.9166666666666666,0.3333333333333333,1.0,0.28453288609115623,0.04573940244634745,12,12,11,False,False,True,"PTGIS, TBXAS1, CYP4F22, CYP4F12, CYP4F11"
KEGG: Glycosylphosphatidylinositol (GPI)-anchor biosynthesis,0.48268274717839604,1.0,0.3333333333333333,1.0,0.17249704309336833,0.0742500261319452,26,26,26,False,False,True,"PIGA, PIGN, PIGS, GPLD1, PIGH"
Reactome: Activation Of IRF3/IRF7 Mediated By TBK1/IKK Epsilon R-HSA-936964,0.4826176354885911,0.9411764705882353,0.3333333333333333,1.0,0.21760879716695453,0.08763624302109918,17,17,16,False,False,True,"LY96, IRF7, TLR4, IKBKE, TBK1"
Reactome: Carboxyterminal Post-Translational Modifications Of Tubulin R-HSA-8955332,0.48258126732796397,0.9743589743589743,0.3333333333333333,0.9512195121951219,0.21793070461614816,0.09053535685168883,41,39,38,False,False,True,"TPGS1, TTLL13, TTLL2, TUBB6, TUBB4A"
Reactome: Negative Regulation Of MAPK Pathway R-HSA-5675221,0.4822368906688026,1.0,0.3333333333333333,1.0,0.18053428794989299,0.06398349872745324,41,41,41,False,False,True,"DUSP7, DUSP9, DUSP10, DUSP4, RNASE3"
Reactome: ZBP1(DAI) Mediated Induction Of Type I IFNs R-HSA-1606322,0.482230895606219,1.0,0.3333333333333333,1.0,0.1637132859711788,0.08077452539324967,21,21,21,False,False,True,"NFKBIA, ZBP1, NFKBIB, MYD88, TBK1"
Reactome: Interleukin-12 Family Signaling R-HSA-447115,0.4821170681696236,0.9811320754716981,0.3333333333333333,0.9814814814814815,0.22738413720376036,0.04929135039488131,54,53,52,False,False,True,"S100A9, TALDO1, EBI3, CA1, IL12B"
Reactome: Mitochondrial Translation Termination R-HSA-5419276,0.4820985890924981,1.0,0.3333333333333333,0.9878048780487805,0.18414212328489715,0.06883049697434107,82,81,81,False,False,True,"MRPL37, MRPS34, MRPS30, MRPS7, MRPL4"
Reactome: SUMOylation Of Immune Response Proteins R-HSA-4755510,0.48195650574278315,0.9090909090909091,0.3333333333333333,1.0,0.26129179602954183,0.07273315692679805,11,11,10,False,False,True,"UBE2I, NFKBIA, PIAS3, IKBKE, NFKB2"
Reactome: Cargo Trafficking To Periciliary Membrane R-HSA-5620920,0.48192612721955363,0.98,0.3333333333333333,1.0,0.2038563265239082,0.0591076429071931,50,50,49,False,False,True,"RHO, MCHR1, CNGB1, BBS5, BBS2"
Reactome: mRNA Decay By 5 To 3 Exoribonuclease R-HSA-430039,0.4819002069733921,1.0,0.3333333333333333,1.0,0.15949820030623763,0.08333616789405611,15,15,15,False,False,True,"PATL1, LSM4, LSM7, LSM3, EDC3"
KEGG: Fatty acid biosynthesis,0.4817394902145726,1.0,0.3333333333333333,0.9444444444444444,0.25038986644638406,0.033307584626478925,18,17,17,False,False,True,"ACSBG1, CBR4, ACSL5, ACSL1, ACSL3"
Reactome: Regulation Of FOXO Transcriptional Activity By Acetylation R-HSA-9617629,0.4816853500998504,1.0,0.3333333333333333,1.0,0.21235867312521625,0.029401410707369076,10,10,10,False,False,True,"TXNIP, FOXO1, FOXO4, SIRT1, CREBBP"
Reactome: HDR Thru MMEJ (alt-NHEJ) R-HSA-5685939,0.48164987971392237,1.0,0.3333333333333333,0.9166666666666666,0.21071493651034842,0.093367795392597,12,11,11,False,False,True,"FEN1, RAD50, POLK, PARP2, XRCC1"
KEGG: Propanoate metabolism,0.4816323630125733,1.0,0.3333333333333333,0.9705882352941176,0.2149856165954133,0.04856835533019834,34,33,33,False,False,True,"ACSS3, ACAT2, LDHC, LDHA, ABAT"
Reactome: RNA Polymerase III Abortive And Retractive Initiation R-HSA-749476,0.48154070790654135,1.0,0.3333333333333333,0.975,0.1664959011578773,0.09329097170816276,40,39,39,False,False,True,"SNAPC4, GTF3C4, NFIA, POLR2H, BDP1"
KEGG: Lysine degradation,0.4815391551170444,1.0,0.3333333333333333,0.9206349206349206,0.2404635628508798,0.0600893555914855,63,58,58,False,False,True,"HADH, AADAT, AASS, MECOM, PRDM6"
Reactome: Translocation Of SLC2A4 (GLUT4) To Plasma Membrane R-HSA-1445148,0.4812746061547133,1.0,0.3333333333333333,1.0,0.17701448281527704,0.06269188129162273,51,51,51,False,False,True,"AKT1, PRKAG3, SLC2A4, RNASE1, TBC1D4"
Reactome: Constitutive Signaling By Overexpressed ERBB2 R-HSA-9634285,0.48119210716408145,1.0,0.3333333333333333,0.9,0.22507150576575935,0.08922236338798133,10,9,9,False,False,True,"ERBB2, GRB2, SHC1, NRAS, HSP90AA1"
Reactome: TNFR1-induced Proapoptotic Signaling R-HSA-5357786,0.48113597195265173,1.0,0.3333333333333333,1.0,0.19895166106978188,0.04006153202681004,13,13,13,False,False,True,"TNF, USP2, TNFAIP3, OTUD7B, TNFRSF1A"
Reactome: Digestion And Absorption R-HSA-8963743,0.4811182730886726,0.8846153846153846,0.3333333333333333,0.9285714285714286,0.33215748852006083,0.0757232542126793,28,26,23,False,False,True,"SLC2A5, CEL, CHIA, SLC5A1, ALPP"
Reactome: Transcription-Coupled Nucleotide Excision Repair (TC-NER) R-HSA-6781827,0.48107819878369873,0.987012987012987,0.3333333333333333,1.0,0.16407509721774058,0.08763624302109918,77,77,76,False,False,True,"RFC4, RPA3, LRIG1, POLR1A, POLD2"
Reactome: RAF Activation R-HSA-5673000,0.4808942558280155,1.0,0.3333333333333333,0.96875,0.15363120010781312,0.10761091236559801,32,31,31,False,False,True,"CAMK2A, RNASE3, MAP2K1, CAMK2D, BRAF"
Reactome: Association Of TriC/CCT With Target Proteins During Biosynthesis R-HSA-390471,0.480778873869342,0.9459459459459459,0.3333333333333333,0.9736842105263158,0.19956815934513658,0.11145043949422398,38,37,35,False,False,True,"CCNE2, FBXL5, FBXO6, SPHK1, CCNE1"
Reactome: ISG15 Antiviral Mechanism R-HSA-1169408,0.4806341407408243,0.9722222222222222,0.3333333333333333,0.96,0.23221279761972272,0.06206901719550963,75,72,70,False,False,True,"NEDD4, EIF4A3, USP18, ISG15, SGIP1"
Reactome: Fatty acyl-CoA Biosynthesis R-HSA-75105,0.4806281027752885,1.0,0.3333333333333333,0.8648648648648649,0.2914432993181124,0.046381899243014835,37,32,32,False,False,True,"ELOVL4, ACSBG1, SCD, ELOVL3, TECRL"
KEGG: Arginine and proline metabolism,0.48046842755501507,0.9591836734693877,0.3333333333333333,0.98,0.2522750632436174,0.039216734395403456,50,49,47,False,False,True,"MAOB, CKMT2, AGMAT, LAP3, CKM"
Reactome: RNA Polymerase III Transcription Initiation From Type 1 Promoter R-HSA-76061,0.48030974534954035,1.0,0.3333333333333333,1.0,0.14420647141440973,0.09067558866662531,27,27,27,False,False,True,"GTF3C4, POLR2H, BDP1, POLR2K, POLR3F"
Reactome: SUMOylation Of DNA Damage Response And Repair Proteins R-HSA-3108214,0.48012843872335936,0.9726027397260274,0.3333333333333333,0.9605263157894737,0.2040804518490508,0.08689759853294636,76,73,71,False,False,True,"CDKN2A, CBX2, UBE2I, RNF168, PCGF2"
KEGG: Autoimmune thyroid disease,0.48004311832733554,0.8867924528301887,0.3333333333333333,1.0,0.2846951537997221,0.06206131834009993,53,53,47,False,False,True,"TSHB, CD86, IFNA7, CTLA4, IFNA1"
Reactome: Inactivation Of APC/C Via Direct Inhibition Of APC/C Complex R-HSA-141430,0.480019629646684,0.9523809523809523,0.3333333333333333,1.0,0.26607004249766814,0.014980486688133099,21,21,20,False,False,True,"UBE2C, CDC20, ANAPC11, ANAPC4, BUB1B"
Reactome: Transcriptional Activation Of Mitochondrial Biogenesis R-HSA-2151201,0.47991810767151677,1.0,0.3333333333333333,0.9615384615384616,0.1968006530791051,0.0649693724579659,52,50,50,False,False,True,"MEF2C, TBL1X, TFB2M, GDNF, PPARGC1A"
"Reactome: Synthesis, Secretion, And Inactivation Of Glucose-dependent Insulinotropic Polypeptide (GIP) R-HSA-400511",0.4798655050969302,0.9230769230769231,0.3333333333333333,1.0,0.24830199442634912,0.06128194131471216,13,13,12,False,False,True,"GATA4, PAX6, C1QTNF1, SPCS3, SEC11C"
Reactome: MTOR Signaling R-HSA-165159,0.4797145757289163,0.975609756097561,0.3333333333333333,1.0,0.20532600281889266,0.050970453061460974,41,41,40,False,False,True,"AKT1, PRKAG3, EIF4EBP1, RRAGD, PPM1A"
Reactome: IRAK2 Mediated Activation Of TAK1 Complex R-HSA-937042,0.47949685020782745,1.0,0.3333333333333333,1.0,0.12425914591645464,0.10655843845601598,10,10,10,False,False,True,"TRAF6, IRAK2, TAB2, TAB3, UBC"
Reactome: Processing Of Intronless Pre-mRNAs R-HSA-77595,0.47947755466953074,0.95,0.3333333333333333,1.0,0.19204198250349605,0.08867912417749099,20,20,19,False,False,True,"CPSF1, CSTF2T, COLEC12, PCF11, NUDT21"
Reactome: Class I Peroxisomal Membrane Protein Import R-HSA-9603798,0.4792509328128518,1.0,0.3333333333333333,1.0,0.15686957270688004,0.07271842469071232,20,20,20,False,False,True,"ABCD2, PEX12, ABCD1, PXMP4, ALDH3A2"
Reactome: TP53 Regulates Transcription Of Additional Cell Cycle Genes With Uncertain Roles In P53 Pathway R-HSA-6804115,0.479235198472265,1.0,0.3333333333333333,0.9523809523809523,0.23032126665880714,0.03490234475013671,21,20,20,False,False,True,"CNOT4, CDC25C, RGCC, PLK3, TP53"
Reactome: RUNX3 Regulates p14-ARF R-HSA-8951936,0.4791766901989646,1.0,0.3333333333333333,1.0,0.20194751121418464,0.027269273113971353,10,10,10,False,False,True,"CDKN2A, RUNX3, CBFB, NRAS, RUNX1"
Reactome: PD-1 Signaling R-HSA-389948,0.4790729450197405,0.8095238095238095,0.3333333333333333,1.0,0.24862228594779653,0.17055196296042965,21,21,17,False,False,True,"CD247, TARP, HLA-DQA1, HLA-DRA, PTPN6"
KEGG: Protein export,0.47904257699683717,1.0,0.3333333333333333,0.9565217391304348,0.19559901829201032,0.06555589567768272,23,22,22,False,False,True,"SEC61G, IMMP2L, SRP68, SPCS3, SRP54"
Reactome: Pexophagy R-HSA-9664873,0.4789766355028398,1.0,0.3333333333333333,1.0,0.16423301212007899,0.06398349872745324,11,11,11,False,False,True,"SQSTM1, EPAS1, ATM, USP30, UBC"
Reactome: Nuclear Events Stimulated By ALK Signaling In Cancer R-HSA-9725371,0.47886295265949363,1.0,0.3333333333333333,1.0,0.1938172586236268,0.03383083800717443,19,19,19,False,False,True,"BCL2A1, RNASEH2A, FN1, CEBPB, MECP2"
Reactome: Energy Dependent Regulation Of mTOR By LKB1-AMPK R-HSA-380972,0.4785772022276477,1.0,0.3333333333333333,1.0,0.17550721489727705,0.05071212957429486,29,29,29,False,False,True,"PRKAG3, RRAGD, PPM1A, CAB39L, MLST8"
Reactome: Caspase Activation Via Extrinsic Apoptotic Signaling Pathway R-HSA-5357769,0.47849525697783435,0.9615384615384616,0.3333333333333333,1.0,0.2199627232439792,0.04430843344006402,26,26,25,False,False,True,"LY96, CFLAR, TLR4, UNC5A, TNFSF10"
Reactome: TNFR1-induced NFkappaB Signaling Pathway R-HSA-5357956,0.47847464554986757,1.0,0.3333333333333333,0.9615384615384616,0.1767593884495122,0.07779332647931296,26,25,25,False,False,True,"TNF, USP2, BIRC3, TNFAIP3, XIAP"
Reactome: SMAD2/SMAD3:SMAD4 Heterotrimer Regulates Transcription R-HSA-2173796,0.47846305717093063,1.0,0.3333333333333333,1.0,0.19170898608959125,0.033939633098395046,36,36,36,False,False,True,"MYC, CCNT2, COL1A2, RNASEH2A, CDKN2B"
Reactome: Regulation Of NF-kappa B Signaling R-HSA-9758274,0.478423210589927,1.0,0.3333333333333333,1.0,0.16884101106754415,0.056608375215424035,18,18,18,False,False,True,"USP18, TRAF6, USP14, TP53, N4BP1"
Reactome: Zinc Influx Into Cells By SLC39 Gene Family R-HSA-442380,0.478206368684808,1.0,0.3333333333333333,1.0,0.13550781656974764,0.08885736018762556,10,10,10,False,False,True,"SLC39A2, SLC39A8, SLC39A14, SLC39A10, SLC39A4"
Reactome: Gap-filling DNA Repair Synthesis And Ligation In TC-NER R-HSA-6782210,0.4779677355515172,0.984375,0.3333333333333333,1.0,0.1802383055939545,0.05855870549696514,64,64,63,False,False,True,"RFC4, RPA3, LRIG1, POLR1A, POLD2"
Reactome: RHO GTPases Activate IQGAPs R-HSA-5626467,0.4778854615441255,1.0,0.3333333333333333,1.0,0.1862240128379055,0.03653662821605517,11,11,11,False,False,True,"RNASE1, IQGAP3, CTNNB1, IQGAP1, IQGAP2"
Reactome: Caspase Activation Via Death Receptors In Presence Of Ligand R-HSA-140534,0.47785097066159754,0.9375,0.3333333333333333,1.0,0.2443648762750571,0.04072331036626415,16,16,15,False,False,True,"LY96, CFLAR, TLR4, TNFSF10, FASLG"
Reactome: Metabolism Of Folate And Pterines R-HSA-196757,0.47781389418311687,1.0,0.3333333333333333,0.8823529411764706,0.17845740745811356,0.13218069090845125,17,15,15,False,False,True,"MTHFD2, MTHFD1L, FPGS, SLC19A1, SHMT2"
Reactome: Synthesis Of Very Long-Chain Fatty acyl-CoAs R-HSA-75876,0.4771903033002704,1.0,0.3333333333333333,0.8333333333333334,0.30823589007831437,0.036048959756370846,24,20,20,False,False,True,"ELOVL4, ACSBG1, ELOVL3, TECRL, ACSL5"
Reactome: Cholesterol Biosynthesis R-HSA-191273,0.4771810659422188,0.96,0.3333333333333333,0.9615384615384616,0.21855054149952813,0.06953427539105338,26,25,24,False,False,True,"SC5D, HMGCR, SOAT2, LMBR1, DHCR24"
KEGG: Glyoxylate and dicarboxylate metabolism,0.47702928948408196,0.9655172413793104,0.3333333333333333,0.9666666666666667,0.2308886717360359,0.047073867638396966,30,29,28,False,False,True,"GLDC, ACAT2, AGXT, PCCB, HAO1"
Reactome: Synthesis Of Glycosylphosphatidylinositol (GPI) R-HSA-162710,0.47685773819746796,1.0,0.3333333333333333,1.0,0.15460266849749893,0.06301935582317432,18,18,18,False,False,True,"PIGA, PIGN, PIGH, PIGW, PIGG"
Reactome: Transport Of SLBP Dependant Mature mRNA R-HSA-159230,0.47684956676353035,1.0,0.3333333333333333,0.9444444444444444,0.16914061816354442,0.09010721565410751,36,34,34,False,False,True,"NUP37, NUP155, NUP85, SEH1L, NUP210"
Reactome: Peroxisomal Protein Import R-HSA-9033241,0.47674473020494823,0.9682539682539683,0.3333333333333333,1.0,0.16838246485031677,0.08042055125378919,63,63,61,False,False,True,"AGXT, ACOX2, ACOT4, CROT, DAO"
Reactome: CASP8 Activity Is Inhibited R-HSA-5218900,0.4763728872416519,1.0,0.3333333333333333,1.0,0.17579801585423677,0.03939975368735592,11,11,11,False,False,True,"CFLAR, TNFSF10, FASLG, FASN, TNFRSF10B"
Reactome: Dimerization Of Procaspase-8 R-HSA-69416,0.4763728872416519,1.0,0.3333333333333333,1.0,0.17579801585423677,0.03939975368735592,11,11,11,False,False,True,"CFLAR, TNFSF10, FASLG, FASN, TNFRSF10B"
Reactome: MASTL Facilitates Mitotic Progression R-HSA-2465910,0.4761239014295694,1.0,0.3333333333333333,1.0,0.14286333449069694,0.07108950599048354,10,10,10,False,False,True,"CCNB1, MASTL, PPP2CB, CDK1, PPP2R2D"
Reactome: Transport Of SLBP Independent Mature mRNA R-HSA-159227,0.47607415213593496,1.0,0.3333333333333333,0.9428571428571428,0.16728885187463624,0.0892723849955146,35,33,33,False,False,True,"NUP37, NUP155, NUP85, SEH1L, NUP210"
Reactome: Conversion From APC/C:Cdc20 To APC/C:Cdh1 In Late Anaphase R-HSA-176407,0.4759655650101015,0.95,0.3333333333333333,1.0,0.24907572722294535,0.01408543116089544,20,20,19,False,False,True,"UBE2C, CDC20, ANAPC11, ANAPC4, ANAPC2"
Reactome: Regulation Of Innate Immune Responses To Cytosolic DNA R-HSA-3134975,0.47590716364656654,1.0,0.3333333333333333,0.9333333333333333,0.1846940062625253,0.07817514530364081,15,14,14,False,False,True,"ZBP1, DDX41, TRIM32, TRIM21, TBK1"
Reactome: Telomere C-strand Synthesis Initiation R-HSA-174430,0.4758418757399202,1.0,0.3333333333333333,0.9166666666666666,0.22290780469413968,0.05213490733879497,12,11,11,False,False,True,"PRIM1, CTC1, TERF2IP, POLA2, PRIM2"
KEGG: Other glycan degradation,0.4756105009938332,1.0,0.3333333333333333,0.9444444444444444,0.2099778098480162,0.04307469512114959,18,17,17,False,False,True,"NEU1, MANBA, NEU4, HEXB, MAN2B1"
Reactome: STAT3 Nuclear Events Downstream Of ALK Signaling R-HSA-9701898,0.47547046298619583,1.0,0.3333333333333333,1.0,0.1751586467858764,0.03552700147843598,10,10,10,False,False,True,"SIN3A, PRDM1, HIF1A, CD274, HDAC3"
Reactome: Defective TPR May Confer Susceptibility Towards Thyroid Papillary Carcinoma (TPC) R-HSA-5619107,0.47542315593075096,1.0,0.3333333333333333,0.9375,0.17399779333579063,0.08332631965129758,32,30,30,False,False,True,"NUP37, NUP155, NUP85, MAP4K5, SEH1L"
Reactome: Dual Incision In TC-NER R-HSA-6782135,0.4753391162109877,0.9846153846153847,0.3333333333333333,1.0,0.1661767251221107,0.05923680465077615,65,65,64,False,False,True,"RFC4, RPA3, POLR1A, POLD2, POLR2H"
Reactome: Interleukin-12 Signaling R-HSA-9020591,0.4751835885577895,0.9767441860465116,0.3333333333333333,0.9772727272727273,0.205313039499401,0.04423950512182278,44,43,42,False,False,True,"S100A9, TALDO1, CA1, IL12B, IFNG"
Reactome: SUMOylation Of RNA Binding Proteins R-HSA-4570464,0.47507943824896476,0.9555555555555556,0.3333333333333333,0.9574468085106383,0.1980512390775998,0.08703862356202284,47,45,43,False,False,True,"CBX2, UBE2I, PCGF2, CBX8, NUP37"
Reactome: Rev-mediated Nuclear Export Of HIV RNA R-HSA-165054,0.4749053843123838,1.0,0.3333333333333333,0.9428571428571428,0.1894745968917549,0.061242800860640226,35,33,33,False,False,True,"NUP37, NUP155, RCC1, NUP85, RAN"
Reactome: TICAM1-dependent Activation Of IRF3/IRF7 R-HSA-9013973,0.4748401406953907,1.0,0.3333333333333333,1.0,0.15217450610275146,0.05535953070753531,12,12,12,False,False,True,"IRF7, IKBKE, TBK1, IRF3, TRAF3"
Reactome: Protein Localization R-HSA-9609507,0.4747922763584189,0.9872611464968153,0.3333333333333333,0.9573170731707317,0.1793122835679916,0.07273348018257254,164,157,155,False,False,True,"CHCHD7, SEC61G, UBL4A, HMOX1, AGXT"
KEGG: Ubiquinone and other terpenoid-quinone biosynthesis,0.4746704879659808,1.0,0.3333333333333333,1.0,0.17305528417780072,0.033630488985436545,11,11,11,False,False,True,"NQO1, COQ3, VKORC1, GGCX, HPD"
Reactome: Alpha-protein Kinase 1 Signaling Pathway R-HSA-9645460,0.4744377576174675,1.0,0.3333333333333333,1.0,0.09423313410592553,0.11128898731474517,11,11,11,False,False,True,"TRAF6, TAB2, TAB3, UBC, UBA52"
Reactome: mRNA Splicing - Minor Pathway R-HSA-72165,0.47437329091805935,0.9795918367346939,0.3333333333333333,1.0,0.14139654051153897,0.08421141067739744,49,49,48,False,False,True,"EFTUD2, POLR2H, SRSF1, SNRNP40, SNRPD3"
Reactome: Activation Of AMPK Downstream Of NMDARs R-HSA-9619483,0.47407984100626566,1.0,0.3333333333333333,1.0,0.15629788803378647,0.04743465033087498,10,10,10,False,False,True,"PRKAG3, PRKAG2, PRKAB2, PRKAG1, MAPT"
Reactome: Butyrate Response Factor 1 Binds And Destabilizes mRNA R-HSA-450385,0.47383723842777054,1.0,0.3333333333333333,1.0,0.14680786493912953,0.05571166053305637,17,17,17,False,False,True,"AKT1, EXOSC5, EXOSC6, ZFP36L1, EXOSC7"
KEGG: Nucleotide excision repair,0.4737660788467017,0.9782608695652174,0.3333333333333333,0.9787234042553191,0.18951415124915752,0.050346153560977644,47,46,45,False,False,True,"RFC4, RPA3, POLD2, DDB2, LIG1"
Reactome: MicroRNA (miRNA) Biogenesis R-HSA-203927,0.4731620124069963,0.9583333333333334,0.3333333333333333,1.0,0.14569858310401296,0.09511147893096818,24,24,23,False,False,True,"AGO2, RAN, POLR2H, POLR2K, XPO5"
KEGG: Neutrophil extracellular trap formation,0.4728913815148193,0.9908256880733946,0.3333333333333333,0.5767195767195767,0.4241185466628549,0.10030632363149801,189,109,108,False,False,True,"AKT1, VWF, AKT3, ITGB3, PIK3R1"
Reactome: RORA Activates Gene Expression R-HSA-1368082,0.4723367422265791,1.0,0.3333333333333333,1.0,0.19501704446622875,0.0,18,18,18,False,False,True,"TBL1X, RORA, CHD9, SMARCD3, NCOA1"
Reactome: Spry Regulation Of FGF Signaling R-HSA-1295596,0.47226826399270794,1.0,0.3333333333333333,1.0,0.12633194572349188,0.06834270757338115,16,16,16,False,False,True,"GRB2, BRAF, SPRY2, PPP2CB, MKNK1"
Reactome: Heme Biosynthesis R-HSA-189451,0.472245131817276,1.0,0.3333333333333333,1.0,0.13414568491711748,0.060413307502595825,14,14,14,False,False,True,"ABCG2, FLVCR1, ALAS1, ALAD, HMBS"
Reactome: RHOBTB1 GTPase Cycle R-HSA-9013422,0.4721793670757548,1.0,0.3333333333333333,1.0,0.14932806549757352,0.04490210321453373,23,23,23,False,False,True,"RHOBTB1, PDE5A, ROCK1, ROCK2, DBN1"
Reactome: Cooperation Of Prefoldin And TriC/CCT In Actin And Tubulin Folding R-HSA-389958,0.47216957501880175,0.9696969696969697,0.3333333333333333,1.0,0.1756428690834946,0.048841369646877845,33,33,32,False,False,True,"TUBA8, TUBAL3, TUBB6, TUBB4A, TUBA1A"
Reactome: tRNA Modification In Nucleus And Cytosol R-HSA-6782315,0.47187009422885606,0.9743589743589743,0.3333333333333333,0.9285714285714286,0.17836701111799197,0.09352924757207581,42,39,38,False,False,True,"CDKAL1, LCMT2, THADA, ALKBH8, LAGE3"
Reactome: Aberrant Regulation Of Mitotic Exit In Cancer Due To RB1 Defects R-HSA-9687136,0.47180024689503636,0.95,0.3333333333333333,1.0,0.22824913664761967,0.01408543116089544,20,20,19,False,False,True,"UBE2C, ANAPC11, ANAPC4, ANAPC2, RB1"
Reactome: Gene And Protein Expression By JAK-STAT Signaling After Interleukin-12 Stimulation R-HSA-8950505,0.47140642966919766,0.9705882352941176,0.3333333333333333,0.9714285714285714,0.19658438786103374,0.044621429952741716,35,34,33,False,False,True,"S100A9, TALDO1, CA1, IFNG, LMNB1"
Reactome: Carnitine Metabolism R-HSA-200425,0.47140405707171407,1.0,0.3333333333333333,1.0,0.1501257134279701,0.040227905263933376,11,11,11,False,False,True,"SLC22A5, THRSP, PRKAG2, PRKAB2, CPT2"
Reactome: Citric Acid Cycle (TCA Cycle) R-HSA-71403,0.47103385956767413,1.0,0.3333333333333333,1.0,0.18409498667193233,0.004407644499771569,21,21,21,False,False,True,"SDHB, PCDHB11, IDH3G, PCDHGA5, FAHD1"
Reactome: PRC2 Methylates Histones And DNA R-HSA-212300,0.4710295058577238,1.0,0.6666666666666666,0.30952380952380953,0.16577774118575841,0.12389359762667003,42,13,13,False,True,True,"DNMT3A, DNMT1, EZH2, DNMT3B, SUZ12"
Reactome: Regulation Of BACH1 Activity R-HSA-9708530,0.47099410610548514,1.0,0.3333333333333333,1.0,0.12432036513330567,0.06398349872745324,11,11,11,False,False,True,"FBXL17, BRIP1, SKP2, RBX1, UBC"
"Reactome: Antigen Presentation: Folding, Assembly, Peptide Loading Of Class I MHC R-HSA-983170",0.4704149532965316,1.0,0.3333333333333333,1.0,0.11842159055023226,0.06698650926575912,28,28,28,False,False,True,"ERAP2, PDIA3, HSPA5, SEC23A, HLA-G"
Reactome: Digestion R-HSA-8935690,0.47009319432431695,0.9047619047619048,0.3333333333333333,0.9130434782608695,0.27794638138541283,0.0663084101119481,23,21,19,False,False,True,"CEL, CHIA, ALPP, TREH, MGAM"
Reactome: IKK Complex Recruitment Mediated By RIP1 R-HSA-937041,0.46994970989602053,0.9565217391304348,0.3333333333333333,1.0,0.15068663611493477,0.07587350756806674,23,23,22,False,False,True,"LY96, TLR4, TRAF6, BIRC3, UBE2D3"
Reactome: Acyl Chain Remodelling Of PE R-HSA-1482839,0.4696597255746788,0.9565217391304348,0.3333333333333333,0.7931034482758621,0.30285017059135744,0.07743246527803828,29,23,22,False,False,True,"PLA2R1, PLA2G3, PLA2G2A, PLA2G4C, PLA2G4F"
Reactome: Glycosphingolipid Metabolism R-HSA-1660662,0.46962232524092246,0.9545454545454546,0.3333333333333333,0.9777777777777777,0.21261578885306937,0.030950382806088274,45,44,42,False,False,True,"GM2A, ARSI, EGFL7, ARSJ, UGT8"
Reactome: Formation Of Apoptosome R-HSA-111458,0.46938188427342603,1.0,0.3333333333333333,1.0,0.13353463917724295,0.04670811552322033,11,11,11,False,False,True,"DIABLO, AVEN, XIAP, APIP, MAPK3"
Reactome: VxPx Cargo-Targeting To Cilium R-HSA-5620916,0.46933658033812703,0.9523809523809523,0.3333333333333333,1.0,0.16499967063249185,0.06263561201052453,21,21,20,False,False,True,"RHO, CNGB1, RAB3IP, EXOC3, EXOC8"
Reactome: Cytosolic Sensors Of Pathogen-Associated DNA R-HSA-1834949,0.46930334334445684,1.0,0.3333333333333333,0.9523809523809523,0.16190431315753942,0.05366002261236379,63,60,60,False,False,True,"NFKBIA, IRF7, ZBP1, DDX41, NLRC3"
Reactome: NEP/NS2 Interacts With Cellular Export Machinery R-HSA-168333,0.4692217934256439,1.0,0.3333333333333333,0.9428571428571428,0.1610566424580553,0.061242800860640226,35,33,33,False,False,True,"NUP37, NUP155, NUP85, RAN, SEH1L"
Reactome: NS1 Mediated Effects On Host Pathways R-HSA-168276,0.4692099313642878,0.975,0.3333333333333333,0.9523809523809523,0.16104736024479177,0.07904991562426643,42,40,39,False,False,True,"ISG15, NUP37, NUP155, NUP85, SEH1L"
Reactome: SARS-CoV-2-host Interactions R-HSA-9705683,0.4691691607487008,0.9627659574468085,0.3333333333333333,0.9591836734693877,0.20218674111997087,0.04483868340801716,196,188,181,False,False,True,"MASP1, AKT1, TJP1, AKT3, CAV1"
Reactome: Transport Of Mature mRNAs Derived From Intronless Transcripts R-HSA-159234,0.46916319228310577,0.975609756097561,0.3333333333333333,0.9534883720930233,0.1550969399302363,0.08332631965129758,43,41,40,False,False,True,"CPSF1, NUP37, NUP155, NUP85, SEH1L"
Reactome: Receptor Mediated Mitophagy R-HSA-8934903,0.46902125009644935,1.0,0.3333333333333333,1.0,0.07388459900375614,0.10455498481182371,10,10,10,False,False,True,"CSNK2B, PGAM5, MAP1LC3A, ATG5, CSNK2A2"
Reactome: Viral Messenger RNA Synthesis R-HSA-168325,0.46890138255075825,1.0,0.3333333333333333,0.9574468085106383,0.14781084018800397,0.061944299516141804,47,45,45,False,False,True,"NUP37, NUP155, NUP85, SEH1L, POLR2H"
Reactome: tRNA Processing R-HSA-72306,0.4688457694291145,0.9896907216494846,0.3333333333333333,0.9238095238095239,0.17868976064238243,0.06632455532989599,105,97,96,False,False,True,"CDKAL1, TSEN54, LCMT2, CPSF1, THADA"
Reactome: tRNA Processing In Nucleus R-HSA-6784531,0.4687919007781367,1.0,0.3333333333333333,0.9298245614035088,0.17671158560714775,0.0532128305642375,57,53,53,False,False,True,"TSEN54, CPSF1, NUP37, NUP155, NUP85"
Reactome: Synthesis Of PIPs At Late Endosome Membrane R-HSA-1660517,0.46854781860703965,1.0,0.3333333333333333,1.0,0.11499506687169674,0.061077359496834606,11,11,11,False,False,True,"VAC14, MTMR7, MTMR9, PIKFYVE, PIK3R4"
Reactome: Formation Of Incision Complex In GG-NER R-HSA-5696395,0.46849870984722763,0.9761904761904762,0.3333333333333333,1.0,0.14243389918965205,0.05720250718934312,42,42,41,False,False,True,"UBE2I, PIAS3, RPA3, POLR1A, DDB2"
Reactome: Interactions Of Rev With Host Cellular Proteins R-HSA-177243,0.4684433281799417,1.0,0.3333333333333333,0.9459459459459459,0.1729948117599957,0.04309570301358685,37,35,35,False,False,True,"NUP37, NUP155, RCC1, NUP85, RAN"
Reactome: Mitochondrial Calcium Ion Transport R-HSA-8949215,0.46844119826922537,1.0,0.3333333333333333,0.8636363636363636,0.19729341599248496,0.08051863595970277,22,19,19,False,False,True,"SLC8A3, MICU3, VDAC1, LETM1, PARL"
KEGG: Sulfur metabolism,0.468393083192664,1.0,0.3333333333333333,0.8,0.24086872890178448,0.08443002039486898,10,8,8,False,False,True,"SUOX, SELENBP1, PAPSS1, TST, BPNT1"
Reactome: Regulation Of TP53 Activity Thru Methylation R-HSA-6804760,0.46829724544199985,1.0,0.3333333333333333,0.9473684210526315,0.1584953468728801,0.05579789788097892,19,18,18,False,False,True,"JMY, TP53, MDM4, ATM, CHEK2"
Reactome: Nuclear Import Of Rev Protein R-HSA-180746,0.4682402066999442,1.0,0.3333333333333333,0.9411764705882353,0.1764278010755062,0.04222421281637169,34,32,32,False,False,True,"NUP37, NUP155, RCC1, NUP85, RAN"
Reactome: N-glycan Trimming In ER And Calnexin/Calreticulin Cycle R-HSA-532668,0.4679073079496893,0.9705882352941176,0.3333333333333333,0.9714285714285714,0.1598558722323638,0.06385433698387016,35,34,33,False,False,True,"EDEM2, RNF5, UGGT2, PDIA3, AMFR"
Reactome: Transport Of Mature mRNA Derived From An Intronless Transcript R-HSA-159231,0.4676440874725403,0.975,0.3333333333333333,0.9523809523809523,0.15321814078605434,0.07904991562426643,42,40,39,False,False,True,"CPSF1, NUP37, NUP155, NUP85, SEH1L"
KEGG: Linoleic acid metabolism,0.4674179224819155,0.9259259259259259,0.3333333333333333,0.9310344827586207,0.2693070794289011,0.02691407831911799,29,27,25,False,False,True,"PLA2G3, CYP2C8, CYP2C9, PLB1, PLA2G2A"
Reactome: EGFR Downregulation R-HSA-182971,0.466917868678309,0.967741935483871,0.3333333333333333,1.0,0.1519852902485668,0.048195450992440374,31,31,30,False,False,True,"EREG, SPRY1, GRB2, SH3GL2, AREG"
Reactome: SUMOylation Of Ubiquitinylation Proteins R-HSA-3232142,0.46652103943538736,1.0,0.3333333333333333,0.9487179487179487,0.15282119044880701,0.05157887852300171,39,37,37,False,False,True,"UBE2I, NUP37, NUP155, NUP85, SEH1L"
Reactome: Metabolism Of Non-Coding RNA R-HSA-194441,0.4664972831408964,0.98,0.3333333333333333,0.9615384615384616,0.15303639256604726,0.06162951031792204,52,50,49,False,False,True,"GEMIN8, NUP37, NUP155, NUP85, SEH1L"
KEGG: Ether lipid metabolism,0.4664113404530108,0.9512195121951219,0.3333333333333333,0.8367346938775511,0.27777018357507505,0.05884931942002701,49,41,39,False,False,True,"PLA2G3, ENPP2, ENPP6, PLD4, UGT8"
Reactome: MAP3K8 (TPL2)-dependent MAPK1/3 Activation R-HSA-5684264,0.4662917222738345,1.0,0.3333333333333333,1.0,0.0948972650704346,0.06989467963207086,16,16,16,False,False,True,"MAP2K1, BTRC, MAP3K8, NFKB1, FBXW11"
"Reactome: TICAM1,TRAF6-dependent Induction Of TAK1 Complex R-HSA-9014325",0.46621220858040857,1.0,0.3333333333333333,1.0,0.10041087750792285,0.06398349872745324,11,11,11,False,False,True,"TRAF6, TAB2, TICAM1, TAB3, UBC"
Reactome: Reproduction R-HSA-1474165,0.4660421634622517,0.9753086419753086,0.3333333333333333,0.7168141592920354,0.310747302660593,0.08987758653966375,113,81,79,False,False,True,"TEX15, SYNE1, CD9, UBE2I, HSPA2"
Reactome: RNA Polymerase III Transcription Termination R-HSA-73980,0.4657145476267532,1.0,0.3333333333333333,0.9545454545454546,0.11977582306143017,0.07622115749657832,22,21,21,False,False,True,"NFIA, POLR2H, POLR2K, POLR3F, POLR2L"
Reactome: TP53 Regulates Transcription Of DNA Repair Genes R-HSA-6796648,0.4656213004221926,0.9655172413793104,0.3333333333333333,0.9354838709677419,0.18573484012426622,0.05857485071491302,62,58,56,False,False,True,"MSH2, CCNT2, GDNF, JUN, CHEK1"
Reactome: Transport Of Ribonucleoproteins Into Host Nucleus R-HSA-168271,0.4655654011739244,1.0,0.3333333333333333,0.9428571428571428,0.15062599059801876,0.05339149146207948,35,33,33,False,False,True,"NUP37, NUP155, NUP85, SEH1L, NUP210"
Reactome: RIPK1-mediated Regulated Necrosis R-HSA-5213460,0.4654793085991108,1.0,0.3333333333333333,1.0,0.12133012264153137,0.03939975368735592,31,31,31,False,False,True,"CFLAR, BIRC3, TNFSF10, FASLG, XIAP"
Reactome: mRNA Capping R-HSA-72086,0.46491945852366107,1.0,0.3333333333333333,1.0,0.13591047598937625,0.022020149962262408,29,29,29,False,False,True,"RNMT, POLR2H, NCBP2, POLR2K, POLR2G"
Reactome: Telomere Maintenance R-HSA-157579,0.46456395500556774,1.0,0.3333333333333333,0.6847826086956522,0.2700510578216447,0.12251509401778836,92,63,63,False,False,True,"RFC4, TERT, PRIM1, RPA3, LRIG1"
Reactome: Signaling By NODAL R-HSA-1181150,0.464509716882315,0.8636363636363636,0.3333333333333333,1.0,0.2554468268528575,0.036798727255687405,22,22,19,False,False,True,"NODAL, FOXH1, PCSK6, LEFTY1, LEFTY2"
Reactome: Calnexin/calreticulin Cycle R-HSA-901042,0.46448001791779975,0.96,0.3333333333333333,0.9615384615384616,0.16070909456666813,0.06387048220181807,26,25,24,False,False,True,"EDEM2, RNF5, UGGT2, PDIA3, AMFR"
Reactome: Complex I Biogenesis R-HSA-6799198,0.4642420897840853,0.9807692307692307,0.3333333333333333,1.0,0.1281966012176604,0.045577950266868644,51,51,51,False,False,True,"NDUFB3, NDUFB9, NDUFA5, NDUFV2, NDUFB5"
KEGG: Sphingolipid metabolism,0.46404657362024054,0.9565217391304348,0.3333333333333333,0.9387755102040817,0.19064692180765702,0.052315907843383365,49,46,44,False,False,True,"NEU1, UGT8, ENPP7, SMPD3, SPHK1"
Reactome: Respiratory Electron Transport R-HSA-611105,0.4639879725854704,0.978021978021978,0.3333333333333333,1.0,0.12195559835909534,0.05329561987961195,90,90,89,False,False,True,"SDHB, NDUFB3, UQCRFS1, SCO2, COX8A"
Reactome: Prefoldin Mediated Transfer Of Substrate To CCT/TriC R-HSA-389957,0.4638913847283098,0.9642857142857143,0.3333333333333333,1.0,0.14198790063065572,0.04651664205851221,28,28,27,False,False,True,"TUBB6, TUBB4A, TUBA1A, TUBA1C, TUBA4A"
Reactome: Mitochondrial Protein Import R-HSA-1268020,0.46355596330365956,1.0,0.3333333333333333,0.9230769230769231,0.15400301301857047,0.05480244452536834,65,60,60,False,False,True,"CHCHD7, TIMM23, TIMM50, IDH3G, VDAC1"
Reactome: Mitochondrial Fatty Acid Beta-Oxidation R-HSA-77289,0.46345974737866885,0.9428571428571428,0.3333333333333333,0.9722222222222222,0.19213621335860442,0.036472047344263646,36,35,33,False,False,True,"HADH, ACADL, ACOT12, ACSM3, THEM5"
Reactome: Regulation Of Necroptotic Cell Death R-HSA-5675482,0.46338042375061245,1.0,0.3333333333333333,1.0,0.11754350631349458,0.032691945772900924,29,29,29,False,False,True,"CFLAR, BIRC3, TNFSF10, FASLG, XIAP"
Reactome: mTORC1-mediated Signaling R-HSA-166208,0.46334203995269163,0.9583333333333334,0.3333333333333333,1.0,0.15485066718844492,0.03685953257501279,24,24,23,False,False,True,"EIF4EBP1, RRAGD, MLST8, RPS6KB1, RRAGC"
Reactome: RNA Pol II CTD Phosphorylation And Interaction With CE R-HSA-77075,0.46324642929694043,1.0,0.3333333333333333,1.0,0.1289247116770879,0.020640768140947726,27,27,27,False,False,True,"RNMT, POLR2H, POLR2K, POLR2G, POLR2J"
Reactome: Selective Autophagy R-HSA-9663891,0.46278415835083775,1.0,0.3333333333333333,0.9672131147540983,0.15287607764868083,0.018968211373267586,61,59,59,False,False,True,"PLIN2, PRKAG3, CETN1, DYNC1I1, SQSTM1"
Reactome: Miscellaneous Substrates R-HSA-211958,0.4627492716416375,0.9090909090909091,0.3333333333333333,0.9166666666666666,0.25646077310674,0.04402800934387204,12,11,10,False,False,True,"CYP2U1, CYP2S1, CYP2W1, CYP4F22, CYP3A43"
Reactome: Sphingolipid Metabolism R-HSA-428157,0.46274803373746204,0.9523809523809523,0.3333333333333333,0.9438202247191011,0.20063008759888287,0.036197293501482715,89,84,80,False,False,True,"PRKD1, GM2A, ARSI, ORMDL2, EGFL7"
Reactome: Josephin Domain DUBs R-HSA-5689877,0.46270091016704135,1.0,0.3333333333333333,0.9166666666666666,0.14535438544108728,0.06398349872745324,12,11,11,False,False,True,"JOSD2, ATXN3L, JOSD1, RAD23A, ATXN3"
Reactome: RNA Polymerase III Chain Elongation R-HSA-73780,0.4625872129352882,1.0,0.3333333333333333,1.0,0.09442119125390865,0.05184820675586553,17,17,17,False,False,True,"POLR2H, POLR2K, POLR3F, POLR2L, POLR3G"
KEGG: Fatty acid elongation,0.46243068840154294,1.0,0.3333333333333333,0.8518518518518519,0.2536436792820794,0.00295420717007976,27,23,23,False,False,True,"ELOVL4, HADH, ELOVL3, THEM5, ACOT4"
"Reactome: TICAM1, RIP1-mediated IKK Complex Recruitment R-HSA-168927",0.4623420203808564,1.0,0.3333333333333333,1.0,0.08297637384792168,0.0620670613896937,19,19,19,False,False,True,"TRAF6, BIRC3, UBE2D3, TICAM1, UBE2D1"
Reactome: Aggrephagy R-HSA-9646399,0.4621355921809136,1.0,0.3333333333333333,0.9583333333333334,0.12884781152837507,0.04641348270952627,24,23,23,False,False,True,"CETN1, DYNC1I1, CFTR, DYNC1LI2, HSF1"
Reactome: Export Of Viral Ribonucleoproteins From Nucleus R-HSA-168274,0.4618461720584972,0.9705882352941176,0.3333333333333333,0.9444444444444444,0.1523998241377282,0.061242800860640226,36,34,33,False,False,True,"NUP37, NUP155, NUP85, RAN, SEH1L"
Reactome: Mitochondrial Fatty Acid Beta-Oxidation Of Saturated Fatty Acids R-HSA-77286,0.4616235875909358,0.9090909090909091,0.3333333333333333,1.0,0.19159368687870337,0.04076667531840004,11,11,10,False,False,True,"HADH, ACADL, ACSM3, ECHS1, ACADVL"
Reactome: Cytochrome C-Mediated Apoptotic Response R-HSA-111461,0.4612228246666934,1.0,0.3333333333333333,1.0,0.1059138389890511,0.03353361767774927,13,13,13,False,False,True,"DIABLO, AVEN, XIAP, APIP, MAPK3"
Reactome: Deadenylation Of mRNA R-HSA-429947,0.4612013493222381,1.0,0.3333333333333333,0.88,0.1677376763325662,0.061602403611957686,25,22,22,False,False,True,"EIF4A3, CNOT4, CNOT6, TNKS1BP1, PAIP1"
Reactome: ER Quality Control Compartment (ERQC) R-HSA-901032,0.460872947855429,0.95,0.3333333333333333,0.9523809523809523,0.1611807327916428,0.06223162553312127,21,20,19,False,False,True,"EDEM2, RNF5, UGGT2, AMFR, DERL2"
Reactome: Apoptotic Factor-Mediated Response R-HSA-111471,0.46066901554707235,1.0,0.3333333333333333,0.9,0.16991073223752637,0.041767678831168685,20,18,18,False,False,True,"CDKN2A, DIABLO, AVEN, XIAP, APIP"
Reactome: Fatty Acids R-HSA-211935,0.4605092238325247,0.9285714285714286,0.3333333333333333,0.9333333333333333,0.20785522135016815,0.04945280257436013,15,14,13,False,False,True,"CYP2A13, CYP2A7, CYP4F22, CYP4F12, CYP2B6"
"Reactome: Tristetraprolin (TTP, ZFP36) Binds And Destabilizes mRNA R-HSA-450513",0.4605006797720823,1.0,0.3333333333333333,1.0,0.08012507166068847,0.05571166053305637,17,17,17,False,False,True,"EXOSC5, EXOSC6, ZFP36, TNPO1, EXOSC7"
Reactome: SUMOylation Of SUMOylation Proteins R-HSA-4085377,0.46009303843436555,0.9696969696969697,0.3333333333333333,0.9428571428571428,0.15857139554513874,0.04838730312019555,35,33,32,False,False,True,"UBE2I, NUP37, NUP155, NUP85, SEH1L"
Reactome: RHOBTB GTPase Cycle R-HSA-9706574,0.4600895442432607,0.9428571428571428,0.3333333333333333,1.0,0.14443985212910637,0.0464840595633878,35,35,33,False,False,True,"RHOBTB1, PDE5A, MSI2, ROCK1, HSP90AB1"
Reactome: Formation Of TC-NER Pre-Incision Complex R-HSA-6781823,0.4593023541040818,0.9807692307692307,0.3333333333333333,1.0,0.09574821820265977,0.053327654881851615,52,52,51,False,False,True,"POLR2H, USP7, PPIE, POLR2K, ERCC8"
Reactome: Deadenylation-dependent mRNA Decay R-HSA-429914,0.4592765469417147,1.0,0.3333333333333333,0.8928571428571429,0.15205951449125552,0.05801369640779431,56,50,50,False,False,True,"EIF4A3, CNOT4, EXOSC5, PATL1, LSM4"
Reactome: HIV Transcription Initiation R-HSA-167161,0.45890667272326174,1.0,0.3333333333333333,1.0,0.10791561971935154,0.01995107723029039,46,46,46,False,False,True,"TAF7L, TAF9B, POLR2H, GTF2E2, POLR2K"
Reactome: IRF3-mediated Induction Of Type I IFN R-HSA-3270619,0.45870188658927913,1.0,0.3333333333333333,0.8461538461538461,0.21022436809850914,0.032003013565835375,13,11,11,False,False,True,"DDX41, NLRC3, XRCC6, IFI16, TBK1"
KEGG: Selenocompound metabolism,0.4584706075444027,0.9285714285714286,0.3333333333333333,0.8235294117647058,0.2438634446625664,0.08560443899782245,17,14,13,False,False,True,"INMT, SEPHS1, CTH, PAPSS1, SEPHS2"
Reactome: Formation Of beta-catenin:TCF Transactivating Complex R-HSA-201722,0.4584619135642523,1.0,0.3333333333333333,0.5,0.37788521633167504,0.1227576848229198,60,30,30,False,False,True,"MYC, TERT, PYGO1, TLE4, AXIN2"
Reactome: Suppression Of Phagosomal Maturation R-HSA-9637687,0.4573487412094939,1.0,0.3333333333333333,1.0,0.09290464088441652,0.027172398496386366,13,13,13,False,False,True,"ATP6V1H, HGS, KPNA1, RAB5A, RAB7A"
Reactome: ERCC6 (CSB) And EHMT2 (G9a) Positively Regulate rRNA Expression R-HSA-427389,0.4571158613398885,1.0,0.6666666666666666,0.35555555555555557,0.14760332802557463,0.03797597867386779,45,16,16,False,True,True,"MTA2, CHD4, DPEP3, GATAD2B, MTA1"
KEGG: Terpenoid backbone biosynthesis,0.4566817469185394,0.9545454545454546,0.3333333333333333,1.0,0.14665554602069975,0.015541067359876436,22,22,21,False,False,True,"HMGCR, ACAT2, HMGCS2, MVD, ACAT1"
Reactome: Cohesin Loading Onto Chromatin R-HSA-2470946,0.45664544876515556,1.0,0.3333333333333333,0.9,0.12008569730384114,0.0714748798552701,10,9,9,False,False,True,"PMEPA1, PDS5B, NIPBL, PDS5A, STAG2"
Reactome: Mitochondrial Biogenesis R-HSA-1592230,0.4561151412754084,1.0,0.3333333333333333,0.7865168539325843,0.2090520268029715,0.0649693724579659,89,70,70,False,False,True,"MEF2C, PRKAG3, TBL1X, TFB2M, MAPK11"
Reactome: Sphingolipid De Novo Biosynthesis R-HSA-1660661,0.4560723926722609,0.95,0.3333333333333333,0.9090909090909091,0.18744581621927772,0.04443129865717853,44,40,38,False,False,True,"PRKD1, ORMDL2, PPM1L, ALDH3B2, SPHK1"
Reactome: Meiosis R-HSA-1500620,0.4558204629403114,1.0,0.3333333333333333,0.6477272727272727,0.27358526732811034,0.10305492616132575,88,57,57,False,False,True,"TEX15, SYNE1, UBE2I, HSPA2, MND1"
Reactome: Intraflagellar Transport R-HSA-5620924,0.4555713150740487,1.0,0.3333333333333333,0.8780487804878049,0.15530690225480295,0.047346421082920385,41,36,36,False,False,True,"DYNLRB2, WDR35, CLUAP1, KIF3A, TTC26"
Reactome: SUMOylation Of Transcription Cofactors R-HSA-3899300,0.45512031236415906,0.9285714285714286,0.3333333333333333,0.9767441860465116,0.1938820390864811,0.003923287961335131,43,42,39,False,False,True,"CBX2, UBE2I, PCGF2, PIAS3, SIN3A"
KEGG: RNA polymerase,0.45498473153386776,0.9655172413793104,0.3333333333333333,0.9354838709677419,0.1315333314451529,0.05959351495240239,31,29,28,False,False,True,"POLR2J2, POLR1A, POLR2H, POLR2K, POLR3F"
Reactome: Gene Silencing By RNA R-HSA-211000,0.453380155313049,0.987012987012987,0.3333333333333333,0.7129629629629629,0.24077417631993975,0.08772472434342937,108,77,76,False,False,True,"TDRD6, ASZ1, TDRKH, MOV10L1, TNRC6C"
Reactome: Cellular Response To Starvation R-HSA-9711097,0.45314100505965776,0.9459459459459459,0.3333333333333333,0.9673202614379085,0.14017760140405616,0.037424615203188634,153,148,140,False,False,True,"EIF2AK4, RPL39L, ATP6V1B2, ATP6V0B, EIF2S2"
Reactome: TGF-beta Receptor Signaling In EMT (Epithelial To Mesenchymal Transition) R-HSA-2173791,0.4530922289197546,0.9375,0.3333333333333333,1.0,0.08361983438485011,0.07767464354725649,16,16,15,False,False,True,"CGN, RHOA, PRKCZ, ARHGEF18, F11R"
KEGG: Biosynthesis of unsaturated fatty acids,0.4529642291528005,0.9565217391304348,0.3333333333333333,0.8518518518518519,0.22372408676449831,0.029019764313514038,27,23,22,False,False,True,"ELOVL4, SCD, ELOVL3, ACOT4, FADS2"
Reactome: Synthesis Of PIPs At Golgi Membrane R-HSA-1660514,0.4526174100524979,0.8823529411764706,0.3333333333333333,1.0,0.14033318303643,0.07373425938292232,17,17,15,False,False,True,"TPTE, PIK3C2G, VAC14, SACM1L, INPP5E"
KEGG: Non-homologous end-joining,0.45236715207601963,0.9166666666666666,0.3333333333333333,0.9230769230769231,0.20419172117323717,0.032003013565835375,13,12,11,False,False,True,"FEN1, RAD50, LIG4, XRCC4, XRCC6"
Reactome: STING Mediated Induction Of Host Immune Responses R-HSA-1834941,0.4517304830341184,1.0,0.3333333333333333,0.8125,0.19761065409610926,0.03500009440781591,16,13,13,False,False,True,"DDX41, NLRC3, TRIM21, XRCC6, IFI16"
Reactome: Mitochondrial tRNA Aminoacylation R-HSA-379726,0.45156687192987044,1.0,0.3333333333333333,0.8571428571428571,0.10751107530978936,0.09079947481575336,21,18,18,False,False,True,"LARS2, CARS2, DTD1, DARS2, IARS2"
Reactome: Cleavage Of Damaged Pyrimidine R-HSA-110329,0.45076557271701645,0.9333333333333333,0.6666666666666666,0.35714285714285715,0.1580444691138614,0.06125958494741146,42,15,14,False,True,True,"NEIL3, NTHL1, TERF2IP, OGG1, UNG"
Reactome: Synthesis Of PIPs At Early Endosome Membrane R-HSA-1660516,0.45050550894153646,0.9375,0.3333333333333333,1.0,0.09377389615922974,0.05458698188178635,16,16,15,False,False,True,"VAC14, INPP5F, INPP4B, MTMR10, PI4K2A"
"Reactome: Base-Excision Repair, AP Site Formation R-HSA-73929",0.45034886049901135,0.9411764705882353,0.6666666666666666,0.38636363636363635,0.1376379652287538,0.04982380607200728,44,17,16,False,True,True,"NEIL3, NTHL1, TERF2IP, OGG1, UNG"
Reactome: RNA Polymerase I Transcription Termination R-HSA-73863,0.45029544770225116,1.0,0.3333333333333333,0.8666666666666667,0.1344697822830957,0.050340789561493605,30,26,26,False,False,True,"POLR1A, TAF1A, TAF1D, POLR2H, POLR2K"
Reactome: Transcription Of HIV Genome R-HSA-167172,0.44977353805747167,0.9692307692307692,0.3333333333333333,0.9420289855072463,0.12096010959896183,0.035488405660525656,69,65,63,False,False,True,"RNMT, TAF7L, CCNT2, TAF9B, POLR2H"
Reactome: Aspirin ADME R-HSA-9749641,0.4485903645498813,0.7948717948717948,0.3333333333333333,0.8863636363636364,0.26273904195550246,0.10390159198271544,44,39,31,False,False,True,"BCHE, SLCO2B1, ACSM2B, ABCC2, CYP2C8"
Reactome: NF-kB Activation Thru FADD/RIP-1 Pathway Mediated By Caspase-8 And -10 R-HSA-933543,0.4485092228773019,1.0,0.3333333333333333,0.9230769230769231,0.0875533885123177,0.046018366899832686,13,12,12,False,False,True,"IFIH1, TRIM4, TRIM25, MAVS, RNF135"
KEGG: alpha-Linolenic acid metabolism,0.4482757617134905,0.9130434782608695,0.3333333333333333,0.92,0.2200057061912843,0.0016629574486317642,25,23,21,False,False,True,"PLA2G3, PLB1, PLA2G2A, FADS2, PLA2G4C"
KEGG: Basal transcription factors,0.4468662803265746,0.9555555555555556,0.3333333333333333,1.0,0.0942271749123327,0.01788200449831837,45,45,43,False,False,True,"TAF7L, TAF9B, GTF2A1L, TAF4B, GTF2E2"
Reactome: E3 Ubiquitin Ligases Ubiquitinate Target Proteins R-HSA-8866654,0.44651635172852544,1.0,0.3333333333333333,0.7678571428571429,0.16693283318304494,0.07308940165005824,56,43,43,False,False,True,"TMEM129, HLTF, RNF152, RNF181, PEX12"
Reactome: Cleavage Of Damaged Purine R-HSA-110331,0.44513984655299277,1.0,0.6666666666666666,0.2702702702702703,0.14370035250948754,0.04596284421943983,37,10,10,False,True,True,"NEIL3, TERF2IP, OGG1, TERF2, TERF1"
Reactome: Mitophagy R-HSA-5205647,0.4437562724353908,1.0,0.3333333333333333,0.9285714285714286,0.08222554516027274,0.023460578921443286,28,26,26,False,False,True,"SQSTM1, VDAC1, CSNK2B, TOMM22, PGAM5"
Reactome: Formation Of Early Elongation Complex R-HSA-113418,0.4430950757875577,0.9393939393939394,0.3333333333333333,1.0,0.08601524109360514,0.023399531783577083,33,33,31,False,False,True,"POLR2H, NCBP2, POLR2K, POLR2G, CTDP1"
Reactome: Abortive Elongation Of HIV-1 Transcript In Absence Of Tat R-HSA-167242,0.4429528102584402,0.9130434782608695,0.3333333333333333,1.0,0.1023921304561009,0.03266177590856368,23,23,21,False,False,True,"POLR2H, NCBP2, POLR2K, POLR2G, CTDP1"
Reactome: Processing Of SMDT1 R-HSA-8949664,0.44269905398171316,1.0,0.3333333333333333,0.8125,0.12417075788967576,0.06328284535222327,16,13,13,False,False,True,"MICU3, PARL, SMDT1, AFG3L2, SPG7"
Reactome: Influenza Infection R-HSA-168255,0.4409728885576139,0.9354838709677419,0.3333333333333333,0.9872611464968153,0.07834694237255119,0.03392110290849841,157,155,145,False,False,True,"RPL39L, ISG15, RPL36A, NUP37, NUP155"
Reactome: Pre-NOTCH Transcription And Translation R-HSA-1912408,0.4406980561430206,1.0,0.3333333333333333,0.532258064516129,0.3136042413703043,0.07402582429103534,62,33,33,False,False,True,"E2F1, ELF3, MAML3, NOTCH4, TNRC6C"
Reactome: Meiotic Recombination R-HSA-912446,0.44056145786765877,1.0,0.3333333333333333,0.44642857142857145,0.3405114656563963,0.11080772844380245,56,25,25,False,False,True,"TEX15, MND1, RPA3, MSH4, POLR1A"
Reactome: mRNA Decay By 3 To 5 Exoribonuclease R-HSA-429958,0.4398440074298804,1.0,0.3333333333333333,0.8125,0.11694414158867343,0.05623422889406163,16,13,13,False,False,True,"EXOSC5, EXOSC6, NT5C3B, EXOSC7, DCPS"
"Reactome: Respiratory Electron Transport, ATP Synthesis By Chemiosmotic Coupling, Heat Production By Uncoupling Proteins R-HSA-163200",0.4389475362264443,0.979381443298969,0.3333333333333333,0.8571428571428571,0.11490430081156407,0.04092812749787885,112,96,95,False,False,True,"SDHB, NDUFB3, UQCRFS1, SCO2, COX8A"
Reactome: Influenza Viral RNA Transcription And Replication R-HSA-168273,0.43868817809784383,0.9407407407407408,0.3333333333333333,0.9854014598540146,0.06874440200045673,0.028237986190844236,137,135,127,False,False,True,"RPL39L, RPL36A, NUP37, NUP155, RPL3L"
Reactome: PINK1-PRKN Mediated Mitophagy R-HSA-5205685,0.43813489920010124,1.0,0.3333333333333333,0.9090909090909091,0.0784149375684056,0.01377470994725208,22,20,20,False,False,True,"SQSTM1, VDAC1, TOMM22, TOMM40, MFN1"
"Reactome: mRNA Activation Upon Binding Of Cap-Binding Complex And eIFs, Subsequent Binding To 43S R-HSA-72662",0.4379739780445339,0.9310344827586207,0.3333333333333333,1.0,0.05293380035433958,0.03923494044304278,58,58,54,False,False,True,"EIF2S2, EIF4EBP1, RPS4Y1, RPS8, EIF4B"
Reactome: RHOBTB2 GTPase Cycle R-HSA-9013418,0.437762161037134,0.9130434782608695,0.3333333333333333,1.0,0.0644892257823671,0.044611434475766584,23,23,21,False,False,True,"MSI2, HSP90AB1, DBN1, ACTN1, PHIP"
Reactome: Formation Of Cornified Envelope R-HSA-6809371,0.43720881013082197,0.7222222222222222,0.3333333333333333,0.972972972972973,0.24418434314175863,0.0732410888937325,74,72,52,False,False,True,"PI3, ST14, KLK12, TGM5, FLG"
Reactome: Formation Of HIV Elongation Complex In Absence Of HIV Tat R-HSA-167152,0.4367476481678197,0.9512195121951219,0.3333333333333333,0.9111111111111111,0.10170940156041035,0.03080932708356636,45,41,39,False,False,True,"CCNT2, POLR2H, NCBP2, SSRP1, POLR2K"
Reactome: Folding Of Actin By CCT/TriC R-HSA-390450,0.4357647578363776,0.9,0.3333333333333333,1.0,0.07857850452264017,0.03357861799258109,10,10,9,False,False,True,"CCT8, CCT5, CCT4, CCT2, CCT6A"
Reactome: Translation Initiation Complex Formation R-HSA-72649,0.4348278238052177,0.9298245614035088,0.3333333333333333,1.0,0.03865022145843318,0.03899766949747988,57,57,53,False,False,True,"EIF2S2, RPS4Y1, RPS8, EIF4B, EIF3C"
Reactome: Senescence-Associated Secretory Phenotype (SASP) R-HSA-2559582,0.43471296692205214,0.9807692307692307,0.3333333333333333,0.6419753086419753,0.25794929312034315,0.036698162572538856,81,52,51,False,False,True,"CDKN2A, VENTX, UBE2C, IGFBP7, ANAPC11"
Reactome: Ribosomal Scanning And Start Codon Recognition R-HSA-72702,0.43466181521778857,0.9298245614035088,0.3333333333333333,1.0,0.03782017852128756,0.03899766949747988,57,57,53,False,False,True,"EIF2S2, RPS4Y1, RPS8, EIF4B, EIF3C"
KEGG: Systemic lupus erythematosus,0.4345002853914012,0.8888888888888888,0.3333333333333333,0.4,0.4212029889859266,0.14574288241552363,135,54,48,False,False,True,"C7, GRIN2A, TNF, C1QB, C1QC"
Reactome: Cap-dependent Translation Initiation R-HSA-72737,0.43346240300217226,0.9310344827586207,0.3333333333333333,1.0,0.04413792253560478,0.02547294304996915,116,116,108,False,False,True,"RPL39L, EIF2S2, EIF4EBP1, RPL36A, RPL3L"
Reactome: HIV Elongation Arrest And Recovery R-HSA-167287,0.43341443032593846,0.9310344827586207,0.3333333333333333,0.8787878787878788,0.11124706620578059,0.04903302690771522,33,29,27,False,False,True,"CCNT2, POLR2H, SSRP1, POLR2K, POLR2G"
Reactome: RAS Processing R-HSA-9648002,0.43270142800490813,0.8947368421052632,0.3333333333333333,1.0,0.0728646415489982,0.029238989703612862,19,19,17,False,False,True,"ABHD17A, BCL2L1, ABHD17B, ABHD17C, NRAS"
KEGG: RNA transport,0.43236891604315075,0.8888888888888888,0.3333333333333333,0.9193548387096774,0.12577327066375868,0.040999624964181455,186,171,152,False,False,True,"PABPC5, PABPC4L, EIF2S2, GEMIN8, UBE2I"
Reactome: Formation Of HIV-1 Elongation Complex Containing HIV-1 Tat R-HSA-167200,0.43231461881137834,0.9487179487179487,0.3333333333333333,0.9069767441860465,0.08699904227417261,0.028956878258569043,43,39,37,False,False,True,"POLR2H, NCBP2, SSRP1, POLR2K, POLR2G"
Reactome: Response Of EIF2AK4 (GCN2) To Amino Acid Deficiency R-HSA-9633012,0.4318829265771427,0.9175257731958762,0.3333333333333333,0.9897959183673469,0.07326762066850381,0.009607633579156718,98,97,89,False,False,True,"EIF2AK4, RPL39L, EIF2S2, TRIB3, RPL36A"
Reactome: Apoptosis Induced DNA Fragmentation R-HSA-140342,0.4317994915948154,1.0,0.3333333333333333,0.5384615384615384,0.23058583510105457,0.10789880236020205,13,7,7,False,False,True,"DFFB, HMGB1, HMGB2, KPNA1, DFFA"
Reactome: SRP-dependent Cotranslational Protein Targeting To Membrane R-HSA-1799339,0.43137180985573736,0.9252336448598131,0.3333333333333333,0.9907407407407407,0.047130953577710175,0.024772228618941686,108,107,99,False,False,True,"RPL39L, SEC61G, RPL36A, RPL3L, RPS4Y1"
Reactome: DNA Damage/Telomere Stress Induced Senescence R-HSA-2559586,0.43134548611177914,1.0,0.3333333333333333,0.4426229508196721,0.2994002391663853,0.10869331161108971,61,27,27,False,False,True,"HMGA2, HMGA1, CCNE2, LMNB1, RAD50"
"Reactome: Formation Of Ternary Complex, And Subsequently, 43S Complex R-HSA-72695",0.4312582877971029,0.92,0.3333333333333333,1.0,0.031368359599988696,0.038256412718859274,50,50,46,False,False,True,"EIF2S2, RPS4Y1, RPS8, EIF3C, EIF3L"
Reactome: RMTs Methylate Histone Arginines R-HSA-3214858,0.4306416085105796,0.9666666666666667,0.3333333333333333,0.6122448979591837,0.16828461995681226,0.14240641579336472,49,30,29,False,False,True,"SMARCD3, ACTL6B, SMARCA2, ARID2, SMARCC1"
Reactome: Mitochondrial Iron-Sulfur Cluster Biogenesis R-HSA-1362409,0.43059519086128806,1.0,0.3333333333333333,0.9230769230769231,0.03429831934540467,0.009703275986676604,13,12,12,False,False,True,"FDX1, SLC25A37, ISCU, ISCA1, NFS1"
Reactome: SARS-CoV-2 Modulates Host Translation Machinery R-HSA-9754678,0.42890513874098724,0.8936170212765957,0.3333333333333333,1.0,0.0474147636225569,0.03682724213911703,47,47,42,False,False,True,"GEMIN8, RPS4Y1, GEMIN7, SNRPD3, SNRPB"
Reactome: L13a-mediated Translational Silencing Of Ceruloplasmin Expression R-HSA-156827,0.42777011864464387,0.9259259259259259,0.3333333333333333,1.0,0.034395671832801546,0.011862328797825335,108,108,100,False,False,True,"RPL39L, EIF2S2, RPL36A, RPL3L, RPS4Y1"
Reactome: GTP Hydrolysis And Joining Of 60S Ribosomal Subunit R-HSA-72706,0.4277138430013128,0.926605504587156,0.3333333333333333,1.0,0.03320754827043775,0.012089495482303592,109,109,101,False,False,True,"RPL39L, EIF2S2, RPL36A, RPL3L, RPS4Y1"
Reactome: Pausing And Recovery Of Tat-mediated HIV Elongation R-HSA-167238,0.4260199210843929,0.9259259259259259,0.3333333333333333,0.8709677419354839,0.0907052631364276,0.043575943241331384,31,27,25,False,False,True,"POLR2H, SSRP1, POLR2K, POLR2G, CTDP1"
Reactome: SARS-CoV-2 Modulates Autophagy R-HSA-9754560,0.4258408644045569,0.9090909090909091,0.3333333333333333,1.0,0.025215669783997,0.02823107648121167,11,11,10,False,False,True,"VPS11, UVRAG, VPS41, VPS45, VPS18"
Reactome: Keratinization R-HSA-6805567,0.425743826388546,0.6616161616161617,0.3333333333333333,0.9519230769230769,0.2369651747101197,0.09952882125747423,208,198,131,False,False,True,"KRT80, PI3, KRT37, KRT78, KRT7"
Reactome: Digestion Of Dietary Carbohydrate R-HSA-189085,0.425733341749241,0.7777777777777778,0.3333333333333333,0.8181818181818182,0.25289860091652966,0.06768729974886736,11,9,7,False,False,True,"CHIA, TREH, MGAM, CHIT1, LCT"
Reactome: Selenoamino Acid Metabolism R-HSA-2408522,0.4247328458009055,0.9230769230769231,0.3333333333333333,0.9122807017543859,0.07806101205736926,0.02164910088777898,114,104,96,False,False,True,"RPL39L, INMT, AIMP2, RPL36A, VSIG2"
Reactome: rRNA Processing In Mitochondrion R-HSA-8868766,0.4245500412220322,1.0,0.3333333333333333,0.7,0.13909521970952662,0.04198831973396783,10,7,7,False,False,True,"NSUN4, TRMT10C, TFB1M, HSD17B10, MRM1"
Reactome: Meiotic Synapsis R-HSA-1221632,0.4242057313999714,1.0,0.3333333333333333,0.55,0.22821917135816291,0.0636428189750274,60,33,33,False,False,True,"SYNE1, UBE2I, HSPA2, LMNB1, PMEPA1"
Reactome: Nonsense Mediated Decay (NMD) Independent Of Exon Junction Complex (EJC) R-HSA-975956,0.4240608731892428,0.9130434782608695,0.3333333333333333,1.0,0.030094892327721976,0.010499328690955797,92,92,84,False,False,True,"RPL39L, GSPT2, RPL36A, RPL3L, RPS4Y1"
Reactome: Formation Of A Pool Of Free 40S Subunits R-HSA-72689,0.42375930309461224,0.9183673469387755,0.3333333333333333,1.0,0.021900173069793433,0.011862328797825335,98,98,90,False,False,True,"RPL39L, RPL36A, RPL3L, RPS4Y1, MRPL13"
Reactome: Eukaryotic Translation Termination R-HSA-72764,0.4236908900563983,0.9111111111111111,0.3333333333333333,1.0,0.03063167718221469,0.010044995321999279,90,90,82,False,False,True,"RPL39L, GSPT2, RPL36A, RPL3L, RPS4Y1"
Reactome: Viral mRNA Translation R-HSA-192823,0.4229815359456509,0.9111111111111111,0.3333333333333333,1.0,0.027084906628477567,0.010044995321999279,90,90,82,False,False,True,"RPL39L, RPL36A, RPL3L, RPS4Y1, XK"
Reactome: Transcriptional Regulation By Small RNAs R-HSA-5578749,0.4214196484282026,1.0,0.3333333333333333,0.5921052631578947,0.18382706473521349,0.06252556337071197,76,45,45,False,False,True,"NUP37, NUP155, TNRC6A, AGO2, NUP85"
Reactome: Selenocysteine Synthesis R-HSA-2408557,0.4213329220270861,0.9101123595505618,0.3333333333333333,0.9888888888888889,0.02840108861401439,0.009817828637521024,90,89,81,False,False,True,"RPL39L, RPL36A, RPL3L, RPS4Y1, EEFSEC"
Reactome: Peptide Chain Elongation R-HSA-156902,0.4200619774942957,0.9069767441860465,0.3333333333333333,1.0,0.017163940568790965,0.009502536049974565,86,86,78,False,False,True,"RPL39L, RPL36A, RPL3L, RPS4Y1, MRPL13"
Reactome: tRNA Aminoacylation R-HSA-379724,0.4186710504895534,1.0,0.3333333333333333,0.5714285714285714,0.14580186503737028,0.10231529217230163,42,24,24,False,False,True,"AIMP2, LARS2, CARS2, EEF1E1, FARSA"
Reactome: Eukaryotic Translation Elongation R-HSA-156842,0.41599903652809206,0.8888888888888888,0.3333333333333333,1.0,0.014726895976565867,0.009712731108338871,90,90,80,False,False,True,"RPL39L, RPL36A, RPL3L, RPS4Y1, MRPL13"
KEGG: Ribosome biogenesis in eukaryotes,0.4146602472742438,0.935064935064935,0.3333333333333333,0.7129629629629629,0.13920654974700922,0.04764086267038557,108,77,72,False,False,True,"LSG1, RRP7A, NXF3, REXO1, POP4"
Reactome: HATs Acetylate Histones R-HSA-3214847,0.4136999848051847,0.9868421052631579,0.3333333333333333,0.7169811320754716,0.12016755236037556,0.0070877506791198475,106,76,75,False,False,True,"ELP3, PAX3, GDNF, RUVBL1, TADA3"
KEGG: Pentose and glucuronate interconversions,0.4131170152530066,0.6896551724137931,0.3333333333333333,0.8529411764705882,0.19533604794063386,0.124221306890998,34,29,20,False,False,True,"DCXR, DHDH, UGT2A3, UGT2B28, UGT2B4"
Reactome: Cytosolic tRNA Aminoacylation R-HSA-379716,0.40759217229014094,1.0,0.3333333333333333,0.25,0.2606742342201131,0.17311996056392492,24,6,6,False,False,True,"AIMP2, EEF1E1, FARSA, PPA1, AIMP1"
KEGG: Ribosome,0.4064225782441434,0.9242424242424242,0.3333333333333333,0.8354430379746836,0.05150849936280409,0.013113022467809526,158,132,122,False,False,True,"MRPS12, MRPS7, RPL36A, MRPL4, RPL3L"
KEGG: Porphyrin and chlorophyll metabolism,0.40591774932945907,0.7894736842105263,0.3333333333333333,0.8837209302325582,0.12333093522027581,0.03732676287540783,43,38,30,False,False,True,"HEPH, CP, HMOX1, BLVRB, UGT2A3"
KEGG: Ascorbate and aldarate metabolism,0.4019717661060765,0.6923076923076923,0.3333333333333333,0.8666666666666667,0.1751956898163566,0.0756887817396671,30,26,18,False,False,True,"MIOX, UGT2A3, UGT2B28, UGT2B4, RGN"
Reactome: RNA Polymerase I Promoter Escape R-HSA-73772,0.39654241919117955,1.0,0.3333333333333333,0.4576271186440678,0.13288008111853422,0.08994500918764621,59,27,27,False,False,True,"POLR1A, TAF1A, TAF1D, POLR2H, POLR2K"
Reactome: Cristae Formation R-HSA-8949613,0.3889303039146193,1.0,0.3333333333333333,0.3793103448275862,0.16878384230452687,0.07471825198121348,29,11,11,False,False,True,"IMMT, CHCHD6, MTX1, CHCHD3, DNAJC11"
Reactome: Protein Methylation R-HSA-8876725,0.38612447447970105,0.9230769230769231,0.3333333333333333,0.7647058823529411,0.007910095212771646,0.009439275677437997,17,13,12,False,False,True,"ETFB, EEF2, CAMKMT, VCP, METTL22"
Reactome: Condensation Of Prophase Chromosomes R-HSA-2299718,0.38485987998188365,1.0,0.3333333333333333,0.27906976744186046,0.2574114582189649,0.04091894944239141,43,12,12,False,False,True,"RAB33B, PLK1, CCNB1, RB1, CDK1"
Reactome: SIRT1 Negatively Regulates rRNA Expression R-HSA-427359,0.3824948706245838,1.0,0.3333333333333333,0.21621621621621623,0.20429003809566607,0.1293554861984242,37,8,8,False,False,True,"TAF1A, TAF1D, SIRT1, TBP, SUV39H1"
Reactome: Inhibition Of DNA Recombination At Telomere R-HSA-9670095,0.3816696106187477,1.0,0.3333333333333333,0.4166666666666667,0.12750869934163447,0.05167268708543743,48,20,20,False,False,True,"POLR2H, POLR2K, TERF2IP, POLR2G, POLR2J"
Reactome: B-WICH Complex Positively Regulates rRNA Expression R-HSA-5250924,0.38043580712242414,0.9629629629629629,0.3333333333333333,0.4576271186440678,0.13362563035022848,0.045703436649212184,59,27,26,False,False,True,"POLR1A, TAF1A, TAF1D, POLR2H, DEK"
Reactome: Olfactory Signaling Pathway R-HSA-381753,0.3756242415856889,0.2677165354330709,0.6666666666666666,0.9501246882793017,0.007903185249711155,0.05657463770285315,401,381,102,False,True,True,"LDB2, EBF1, OR1J2, OR10D3, OR51B2"
KEGG: Aminoacyl-tRNA biosynthesis,0.37283444942795463,1.0,0.3333333333333333,0.36363636363636365,0.11138505737699393,0.06339325036883971,66,24,24,False,False,True,"GATC, LARS2, CARS2, FARSA, SEPSECS"
Reactome: Assembly Of ORC Complex At Origin Of Replication R-HSA-68616,0.3719860474494162,1.0,0.3333333333333333,0.23684210526315788,0.14029488993887215,0.12533710169417414,38,9,9,False,False,True,"SLC25A15, KPNA1, ORC3, ORC5, ORC4"
Reactome: Activated PKN1 Stimulates Transcription Of Androgen Receptor Regulated KLK2 And KLK3 R-HSA-5625886,0.3708416415722298,1.0,0.3333333333333333,0.19444444444444445,0.22106510939050067,0.07064309847064813,36,7,7,False,False,True,"PKN1, AREG, KLKB1, KLK2, KDM4C"
Reactome: Expression And Translocation Of Olfactory Receptors R-HSA-9752946,0.37050108556024214,0.2546916890080429,0.6666666666666666,0.9491094147582697,0.0,0.05264834439113216,393,373,95,False,True,True,"LDB2, EBF1, OR1J2, OR10D3, OR51B2"
Reactome: RNA Polymerase I Promoter Opening R-HSA-73728,0.36881793825871795,1.0,0.3333333333333333,0.09375,0.19378179159222542,0.16332873303469786,32,3,3,False,False,True,"DPEP2, MAPK3, UBTF"
Reactome: Defensins R-HSA-1461973,0.3661089605874086,0.6052631578947368,0.3333333333333333,0.8837209302325582,0.10031091130614393,0.045513369395077115,43,38,23,False,False,True,"TLR1, TLR2, DEFB126, DEFB119, DEFB123"
Reactome: Glucuronidation R-HSA-156588,0.35701379846114323,0.6190476190476191,0.3333333333333333,0.84,0.08449718104195514,0.034857525549475535,25,21,13,False,False,True,"UGT2A3, UGT2B28, UGT2B4, UGDH, UGT1A6"
Reactome: Beta Defensins R-HSA-1461957,0.34190802796993525,0.5161290322580645,0.3333333333333333,0.8857142857142857,0.07485513648562447,0.03760359015360619,35,31,16,False,False,True,"TLR1, TLR2, DEFB126, DEFB119, DEFB123"
Reactome: Packaging Of Telomere Ends R-HSA-171306,0.33502892669725837,1.0,0.3333333333333333,0.18181818181818182,0.07229052438398162,0.04982380607200728,33,6,6,False,False,True,"TERF2IP, TERF2, TERF1, ACD, TINF2"
KEGG: Olfactory transduction,0.3029823107647168,0.30528846153846156,0.3333333333333333,0.9454545454545454,0.029909107993197678,0.05395640853434951,440,416,127,False,False,True,"PRKG1, SLC8A2, CAMK2A, GNG7, OR1J2"
